사고번호,사고일시,요일,시군구,사고내용,사망자수,중상자수,경상자수,부상신고자수,사고유형,법규위반,노면상태,기상상태,도로형태,가해운전자 차종,가해운전자 성별,가해운전자 연령,가해운전자 상해정도,피해운전자 차종,피해운전자 성별,피해운전자 연령,피해운전자 상해정도
2022011500100550,2022년 1월 15일 23시,토요일,충청북도 청주시 상당구 용정동,경상사고,0,0,2,0,차대차 - 측면충돌,안전운전불이행,건조,맑음,교차로 - 교차로안,승용,여,29세,상해없음,승용,남,59세,경상
2022011600100052,2022년 1월 16일 09시,일요일,충청북도 청주시 서원구 현도면,경상사고,0,0,4,0,차대차 - 기타,안전운전불이행,젖음/습기,흐림,교차로 - 교차로부근,승용,남,25세,상해없음,승용,남,24세,경상
2022011600100053,2022년 1월 16일 09시,일요일,충청북도 옥천군 옥천읍,경상사고,0,0,2,0,차대차 - 측면충돌,안전운전불이행,건조,맑음,단일로 - 기타,승용,남,42세,상해없음,승용,남,53세,경상
2022011600100066,2022년 1월 16일 10시,일요일,충청북도 청주시 흥덕구 송절동,경상사고,0,0,1,0,차대차 - 추돌,안전운전불이행,건조,맑음,단일로 - 기타,승용,남,55세,상해없음,승용,남,53세,경상
2022011600100138,2022년 1월 16일 13시,일요일,충청북도 청주시 서원구 개신동,경상사고,0,0,3,0,차대차 - 측면충돌,교차로운행방법위반,건조,맑음,교차로 - 교차로안,승용,남,68세,상해없음,승용,남,41세,경상
2022011600100139,2022년 1월 16일 13시,일요일,충청북도 제천시 강제동,경상사고,0,0,4,0,차대차 - 측면충돌,안전거리미확보,건조,맑음,단일로 - 기타,승용,남,69세,상해없음,승용,남,36세,경상
2022011600100196,2022년 1월 16일 15시,일요일,충청북도 옥천군 동이면,중상사고,0,1,0,0,차대차 - 측면충돌,안전운전불이행,건조,맑음,단일로 - 기타,승용,남,47세,상해없음,승용,남,40세,중상
2022011600100242,2022년 1월 16일 17시,일요일,충청북도 청주시 흥덕구 옥산면,경상사고,0,0,3,0,차대차 - 추돌,안전거리미확보,건조,맑음,단일로 - 기타,승용,남,45세,상해없음,승용,남,28세,경상
2022011600100302,2022년 1월 16일 19시,일요일,충청북도 음성군 대소면,경상사고,0,0,1,0,차대차 - 추돌,안전운전불이행,젖음/습기,눈,교차로 - 교차로부근,승용,남,74세,경상,화물,남,66세,상해없음
2022011600100342,2022년 1월 16일 21시,일요일,충청북도 청주시 청원구 오창읍,경상사고,0,0,1,0,차대차 - 추돌,안전운전불이행,건조,맑음,교차로 - 교차로부근,이륜,남,30세,상해없음,승용,남,63세,경상
2022011600100343,2022년 1월 16일 21시,일요일,충청북도 증평군 증평읍,중상사고,0,1,1,0,차대차 - 추돌,안전운전불이행,건조,맑음,단일로 - 기타,화물,남,46세,상해없음,승용,남,76세,중상
2022011700100027,2022년 1월 17일 06시,월요일,충청북도 음성군 음성읍,중상사고,0,1,0,0,차대차 - 기타,안전운전불이행,건조,맑음,기타 - 기타,화물,남,62세,상해없음,승용,여,52세,중상
2022011700100028,2022년 1월 17일 06시,월요일,충청북도 청주시 흥덕구 봉명동,경상사고,0,0,1,0,차대사람 - 횡단중,보행자보호의무위반,건조,맑음,교차로 - 교차로횡단보도내,승용,남,55세,상해없음,보행자,남,63세,경상
2022011700100069,2022년 1월 17일 08시,월요일,충청북도 진천군 덕산읍,경상사고,0,0,1,0,차대차 - 측면충돌,안전운전불이행,건조,맑음,교차로 - 교차로안,건설기계,남,52세,상해없음,승용,남,48세,경상
2022011700100147,2022년 1월 17일 11시,월요일,충청북도 청주시 서원구 모충동,경상사고,0,0,1,0,차대차 - 측면충돌,안전운전불이행,건조,맑음,교차로 - 교차로안,승용,남,22세,상해없음,이륜,남,54세,경상
2022011700100170,2022년 1월 17일 12시,월요일,충청북도 청주시 상당구 서문동,경상사고,0,0,2,0,차대차 - 측면충돌,중앙선침범,건조,맑음,단일로 - 기타,승용,남,45세,상해없음,승용,남,25세,경상
2022011700100194,2022년 1월 17일 13시,월요일,충청북도 진천군 진천읍,중상사고,0,1,0,0,차대차 - 측면충돌,안전운전불이행,건조,맑음,교차로 - 교차로안,승용,남,60세,상해없음,자전거,남,78세,중상
2022011700100279,2022년 1월 17일 15시,월요일,충청북도 음성군 감곡면,중상사고,0,1,0,0,차대차 - 기타,안전거리미확보,건조,맑음,단일로 - 지하차도(도로)내,승용,남,63세,상해없음,승용,남,27세,중상
2022011700100337,2022년 1월 17일 17시,월요일,충청북도 충주시 연수동,경상사고,0,0,1,0,차대차 - 기타,중앙선침범,건조,맑음,교차로 - 교차로안,개인형이동수단(PM),남,27세,경상,화물,남,49세,상해없음
2022011700100338,2022년 1월 17일 17시,월요일,충청북도 청주시 흥덕구 강서동,경상사고,0,0,1,0,차대차 - 기타,안전운전불이행,젖음/습기,눈,교차로 - 교차로안,승용,남,56세,상해없음,화물,남,32세,경상
2022011700100390,2022년 1월 17일 18시,월요일,충청북도 청주시 흥덕구 봉명동,경상사고,0,0,1,0,차대사람 - 횡단중,보행자보호의무위반,건조,맑음,교차로 - 교차로부근,승용,남,47세,상해없음,보행자,여,74세,경상
2022011700100417,2022년 1월 17일 19시,월요일,충청북도 청주시 흥덕구 문암동,경상사고,0,0,2,0,차대차 - 정면충돌,안전운전불이행,서리/결빙,눈,교차로 - 교차로부근,승용,남,33세,상해없음,승용,남,57세,경상
2022011700100444,2022년 1월 17일 20시,월요일,충청북도 청주시 서원구 개신동,중상사고,0,1,0,0,차대차 - 기타,교차로운행방법위반,서리/결빙,눈,교차로 - 교차로안,승용,남,58세,상해없음,이륜,남,31세,중상
2022011700100445,2022년 1월 17일 20시,월요일,충청북도 청주시 흥덕구 오송읍,경상사고,0,0,1,0,차대차 - 측면충돌,불법유턴,젖음/습기,눈,단일로 - 지하차도(도로)내,승용,남,30세,상해없음,승용,남,36세,경상
2022011700100468,2022년 1월 17일 21시,월요일,충청북도 청주시 서원구 산남동,경상사고,0,0,1,0,차대차 - 측면충돌,중앙선침범,적설,흐림,교차로 - 교차로부근,승용,남,51세,상해없음,승용,남,31세,경상
2022011800100051,2022년 1월 18일 07시,화요일,충청북도 옥천군 옥천읍,경상사고,0,0,1,0,차대사람 - 길가장자리구역통행중,안전운전불이행,건조,맑음,단일로 - 기타,건설기계,남,46세,상해없음,보행자,남,16세,경상
2022011800100052,2022년 1월 18일 07시,화요일,충청북도 청주시 흥덕구 옥산면,중상사고,0,1,2,0,차대차 - 추돌,안전운전불이행,건조,맑음,단일로 - 기타,화물,남,54세,상해없음,건설기계,남,48세,중상
2022011800100093,2022년 1월 18일 08시,화요일,충청북도 제천시 화산동,부상신고사고,0,0,0,1,차대차 - 추돌,안전운전불이행,젖음/습기,맑음,교차로 - 교차로안,승용,여,39세,상해없음,화물,남,51세,상해없음
2022011800100214,2022년 1월 18일 12시,화요일,충청북도 청주시 청원구 오창읍,경상사고,0,0,2,0,차대차 - 기타,교차로운행방법위반,건조,맑음,교차로 - 교차로안,승용,남,60세,상해없음,승용,여,63세,경상
2022011800100215,2022년 1월 18일 12시,화요일,충청북도 청주시 상당구 탑동,경상사고,0,0,1,0,차대차 - 측면충돌,교차로운행방법위반,건조,맑음,교차로 - 교차로안,승용,남,34세,기타불명,승용,여,29세,경상
2022011800100292,2022년 1월 18일 14시,화요일,충청북도 청주시 서원구 사창동,경상사고,0,0,1,0,차대사람 - 기타,안전운전불이행,건조,맑음,기타 - 기타,승용,남,67세,상해없음,보행자,여,23세,경상
2022011800100293,2022년 1월 18일 14시,화요일,충청북도 제천시 화산동,경상사고,0,0,3,0,차대차 - 측면충돌,직진우회전진행방해,건조,맑음,교차로 - 교차로안,승용,여,48세,경상,승용,여,57세,경상
2022011800100294,2022년 1월 18일 14시,화요일,충청북도 청주시 상당구 석교동,중상사고,0,1,0,0,차대사람 - 기타,안전운전불이행,건조,맑음,단일로 - 기타,승합,남,56세,기타불명,보행자,여,61세,중상
2022011800100330,2022년 1월 18일 15시,화요일,충청북도 청주시 청원구 주중동,경상사고,0,0,1,0,차대차 - 기타,안전거리미확보,건조,맑음,기타 - 기타,승용,여,59세,상해없음,승용,여,64세,경상
2022011800100414,2022년 1월 18일 17시,화요일,충청북도 청주시 청원구 내덕동,경상사고,0,0,2,0,차대차 - 측면충돌,교차로운행방법위반,건조,맑음,교차로 - 교차로안,승용,여,44세,상해없음,승용,남,46세,경상
2022011800100415,2022년 1월 18일 17시,화요일,충청북도 제천시 서부동,경상사고,0,0,1,0,차대차 - 기타,안전운전불이행,건조,맑음,교차로 - 교차로안,승합,남,32세,상해없음,자전거,남,51세,경상
2022011800100569,2022년 1월 18일 20시,화요일,충청북도 청주시 청원구 오창읍,경상사고,0,0,2,0,차대차 - 기타,안전운전불이행,건조,맑음,교차로 - 교차로부근,승용,남,40세,상해없음,승용,남,29세,경상
2022011800100605,2022년 1월 18일 21시,화요일,충청북도 충주시 교현동,중상사고,0,1,0,0,차대사람 - 횡단중,보행자보호의무위반,건조,흐림,교차로 - 교차로횡단보도내,승용,남,35세,상해없음,보행자,남,43세,중상
2022011900100086,2022년 1월 19일 08시,수요일,충청북도 청주시 흥덕구 운천동,경상사고,0,0,1,0,차대차 - 기타,안전거리미확보,건조,맑음,교차로 - 교차로부근,승용,여,66세,상해없음,승용,남,52세,상해없음
2022011900100109,2022년 1월 19일 09시,수요일,충청북도 청주시 상당구 월오동,중상사고,0,2,0,0,차대차 - 정면충돌,중앙선침범,건조,맑음,단일로 - 지하차도(도로)내,승용,남,64세,상해없음,화물,남,60세,중상
2022011900100143,2022년 1월 19일 10시,수요일,충청북도 보은군 보은읍,경상사고,0,0,2,0,차대차 - 측면충돌,신호위반,건조,맑음,교차로 - 교차로안,승용,남,32세,상해없음,승용,남,29세,경상
2022011900100178,2022년 1월 19일 11시,수요일,충청북도 음성군 대소면,중상사고,0,1,1,0,차대차 - 측면충돌,교차로운행방법위반,건조,맑음,교차로 - 교차로안,승용,여,61세,경상,특수,남,52세,중상
2022011900100179,2022년 1월 19일 11시,수요일,충청북도 단양군 영춘면,중상사고,0,2,0,0,차대사람 - 기타,안전운전불이행,건조,맑음,기타 - 기타,화물,남,71세,상해없음,보행자,남,71세,중상
2022011900100180,2022년 1월 19일 11시,수요일,충청북도 진천군 진천읍,경상사고,0,0,2,0,차대차 - 추돌,안전운전불이행,건조,맑음,단일로 - 지하차도(도로)내,승용,여,29세,경상,승용,여,49세,경상
2022011900100204,2022년 1월 19일 12시,수요일,충청북도 충주시 중앙탑면,중상사고,0,1,0,0,차대차 - 기타,안전운전불이행,건조,맑음,교차로 - 교차로안,승용,남,26세,상해없음,원동기,남,46세,중상
2022011900100224,2022년 1월 19일 13시,수요일,충청북도 청주시 청원구 내수읍,경상사고,0,0,1,0,차대차 - 기타,교차로운행방법위반,건조,맑음,교차로 - 교차로부근,농기계,남,56세,상해없음,승용,남,25세,경상
2022011900100275,2022년 1월 19일 15시,수요일,충청북도 진천군 진천읍,경상사고,0,0,1,0,차대차 - 추돌,안전운전불이행,젖음/습기,눈,교차로 - 교차로부근,원동기,남,72세,경상,승용,남,71세,상해없음
2022011900100293,2022년 1월 19일 16시,수요일,충청북도 청주시 상당구 영운동,중상사고,0,1,0,0,차대사람 - 횡단중,보행자보호의무위반,건조,맑음,교차로 - 교차로횡단보도내,승합,남,61세,상해없음,보행자,여,66세,중상
2022011900100317,2022년 1월 19일 17시,수요일,충청북도 충주시 연수동,경상사고,0,0,1,0,차대차 - 정면충돌,불법유턴,건조,맑음,교차로 - 교차로부근,승용,여,27세,상해없음,승용,여,46세,경상
2022011900100318,2022년 1월 19일 17시,수요일,충청북도 청주시 흥덕구 가경동,경상사고,0,0,1,0,차대차 - 후진중충돌,안전운전불이행,젖음/습기,흐림,교차로 - 교차로부근,승용,여,55세,기타불명,승용,여,28세,경상
2022011900100319,2022년 1월 19일 17시,수요일,충청북도 청주시 서원구 성화동,경상사고,0,0,1,0,차대차 - 기타,안전거리미확보,젖음/습기,눈,교차로 - 교차로부근,기타불명,기타불명,미분류,기타불명,승용,남,64세,기타불명
2022011900100369,2022년 1월 19일 18시,수요일,충청북도 음성군 원남면,경상사고,0,0,1,0,차대차 - 측면충돌,안전운전불이행,젖음/습기,눈,교차로 - 교차로안,승용,여,67세,기타불명,승용,여,29세,경상
2022011900100370,2022년 1월 19일 18시,수요일,충청북도 음성군 원남면,중상사고,0,1,0,0,차대차 - 측면충돌,안전운전불이행,적설,눈,단일로 - 기타,화물,남,62세,상해없음,자전거,남,72세,중상
2022011900100371,2022년 1월 19일 18시,수요일,충청북도 청주시 흥덕구 비하동,중상사고,0,1,1,0,차대차 - 기타,교차로운행방법위반,건조,맑음,교차로 - 교차로안,승용,남,56세,상해없음,승용,남,33세,중상
2022011900100372,2022년 1월 19일 18시,수요일,충청북도 청주시 흥덕구 옥산면,경상사고,0,0,1,0,차대차 - 기타,안전거리미확보,건조,맑음,단일로 - 기타,승용,여,45세,상해없음,승용,여,46세,경상
2022011900100448,2022년 1월 19일 21시,수요일,충청북도 청주시 상당구 용암동,경상사고,0,0,1,0,차대사람 - 횡단중,보행자보호의무위반,적설,맑음,단일로 - 지하차도(도로)내,승용,남,53세,상해없음,보행자,여,19세,경상
2022011900100473,2022년 1월 19일 22시,수요일,충청북도 청주시 서원구 사창동,경상사고,0,0,2,0,차대차 - 정면충돌,안전운전불이행,서리/결빙,눈,단일로 - 기타,승용,남,23세,상해없음,승용,남,20세,경상
2022012000100013,2022년 1월 20일 03시,목요일,충청북도 옥천군 이원면,중상사고,0,1,0,0,차대차 - 추돌,안전운전불이행,건조,맑음,단일로 - 기타,화물,남,57세,상해없음,특수,남,58세,중상
2022012000100014,2022년 1월 20일 03시,목요일,충청북도 청주시 흥덕구 옥산면,중상사고,0,1,0,0,차대차 - 후진중충돌,기타,건조,맑음,단일로 - 기타,화물,남,53세,상해없음,화물,남,51세,중상
2022012000100069,2022년 1월 20일 08시,목요일,충청북도 청주시 청원구 외남동,경상사고,0,0,2,0,차대차 - 추돌,안전운전불이행,서리/결빙,맑음,단일로 - 기타,승용,여,45세,경상,승용,남,59세,상해없음
2022012000100070,2022년 1월 20일 08시,목요일,충청북도 청주시 서원구 개신동,경상사고,0,0,1,0,차대차 - 추돌,안전운전불이행,서리/결빙,흐림,교차로 - 교차로부근,승용,남,25세,상해없음,승용,여,53세,경상
2022012000100154,2022년 1월 20일 11시,목요일,충청북도 옥천군 청산면,중상사고,0,1,0,0,차대차 - 기타,안전운전불이행,건조,맑음,교차로 - 교차로부근,화물,남,48세,상해없음,이륜,남,61세,중상
2022012000100197,2022년 1월 20일 12시,목요일,충청북도 청주시 청원구 오창읍,경상사고,0,0,1,0,차대차 - 기타,안전운전불이행,건조,맑음,단일로 - 기타,승합,남,41세,상해없음,승용,남,44세,경상
2022012000100222,2022년 1월 20일 13시,목요일,충청북도 청주시 상당구 남일면,경상사고,0,0,1,0,차대차 - 기타,안전운전불이행,건조,맑음,교차로 - 교차로부근,건설기계,남,53세,상해없음,승용,여,59세,경상
2022012000100317,2022년 1월 20일 16시,목요일,충청북도 청주시 서원구 사창동,경상사고,0,0,1,0,차대차 - 기타,안전운전불이행,건조,맑음,기타 - 기타,화물,남,49세,상해없음,이륜,남,25세,경상
2022012000100351,2022년 1월 20일 17시,목요일,충청북도 청주시 서원구 성화동,경상사고,0,0,1,0,차대차 - 기타,신호위반,건조,맑음,교차로 - 교차로안,승용,여,50세,상해없음,승용,남,61세,경상
2022012000100352,2022년 1월 20일 17시,목요일,충청북도 청주시 서원구 모충동,경상사고,0,0,2,0,차대차 - 기타,교차로운행방법위반,건조,맑음,교차로 - 교차로안,승용,여,19세,경상,승용,남,44세,경상
2022012000100402,2022년 1월 20일 18시,목요일,충청북도 청주시 청원구 내수읍,경상사고,0,0,1,0,차대차 - 기타,직진우회전진행방해,건조,맑음,교차로 - 교차로안,승용,남,61세,상해없음,승용,여,54세,경상
2022012000100403,2022년 1월 20일 18시,목요일,충청북도 청주시 서원구 남이면,부상신고사고,0,0,0,1,차대사람 - 길가장자리구역통행중,안전운전불이행,건조,맑음,기타 - 기타,승용,남,31세,상해없음,보행자,남,42세,부상신고
2022012000100455,2022년 1월 20일 19시,목요일,충청북도 영동군 영동읍,경상사고,0,0,1,0,차대차 - 추돌,안전운전불이행,건조,맑음,교차로 - 교차로부근,승용,여,43세,상해없음,승용,남,62세,경상
2022012000100456,2022년 1월 20일 19시,목요일,충청북도 청주시 흥덕구 복대동,경상사고,0,0,1,0,차대차 - 추돌,기타,건조,맑음,단일로 - 기타,승용,여,30세,상해없음,개인형이동수단(PM),여,21세,경상
2022012000100494,2022년 1월 20일 20시,목요일,충청북도 청주시 흥덕구 옥산면,중상사고,0,1,0,0,차대차 - 기타,중앙선침범,건조,맑음,교차로 - 교차로부근,승용,남,41세,상해없음,승용,남,52세,중상
2022012000100525,2022년 1월 20일 21시,목요일,충청북도 충주시 봉방동,중상사고,0,1,0,0,차대차 - 정면충돌,기타,건조,맑음,교차로 - 교차로안,이륜,남,38세,중상,승용,남,71세,상해없음
2022012000100584,2022년 1월 20일 23시,목요일,충청북도 충주시 교현동,경상사고,0,0,1,1,차대차 - 기타,안전운전불이행,건조,맑음,교차로 - 교차로부근,승용,여,50세,부상신고,화물,남,73세,경상
2022012100100046,2022년 1월 21일 06시,금요일,충청북도 충주시 대소원면,경상사고,0,0,1,1,차대차 - 기타,안전운전불이행,건조,맑음,단일로 - 기타,승용,남,23세,부상신고,승용,남,25세,경상
2022012100100104,2022년 1월 21일 08시,금요일,충청북도 청주시 청원구 사천동,중상사고,0,1,0,0,차대사람 - 횡단중,보행자보호의무위반,건조,맑음,단일로 - 기타,승합,여,41세,상해없음,보행자,여,74세,중상
2022012100100105,2022년 1월 21일 08시,금요일,충청북도 청주시 서원구 사창동,중상사고,0,1,0,0,차대사람 - 차도통행중,안전운전불이행,건조,맑음,교차로 - 교차로부근,승용,여,65세,상해없음,보행자,남,63세,중상
2022012100100106,2022년 1월 21일 08시,금요일,충청북도 청주시 청원구 우암동,경상사고,0,0,1,0,차대차 - 기타,신호위반,건조,맑음,교차로 - 교차로안,승용,여,66세,상해없음,자전거,여,31세,경상
2022012100100107,2022년 1월 21일 08시,금요일,충청북도 청주시 서원구 사창동,경상사고,0,0,1,0,차대사람 - 차도통행중,안전운전불이행,건조,맑음,단일로 - 기타,승용,남,67세,상해없음,보행자,여,30세,경상
2022012100100108,2022년 1월 21일 08시,금요일,충청북도 진천군 덕산읍,경상사고,0,0,1,0,차대차 - 측면충돌,중앙선침범,건조,맑음,교차로 - 교차로부근,승용,남,60세,상해없음,특수,남,54세,경상
2022012100100179,2022년 1월 21일 10시,금요일,충청북도 청주시 상당구 용암동,경상사고,0,0,1,0,차대차 - 측면충돌,안전운전불이행,건조,맑음,단일로 - 기타,승용,여,61세,상해없음,승용,여,47세,경상
2022012100100259,2022년 1월 21일 12시,금요일,충청북도 충주시 교현동,경상사고,0,0,1,0,차대사람 - 기타,안전운전불이행,건조,맑음,단일로 - 기타,승합,남,62세,상해없음,보행자,여,68세,경상
2022012100100260,2022년 1월 21일 12시,금요일,충청북도 충주시 금릉동,경상사고,0,0,1,0,차대차 - 측면충돌,안전거리미확보,건조,맑음,단일로 - 기타,승용,남,54세,상해없음,승용,남,59세,경상
2022012100100261,2022년 1월 21일 12시,금요일,충청북도 괴산군 장연면,중상사고,0,1,0,0,차대차 - 정면충돌,중앙선침범,서리/결빙,흐림,단일로 - 기타,승용,남,21세,상해없음,승용,여,57세,중상
2022012100100262,2022년 1월 21일 12시,금요일,충청북도 청주시 흥덕구 비하동,중상사고,0,1,0,0,차대차 - 기타,안전운전불이행,건조,맑음,단일로 - 기타,승용,여,62세,상해없음,이륜,남,42세,중상
2022012100100263,2022년 1월 21일 12시,금요일,충청북도 청주시 상당구 금천동,경상사고,0,0,1,0,차대차 - 측면충돌,안전운전불이행,건조,맑음,교차로 - 교차로부근,승용,남,61세,상해없음,화물,남,56세,경상
2022012100100264,2022년 1월 21일 12시,금요일,충청북도 청주시 상당구 탑동,경상사고,0,0,2,0,차대차 - 측면충돌,안전운전불이행,건조,맑음,교차로 - 교차로안,승용,남,31세,경상,승용,남,64세,상해없음
2022012100100265,2022년 1월 21일 12시,금요일,충청북도 진천군 초평면,사망사고,1,1,4,0,차대차 - 추돌,안전운전불이행,건조,맑음,단일로 - 기타,화물,남,62세,사망,화물,남,66세,경상
2022012100100328,2022년 1월 21일 14시,금요일,충청북도 청주시 흥덕구 가경동,경상사고,0,0,1,0,차대차 - 기타,교차로운행방법위반,건조,맑음,교차로 - 교차로안,이륜,남,33세,경상,승용,여,43세,상해없음
2022012100100366,2022년 1월 21일 15시,금요일,충청북도 제천시 청전동,중상사고,0,1,0,0,차대차 - 기타,직진우회전진행방해,건조,맑음,교차로 - 교차로안,승용,여,43세,상해없음,이륜,남,24세,중상
2022012100100367,2022년 1월 21일 15시,금요일,충청북도 청주시 상당구 탑동,경상사고,0,0,2,0,차대차 - 측면충돌,교차로운행방법위반,건조,맑음,교차로 - 교차로안,이륜,남,18세,경상,승용,남,61세,경상
2022012100100421,2022년 1월 21일 16시,금요일,충청북도 제천시 중앙로2가,중상사고,0,1,0,0,차대사람 - 기타,안전운전불이행,건조,맑음,단일로 - 지하차도(도로)내,승용,여,53세,상해없음,보행자,여,79세,중상
2022012100100467,2022년 1월 21일 17시,금요일,충청북도 청주시 상당구 북문로1가,경상사고,0,0,1,0,차대차 - 측면충돌,안전운전불이행,건조,맑음,교차로 - 교차로안,승용,남,21세,상해없음,이륜,남,32세,경상
2022012100100525,2022년 1월 21일 18시,금요일,충청북도 청주시 청원구 오창읍,경상사고,0,0,2,0,차대차 - 추돌,안전운전불이행,건조,맑음,기타 - 기타,승합,남,68세,상해없음,승용,여,39세,경상
2022012100100526,2022년 1월 21일 18시,금요일,충청북도 청주시 흥덕구 봉명동,경상사고,0,0,1,0,차대사람 - 길가장자리구역통행중,보행자보호의무위반,건조,맑음,교차로 - 교차로부근,승용,남,40세,상해없음,보행자,남,25세,경상
2022012100100581,2022년 1월 21일 19시,금요일,충청북도 청주시 청원구 사천동,경상사고,0,0,2,0,차대차 - 기타,안전운전불이행,기타,맑음,기타 - 기타,화물,남,55세,경상,승용,여,59세,경상
2022012100100582,2022년 1월 21일 19시,금요일,충청북도 진천군 진천읍,경상사고,0,0,1,0,차대차 - 측면충돌,중앙선침범,건조,맑음,단일로 - 지하차도(도로)내,승용,남,58세,상해없음,이륜,남,30세,경상
2022012100100583,2022년 1월 21일 19시,금요일,충청북도 청주시 서원구 모충동,부상신고사고,0,0,0,1,차대차 - 측면충돌,교차로운행방법위반,건조,맑음,교차로 - 교차로안,이륜,남,36세,부상신고,승용,여,23세,상해없음
2022012100100668,2022년 1월 21일 21시,금요일,충청북도 충주시 용산동,경상사고,0,0,2,0,차대차 - 기타,안전운전불이행,건조,흐림,교차로 - 교차로안,승용,남,34세,상해없음,승용,남,58세,상해없음
2022012100100669,2022년 1월 21일 21시,금요일,충청북도 청주시 흥덕구 비하동,경상사고,0,0,3,0,차대차 - 측면충돌,안전운전불이행,건조,맑음,단일로 - 기타,승용,남,28세,상해없음,승합,남,59세,상해없음
2022012100100670,2022년 1월 21일 21시,금요일,충청북도 청주시 흥덕구 오송읍,경상사고,0,0,2,0,차대차 - 추돌,안전운전불이행,건조,맑음,교차로 - 교차로부근,승용,남,56세,기타불명,승합,남,57세,경상
2022012100100671,2022년 1월 21일 21시,금요일,충청북도 청주시 상당구 용암동,중상사고,0,2,0,0,차대차 - 측면충돌,안전운전불이행,건조,맑음,교차로 - 교차로안,승용,여,41세,상해없음,승용,여,31세,중상
2022012100100721,2022년 1월 21일 23시,금요일,충청북도 청주시 흥덕구 봉명동,경상사고,0,0,2,0,차대차 - 추돌,안전거리미확보,건조,맑음,교차로 - 교차로부근,승용,남,56세,상해없음,승용,남,54세,경상
2022012200100036,2022년 1월 22일 06시,토요일,충청북도 충주시 대소원면,중상사고,0,1,0,0,차량단독 - 공작물충돌,안전운전불이행,건조,맑음,단일로 - 기타,화물,남,56세,중상,,,,
2022012200100103,2022년 1월 22일 10시,토요일,충청북도 청주시 청원구 내덕동,경상사고,0,0,2,0,차대차 - 기타,안전운전불이행,건조,맑음,교차로 - 교차로부근,승용,남,41세,상해없음,승용,남,55세,경상
2022012200100104,2022년 1월 22일 10시,토요일,충청북도 청주시 흥덕구 복대동,경상사고,0,0,1,0,차대사람 - 횡단중,신호위반,건조,맑음,교차로 - 교차로횡단보도내,승용,남,40세,상해없음,보행자,여,57세,경상
2022012200100173,2022년 1월 22일 12시,토요일,충청북도 충주시 주덕읍,경상사고,0,0,2,0,차대차 - 기타,안전운전불이행,건조,맑음,단일로 - 교량,승용,남,30세,상해없음,승용,남,62세,경상
2022012200100213,2022년 1월 22일 13시,토요일,충청북도 제천시 장락동,중상사고,0,1,0,0,차대차 - 측면충돌,안전거리미확보,건조,맑음,단일로 - 기타,승용,여,50세,상해없음,원동기,남,18세,중상
2022012200100245,2022년 1월 22일 14시,토요일,충청북도 청주시 청원구 우암동,경상사고,0,0,1,0,차대차 - 기타,차로위반,건조,맑음,교차로 - 교차로부근,승용,남,59세,상해없음,이륜,남,79세,경상
2022012200100246,2022년 1월 22일 14시,토요일,충청북도 청주시 상당구 석교동,경상사고,0,0,2,0,차대차 - 기타,안전운전불이행,건조,맑음,교차로 - 교차로부근,승용,남,24세,상해없음,승용,남,48세,경상
2022012200100275,2022년 1월 22일 15시,토요일,충청북도 제천시 고암동,경상사고,0,0,1,0,차대차 - 후진중충돌,안전운전불이행,건조,맑음,주차장 - 주차장,사륜오토바이(ATV),남,87세,상해없음,화물,남,43세,경상
2022012200100333,2022년 1월 22일 17시,토요일,충청북도 청주시 서원구 사창동,경상사고,0,0,1,0,차대사람 - 길가장자리구역통행중,안전운전불이행,건조,맑음,단일로 - 기타,승용,여,62세,상해없음,보행자,남,58세,경상
2022012200100334,2022년 1월 22일 17시,토요일,충청북도 진천군 진천읍,경상사고,0,0,2,0,차대차 - 측면충돌,안전운전불이행,건조,맑음,교차로 - 교차로부근,승용,남,41세,상해없음,승용,남,23세,경상
2022012200100335,2022년 1월 22일 17시,토요일,충청북도 청주시 흥덕구 서촌동,경상사고,0,0,1,0,차대차 - 측면충돌,교차로운행방법위반,건조,맑음,교차로 - 교차로안,승용,남,52세,상해없음,화물,남,64세,경상
2022012200100358,2022년 1월 22일 18시,토요일,충청북도 청주시 청원구 내수읍,경상사고,0,0,4,0,차대차 - 추돌,안전운전불이행,건조,맑음,교차로 - 교차로부근,승용,여,54세,상해없음,승용,남,43세,경상
2022012200100359,2022년 1월 22일 18시,토요일,충청북도 충주시 교현동,경상사고,0,0,1,0,차대차 - 추돌,안전운전불이행,건조,맑음,교차로 - 교차로부근,승합,남,57세,상해없음,화물,남,56세,경상
2022012200100360,2022년 1월 22일 18시,토요일,충청북도 청주시 흥덕구 강서동,경상사고,0,0,1,0,차대차 - 측면충돌,안전운전불이행,건조,맑음,교차로 - 교차로부근,승용,여,54세,기타불명,승용,남,64세,경상
2022012200100361,2022년 1월 22일 18시,토요일,충청북도 청주시 서원구 수곡동,경상사고,0,0,1,0,차대차 - 정면충돌,중앙선침범,건조,맑음,교차로 - 교차로부근,승용,남,64세,상해없음,승용,남,53세,경상
2022012200100402,2022년 1월 22일 19시,토요일,충청북도 충주시 용산동,경상사고,0,0,1,0,차대사람 - 기타,보행자보호의무위반,건조,맑음,단일로 - 기타,승용,남,60세,상해없음,보행자,남,70세,경상