사고번호,사고일시,요일,시군구,사고내용,사망자수,중상자수,경상자수,부상신고자수,사고유형,법규위반,노면상태,기상상태,도로형태,가해운전자 차종,가해운전자 성별,가해운전자 연령,가해운전자 상해정도,피해운전자 차종,피해운전자 성별,피해운전자 연령,피해운전자 상해정도
2022012200100432,2022년 1월 22일 20시,토요일,충청북도 충주시 연수동,경상사고,0,0,1,0,차대차 - 기타,중앙선침범,건조,맑음,교차로 - 교차로부근,승용,남,27세,상해없음,자전거,남,66세,경상
2022012200100433,2022년 1월 22일 20시,토요일,충청북도 청주시 상당구 문의면,경상사고,0,0,6,0,차대차 - 측면충돌,신호위반,건조,맑음,교차로 - 교차로부근,화물,남,54세,상해없음,승용,남,26세,경상
2022012200100471,2022년 1월 22일 21시,토요일,충청북도 청주시 청원구 주중동,중상사고,0,2,3,0,차대차 - 기타,안전운전불이행,젖음/습기,비,교차로 - 교차로안,승용,남,26세,상해없음,승용,여,52세,중상
2022012200100472,2022년 1월 22일 21시,토요일,충청북도 청주시 흥덕구 가경동,경상사고,0,0,1,0,차대차 - 기타,신호위반,건조,맑음,교차로 - 교차로안,기타불명,기타불명,미분류,기타불명,승용,남,56세,상해없음
2022012200100523,2022년 1월 22일 23시,토요일,충청북도 청주시 청원구 북이면,사망사고,1,0,0,0,차량단독 - 전도전복 - 전복,안전운전불이행,건조,맑음,기타 - 기타,승용,남,27세,사망,,,,
2022012300100052,2022년 1월 23일 10시,일요일,충청북도 청주시 흥덕구 신대동,중상사고,0,1,0,0,차대차 - 추돌,안전운전불이행,건조,맑음,교차로 - 교차로안,자전거,남,64세,상해없음,자전거,남,68세,중상
2022012300100064,2022년 1월 23일 11시,일요일,충청북도 청주시 청원구 사천동,중상사고,0,1,0,0,차대차 - 기타,안전운전불이행,건조,맑음,기타 - 기타,승용,남,50세,상해없음,승용,여,54세,중상
2022012300100065,2022년 1월 23일 11시,일요일,충청북도 청주시 상당구 금천동,경상사고,0,0,1,0,차대차 - 측면충돌,교차로운행방법위반,건조,맑음,교차로 - 교차로안,승용,여,27세,상해없음,승용,여,53세,경상
2022012300100184,2022년 1월 23일 15시,일요일,충청북도 청주시 흥덕구 복대동,경상사고,0,0,1,0,차대차 - 기타,안전거리미확보,건조,맑음,교차로 - 교차로안,승용,여,50세,기타불명,승용,남,69세,경상
2022012300100259,2022년 1월 23일 18시,일요일,충청북도 증평군 증평읍,경상사고,0,0,1,0,차대차 - 정면충돌,신호위반,건조,맑음,교차로 - 교차로안,승용,남,51세,상해없음,승용,남,61세,경상
2022012300100260,2022년 1월 23일 18시,일요일,충청북도 청주시 흥덕구 봉명동,경상사고,0,0,1,0,차대차 - 추돌,안전운전불이행,건조,맑음,단일로 - 기타,화물,남,64세,상해없음,이륜,남,36세,경상
2022012300100399,2022년 1월 23일 22시,일요일,충청북도 청주시 청원구 오창읍,중상사고,0,1,0,0,차대차 - 정면충돌,안전운전불이행,건조,맑음,단일로 - 기타,승용,남,41세,상해없음,자전거,여,53세,중상
2022012300100409,2022년 1월 23일 23시,일요일,충청북도 청주시 흥덕구 가경동,경상사고,0,0,2,0,차대차 - 측면충돌,안전운전불이행,건조,맑음,교차로 - 교차로부근,승용,여,71세,상해없음,이륜,남,22세,경상
2022012400100053,2022년 1월 24일 07시,월요일,충청북도 청주시 흥덕구 복대동,경상사고,0,0,1,0,차대차 - 기타,중앙선침범,건조,맑음,단일로 - 기타,승용,여,43세,상해없음,승용,남,26세,경상
2022012400100083,2022년 1월 24일 08시,월요일,충청북도 청주시 서원구 사창동,경상사고,0,0,1,0,차대차 - 기타,교차로운행방법위반,건조,맑음,교차로 - 교차로부근,승용,남,58세,상해없음,승용,여,57세,경상
2022012400100084,2022년 1월 24일 08시,월요일,충청북도 충주시 대소원면,경상사고,0,0,2,0,차대차 - 측면충돌,직진우회전진행방해,건조,맑음,교차로 - 교차로안,승용,여,32세,경상,승용,여,46세,경상
2022012400100085,2022년 1월 24일 08시,월요일,충청북도 청주시 상당구 낭성면,중상사고,0,1,1,0,차대차 - 측면충돌,신호위반,건조,맑음,단일로 - 지하차도(도로)내,승용,여,39세,경상,승용,남,43세,중상
2022012400100130,2022년 1월 24일 09시,월요일,충청북도 청주시 청원구 오창읍,경상사고,0,0,2,0,차대차 - 정면충돌,안전운전불이행,건조,맑음,단일로 - 기타,화물,남,44세,상해없음,승합,남,67세,상해없음
2022012400100131,2022년 1월 24일 09시,월요일,충청북도 청주시 청원구 오창읍,중상사고,0,1,1,0,차대차 - 추돌,기타,건조,맑음,단일로 - 기타,승용,남,37세,경상,화물,남,57세,중상
2022012400100132,2022년 1월 24일 09시,월요일,충청북도 충주시 금가면,경상사고,0,0,1,0,차대차 - 기타,직진우회전진행방해,건조,맑음,교차로 - 교차로안,승용,여,25세,상해없음,승용,남,75세,경상
2022012400100160,2022년 1월 24일 10시,월요일,충청북도 보은군 보은읍,경상사고,0,0,1,0,차대차 - 측면충돌,안전운전불이행,건조,맑음,단일로 - 기타,화물,남,64세,상해없음,이륜,남,78세,경상
2022012400100161,2022년 1월 24일 10시,월요일,충청북도 청주시 서원구 장암동,경상사고,0,0,1,0,차대사람 - 기타,안전운전불이행,건조,맑음,단일로 - 기타,자전거,남,61세,기타불명,보행자,여,63세,경상
2022012400100192,2022년 1월 24일 11시,월요일,충청북도 청주시 흥덕구 봉명동,경상사고,0,0,1,0,차대차 - 측면충돌,안전거리미확보,건조,맑음,단일로 - 기타,화물,남,73세,상해없음,승용,여,28세,경상
2022012400100193,2022년 1월 24일 11시,월요일,충청북도 단양군 적성면,중상사고,0,1,0,0,차량단독 - 공작물충돌,안전운전불이행,건조,맑음,단일로 - 기타,승용,여,65세,중상,,,,
2022012400100269,2022년 1월 24일 13시,월요일,충청북도 청주시 흥덕구 송절동,경상사고,0,0,1,0,차대차 - 추돌,안전운전불이행,건조,맑음,교차로 - 교차로안,승용,여,42세,상해없음,화물,남,40세,경상
2022012400100320,2022년 1월 24일 15시,월요일,충청북도 청주시 청원구 오창읍,중상사고,0,1,0,0,차대차 - 측면충돌,안전거리미확보,건조,맑음,교차로 - 교차로부근,화물,남,38세,상해없음,이륜,남,33세,중상
2022012400100321,2022년 1월 24일 15시,월요일,충청북도 증평군 증평읍,경상사고,0,0,1,0,차대차 - 추돌,안전거리미확보,건조,맑음,교차로 - 교차로부근,승용,남,57세,상해없음,승용,여,53세,경상
2022012400100322,2022년 1월 24일 15시,월요일,충청북도 청주시 흥덕구 복대동,경상사고,0,0,1,0,차대차 - 기타,안전운전불이행,건조,맑음,기타 - 기타,승합,남,49세,상해없음,승용,여,40세,경상
2022012400100413,2022년 1월 24일 18시,월요일,충청북도 음성군 맹동면,중상사고,0,1,0,0,차대차 - 측면충돌,안전거리미확보,건조,맑음,교차로 - 교차로부근,승용,남,30세,상해없음,이륜,남,29세,중상
2022012400100529,2022년 1월 24일 21시,월요일,충청북도 청주시 청원구 주중동,경상사고,0,0,1,0,차대차 - 기타,안전운전불이행,건조,맑음,교차로 - 교차로안,승합,남,56세,상해없음,승용,남,53세,기타불명
2022012400100530,2022년 1월 24일 21시,월요일,충청북도 청주시 상당구 남주동,경상사고,0,0,1,0,차대차 - 측면충돌,신호위반,건조,맑음,교차로 - 교차로안,승합,남,60세,상해없음,승용,여,34세,경상
2022012500100026,2022년 1월 25일 06시,화요일,충청북도 청주시 청원구 오창읍,중상사고,0,1,0,0,차대사람 - 기타,보행자보호의무위반,젖음/습기,비,교차로 - 교차로횡단보도내,승용,남,69세,상해없음,보행자,남,56세,중상
2022012500100027,2022년 1월 25일 06시,화요일,충청북도 청주시 상당구 금천동,사망사고,1,0,0,0,차대사람 - 횡단중,안전운전불이행,건조,맑음,단일로 - 기타,승용,여,54세,상해없음,보행자,여,74세,사망
2022012500100130,2022년 1월 25일 10시,화요일,충청북도 청주시 청원구 우암동,경상사고,0,0,1,0,차대차 - 기타,안전운전불이행,건조,흐림,기타 - 기타,화물,여,78세,상해없음,승용,여,56세,경상
2022012500100192,2022년 1월 25일 12시,화요일,충청북도 제천시 서부동,경상사고,0,0,2,0,차대사람 - 횡단중,신호위반,젖음/습기,비,교차로 - 교차로부근,승용,남,62세,상해없음,보행자,여,22세,경상
2022012500100193,2022년 1월 25일 12시,화요일,충청북도 청주시 흥덕구 강내면,경상사고,0,0,1,0,차대차 - 기타,교차로운행방법위반,건조,흐림,교차로 - 교차로안,화물,남,65세,상해없음,승용,남,49세,경상
2022012500100223,2022년 1월 25일 13시,화요일,충청북도 영동군 영동읍,중상사고,0,1,1,0,차대차 - 측면충돌,중앙선침범,건조,맑음,교차로 - 교차로부근,승용,남,84세,상해없음,화물,남,59세,경상
2022012500100224,2022년 1월 25일 13시,화요일,충청북도 음성군 금왕읍,경상사고,0,0,1,0,차대사람 - 차도통행중,안전운전불이행,젖음/습기,비,교차로 - 교차로안,승합,남,59세,상해없음,보행자,여,25세,경상
2022012500100225,2022년 1월 25일 13시,화요일,충청북도 단양군 단양읍,경상사고,0,0,1,0,차대차 - 기타,안전운전불이행,젖음/습기,비,교차로 - 교차로부근,승용,남,67세,상해없음,화물,남,60세,상해없음
2022012500100344,2022년 1월 25일 17시,화요일,충청북도 충주시 대소원면,경상사고,0,0,2,0,차대차 - 측면충돌,안전운전불이행,젖음/습기,흐림,교차로 - 교차로부근,화물,남,62세,상해없음,승용,남,55세,경상
2022012500100345,2022년 1월 25일 17시,화요일,충청북도 제천시 중앙로1가,경상사고,0,0,1,0,차대사람 - 기타,안전운전불이행,젖음/습기,비,교차로 - 교차로부근,승용,남,58세,상해없음,보행자,남,62세,경상
2022012500100389,2022년 1월 25일 18시,화요일,충청북도 음성군 음성읍,경상사고,0,0,1,0,차대사람 - 기타,안전운전불이행,건조,맑음,교차로 - 교차로부근,화물,남,64세,상해없음,보행자,남,56세,경상
2022012500100390,2022년 1월 25일 18시,화요일,충청북도 진천군 진천읍,경상사고,0,0,2,0,차대차 - 측면충돌,교차로운행방법위반,건조,맑음,교차로 - 교차로안,승용,여,57세,기타불명,화물,남,68세,경상
2022012500100391,2022년 1월 25일 18시,화요일,충청북도 청주시 상당구 용암동,경상사고,0,0,2,0,차대차 - 후진중충돌,안전운전불이행,건조,흐림,기타 - 기타,승용,남,68세,상해없음,승용,남,27세,경상
2022012500100438,2022년 1월 25일 19시,화요일,충청북도 청주시 상당구 용암동,경상사고,0,0,2,0,차대차 - 기타,교차로운행방법위반,젖음/습기,흐림,교차로 - 교차로안,이륜,남,36세,경상,승용,남,24세,경상
2022012500100503,2022년 1월 25일 21시,화요일,충청북도 진천군 덕산읍,경상사고,0,0,1,0,차대차 - 측면충돌,안전운전불이행,젖음/습기,맑음,교차로 - 교차로부근,승용,남,25세,기타불명,승용,남,62세,경상
2022012500100504,2022년 1월 25일 21시,화요일,충청북도 진천군 광혜원면,경상사고,0,0,1,0,차대사람 - 길가장자리구역통행중,안전운전불이행,건조,맑음,단일로 - 지하차도(도로)내,승용,남,32세,상해없음,보행자,남,26세,경상
2022012500100544,2022년 1월 25일 22시,화요일,충청북도 충주시 대소원면,중상사고,0,1,0,0,차대차 - 기타,안전운전불이행,건조,맑음,단일로 - 기타,승용,여,54세,상해없음,이륜,남,33세,중상
2022012500100545,2022년 1월 25일 22시,화요일,충청북도 청주시 상당구 용암동,중상사고,0,1,0,0,차대차 - 기타,신호위반,젖음/습기,흐림,교차로 - 교차로안,승용,남,60세,상해없음,승용,남,30세,중상
2022012500100563,2022년 1월 25일 23시,화요일,충청북도 제천시 고암동,중상사고,0,1,0,0,차대차 - 정면충돌,신호위반,젖음/습기,흐림,교차로 - 교차로안,승용,남,25세,상해없음,승용,남,56세,중상
2022012600100007,2022년 1월 26일 00시,수요일,충청북도 진천군 진천읍,경상사고,0,0,11,1,차대차 - 측면충돌,교차로운행방법위반,젖음/습기,비,교차로 - 교차로안,승합,남,73세,상해없음,화물,남,38세,상해없음
2022012600100016,2022년 1월 26일 02시,수요일,충청북도 청주시 흥덕구 복대동,경상사고,0,0,1,0,차대차 - 측면충돌,교차로운행방법위반,건조,맑음,교차로 - 교차로안,승용,남,62세,상해없음,승용,여,29세,상해없음
2022012600100019,2022년 1월 26일 04시,수요일,충청북도 청주시 흥덕구 비하동,중상사고,0,1,0,0,차대사람 - 보도통행중,보행자보호의무위반,젖음/습기,비,단일로 - 기타,승용,남,33세,상해없음,보행자,남,64세,중상
2022012600100046,2022년 1월 26일 06시,수요일,충청북도 청주시 흥덕구 비하동,경상사고,0,0,1,0,차대차 - 측면충돌,교차로운행방법위반,건조,맑음,교차로 - 교차로안,화물,남,62세,상해없음,화물,남,53세,경상
2022012600100066,2022년 1월 26일 07시,수요일,충청북도 충주시 목행동,중상사고,0,1,1,0,차대차 - 측면충돌,신호위반,건조,맑음,교차로 - 교차로안,화물,여,60세,경상,승용,남,59세,중상
2022012600100095,2022년 1월 26일 08시,수요일,충청북도 진천군 진천읍,경상사고,0,0,1,0,차대차 - 측면충돌,중앙선침범,건조,맑음,단일로 - 지하차도(도로)내,승용,여,30세,상해없음,승용,여,42세,경상
2022012600100119,2022년 1월 26일 09시,수요일,충청북도 진천군 덕산읍,경상사고,0,0,1,0,차대차 - 측면충돌,안전운전불이행,건조,맑음,교차로 - 교차로안,화물,남,53세,상해없음,화물,남,57세,경상
2022012600100151,2022년 1월 26일 10시,수요일,충청북도 제천시 영천동,경상사고,0,0,1,0,차대차 - 기타,신호위반,건조,맑음,단일로 - 터널,승합,남,53세,상해없음,자전거,남,78세,경상
2022012600100152,2022년 1월 26일 10시,수요일,충청북도 옥천군 옥천읍,중상사고,0,2,0,0,차량단독 - 공작물충돌,안전운전불이행,건조,맑음,단일로 - 기타,승용,남,63세,상해없음,,,,
2022012600100182,2022년 1월 26일 11시,수요일,충청북도 청주시 흥덕구 향정동,경상사고,0,0,1,0,차대차 - 기타,안전운전불이행,건조,맑음,교차로 - 교차로안,화물,남,50세,상해없음,승용,남,26세,경상
2022012600100207,2022년 1월 26일 12시,수요일,충청북도 진천군 진천읍,경상사고,0,0,2,0,차대차 - 추돌,안전운전불이행,건조,맑음,교차로 - 교차로부근,승용,여,57세,상해없음,승용,남,57세,경상
2022012600100338,2022년 1월 26일 16시,수요일,충청북도 청주시 청원구 내덕동,중상사고,0,1,1,0,차대차 - 기타,신호위반,건조,맑음,교차로 - 교차로안,이륜,남,21세,중상,승용,남,58세,경상
2022012600100339,2022년 1월 26일 16시,수요일,충청북도 충주시 연수동,경상사고,0,0,1,0,차대차 - 기타,안전거리미확보,건조,맑음,단일로 - 기타,화물,남,53세,상해없음,승용,여,60세,경상
2022012600100427,2022년 1월 26일 18시,수요일,충청북도 음성군 맹동면,중상사고,0,1,0,0,차대차 - 정면충돌,안전운전불이행,건조,맑음,교차로 - 교차로부근,승용,여,43세,상해없음,이륜,남,50세,중상
2022012600100428,2022년 1월 26일 18시,수요일,충청북도 청주시 상당구 용암동,경상사고,0,0,1,0,차대차 - 추돌,안전운전불이행,건조,맑음,교차로 - 교차로부근,승용,여,39세,상해없음,이륜,남,29세,경상
2022012600100429,2022년 1월 26일 18시,수요일,충청북도 청주시 상당구 용암동,경상사고,0,0,1,0,차대차 - 기타,안전운전불이행,건조,맑음,교차로 - 교차로안,승용,남,61세,상해없음,기타불명,남,63세,경상
2022012600100498,2022년 1월 26일 20시,수요일,충청북도 진천군 초평면,경상사고,0,0,1,0,차대차 - 측면충돌,안전운전불이행,건조,맑음,교차로 - 교차로부근,화물,남,38세,상해없음,승합,남,55세,경상
2022012600100555,2022년 1월 26일 22시,수요일,충청북도 충주시 대소원면,경상사고,0,0,1,0,차량단독 - 전도전복 - 전도,안전운전불이행,건조,맑음,단일로 - 기타,승합,남,54세,경상,,,,
2022012600100556,2022년 1월 26일 22시,수요일,충청북도 청주시 흥덕구 운천동,중상사고,0,1,0,0,차대사람 - 횡단중,신호위반,건조,맑음,교차로 - 교차로안,승용,남,49세,상해없음,보행자,남,59세,중상
2022012700100073,2022년 1월 27일 08시,목요일,충청북도 청주시 상당구 서운동,경상사고,0,0,1,0,차대차 - 측면충돌,교차로운행방법위반,건조,맑음,교차로 - 교차로안,사륜오토바이(ATV),남,79세,경상,승용,남,59세,상해없음
2022012700100105,2022년 1월 27일 09시,목요일,충청북도 청주시 흥덕구 운천동,경상사고,0,0,1,0,차대차 - 측면충돌,안전운전불이행,건조,맑음,교차로 - 교차로안,승용,남,29세,상해없음,승용,남,34세,경상
2022012700100128,2022년 1월 27일 10시,목요일,충청북도 청주시 서원구 사창동,중상사고,0,1,0,0,차대사람 - 기타,안전운전불이행,건조,맑음,단일로 - 기타,승용,여,59세,상해없음,보행자,남,57세,중상
2022012700100129,2022년 1월 27일 10시,목요일,충청북도 충주시 봉방동,경상사고,0,0,1,0,차대차 - 측면충돌,안전거리미확보,건조,맑음,단일로 - 기타,화물,남,53세,상해없음,승용,여,57세,경상
2022012700100130,2022년 1월 27일 10시,목요일,충청북도 청주시 흥덕구 복대동,경상사고,0,0,1,0,차대사람 - 차도통행중,안전운전불이행,건조,맑음,기타 - 기타,화물,여,58세,상해없음,보행자,여,61세,경상
2022012700100164,2022년 1월 27일 11시,목요일,충청북도 청주시 상당구 영운동,경상사고,0,0,2,0,차대차 - 기타,안전운전불이행,건조,맑음,교차로 - 교차로안,이륜,남,16세,경상,승용,남,51세,경상
2022012700100198,2022년 1월 27일 12시,목요일,충청북도 청주시 흥덕구 복대동,경상사고,0,0,1,0,차대차 - 기타,안전운전불이행,건조,맑음,교차로 - 교차로안,승용,남,47세,상해없음,이륜,남,28세,경상
2022012700100299,2022년 1월 27일 15시,목요일,충청북도 청주시 흥덕구 가경동,경상사고,0,0,2,0,차대차 - 측면충돌,직진우회전진행방해,건조,맑음,교차로 - 교차로안,승용,여,38세,경상,승용,남,29세,경상
2022012700100331,2022년 1월 27일 16시,목요일,충청북도 청주시 상당구 남일면,중상사고,0,1,0,0,차대차 - 추돌,안전운전불이행,건조,맑음,교차로 - 교차로부근,화물,남,59세,상해없음,승용,여,50세,중상
2022012700100363,2022년 1월 27일 17시,목요일,충청북도 청주시 청원구 내덕동,경상사고,0,0,2,0,차대차 - 측면충돌,안전거리미확보,건조,맑음,교차로 - 교차로부근,승용,남,67세,기타불명,승용,남,63세,경상
2022012700100447,2022년 1월 27일 19시,목요일,충청북도 제천시 강제동,경상사고,0,0,1,0,차대사람 - 차도통행중,안전운전불이행,건조,맑음,단일로 - 기타,승용,남,36세,상해없음,보행자,여,60세,경상
2022012700100480,2022년 1월 27일 20시,목요일,충청북도 충주시 봉방동,경상사고,0,0,1,0,차대차 - 후진중충돌,안전운전불이행,건조,맑음,교차로 - 교차로부근,승용,남,66세,상해없음,화물,남,48세,경상
2022012700100551,2022년 1월 27일 23시,목요일,충청북도 청주시 흥덕구 오송읍,부상신고사고,0,0,0,1,차대차 - 측면충돌,안전운전불이행,건조,맑음,단일로 - 기타,승용,남,39세,부상신고,특수,남,44세,상해없음
2022012800100062,2022년 1월 28일 08시,금요일,충청북도 음성군 금왕읍,경상사고,0,0,1,0,차대차 - 추돌,안전운전불이행,건조,맑음,교차로 - 교차로부근,승용,남,33세,상해없음,승용,여,36세,경상
2022012800100092,2022년 1월 28일 09시,금요일,충청북도 증평군 증평읍,중상사고,0,1,0,0,차대사람 - 차도통행중,안전운전불이행,건조,맑음,단일로 - 기타,승용,남,77세,상해없음,보행자,여,74세,중상
2022012800100160,2022년 1월 28일 11시,금요일,충청북도 영동군 영동읍,경상사고,0,0,1,0,차대사람 - 기타,안전운전불이행,건조,맑음,단일로 - 기타,승용,여,65세,상해없음,보행자,여,78세,경상
2022012800100161,2022년 1월 28일 11시,금요일,충청북도 청주시 흥덕구 운천동,경상사고,0,0,1,0,차대차 - 기타,교차로운행방법위반,건조,맑음,교차로 - 교차로부근,건설기계,남,42세,기타불명,승용,남,41세,경상
2022012800100199,2022년 1월 28일 12시,금요일,충청북도 진천군 광혜원면,중상사고,0,1,0,0,차대차 - 정면충돌,신호위반,건조,맑음,교차로 - 교차로안,승용,여,50세,상해없음,승용,남,25세,중상
2022012800100279,2022년 1월 28일 14시,금요일,충청북도 청주시 흥덕구 복대동,경상사고,0,0,2,0,차대차 - 추돌,안전운전불이행,건조,맑음,교차로 - 교차로부근,승용,여,39세,상해없음,승용,남,37세,경상
2022012800100280,2022년 1월 28일 14시,금요일,충청북도 청주시 서원구 산남동,경상사고,0,0,2,0,차대차 - 측면충돌,안전운전불이행,건조,맑음,교차로 - 교차로안,승용,여,33세,상해없음,승용,남,65세,경상
2022012800100321,2022년 1월 28일 15시,금요일,충청북도 제천시 명동,경상사고,0,0,1,0,차대차 - 측면충돌,교차로운행방법위반,건조,맑음,교차로 - 교차로안,승용,남,63세,상해없음,승용,여,50세,경상
2022012800100322,2022년 1월 28일 15시,금요일,충청북도 제천시 금성면,경상사고,0,0,1,0,차대사람 - 기타,안전운전불이행,건조,맑음,단일로 - 기타,승용,여,26세,상해없음,보행자,여,83세,경상
2022012800100323,2022년 1월 28일 15시,금요일,충청북도 괴산군 괴산읍,경상사고,0,0,1,1,차대차 - 측면충돌,신호위반,건조,맑음,교차로 - 교차로안,승용,남,53세,부상신고,승용,남,37세,경상
2022012800100324,2022년 1월 28일 15시,금요일,충청북도 청주시 흥덕구 복대동,중상사고,0,1,0,0,차대사람 - 기타,안전운전불이행,건조,맑음,단일로 - 기타,승용,남,71세,상해없음,보행자,여,60세,중상
2022012800100325,2022년 1월 28일 15시,금요일,충청북도 청주시 서원구 미평동,경상사고,0,0,1,0,차대차 - 추돌,안전운전불이행,건조,맑음,교차로 - 교차로부근,승용,남,43세,기타불명,승용,남,41세,경상
2022012800100363,2022년 1월 28일 16시,금요일,충청북도 청주시 청원구 내덕동,중상사고,0,1,0,0,차대차 - 기타,안전운전불이행,건조,맑음,교차로 - 교차로안,승용,남,69세,상해없음,이륜,남,17세,중상
2022012800100405,2022년 1월 28일 17시,금요일,충청북도 증평군 증평읍,사망사고,1,0,0,0,차대차 - 측면충돌,안전운전불이행,건조,맑음,교차로 - 교차로부근,화물,남,24세,기타불명,이륜,여,52세,사망
2022012800100463,2022년 1월 28일 18시,금요일,충청북도 음성군 대소면,중상사고,0,1,0,0,차대차 - 측면충돌,안전운전불이행,건조,맑음,단일로 - 기타,승용,남,60세,상해없음,승용,여,35세,중상
2022012800100519,2022년 1월 28일 19시,금요일,충청북도 충주시 중앙탑면,경상사고,0,0,2,0,차대차 - 추돌,안전운전불이행,건조,맑음,교차로 - 교차로부근,승용,여,44세,경상,승용,여,28세,경상
2022012800100520,2022년 1월 28일 19시,금요일,충청북도 제천시 왕암동,중상사고,0,1,3,0,차대차 - 정면충돌,직진우회전진행방해,건조,맑음,교차로 - 교차로안,화물,남,64세,경상,승용,남,65세,경상
2022012800100521,2022년 1월 28일 19시,금요일,충청북도 음성군 원남면,중상사고,0,1,1,0,차대차 - 측면충돌,신호위반,건조,맑음,교차로 - 교차로부근,승용,여,61세,상해없음,승용,여,62세,중상
2022012800100522,2022년 1월 28일 19시,금요일,충청북도 청주시 서원구 모충동,경상사고,0,0,1,0,차대차 - 측면충돌,신호위반,건조,맑음,교차로 - 교차로안,승용,남,46세,상해없음,승용,남,24세,경상
2022012800100552,2022년 1월 28일 20시,금요일,충청북도 청주시 서원구 모충동,경상사고,0,0,2,0,차대차 - 측면충돌,신호위반,건조,맑음,교차로 - 교차로안,이륜,남,67세,상해없음,승용,남,64세,경상
2022012800100590,2022년 1월 28일 21시,금요일,충청북도 음성군 맹동면,경상사고,0,0,4,0,차대차 - 추돌,안전운전불이행,건조,맑음,교차로 - 교차로부근,승용,남,35세,상해없음,승용,여,44세,경상
2022012800100591,2022년 1월 28일 21시,금요일,충청북도 음성군 맹동면,경상사고,0,0,1,0,차대차 - 측면충돌,중앙선침범,건조,맑음,교차로 - 교차로부근,승용,남,25세,상해없음,이륜,남,20세,경상
2022012800100592,2022년 1월 28일 21시,금요일,충청북도 청주시 서원구 성화동,경상사고,0,0,4,0,차량단독 - 공작물충돌,안전거리미확보,건조,맑음,교차로 - 교차로안,승용,남,21세,경상,,,,
2022012800100627,2022년 1월 28일 22시,금요일,충청북도 제천시 고암동,경상사고,0,0,2,0,차대차 - 측면충돌,안전운전불이행,건조,맑음,교차로 - 교차로안,승용,남,50세,상해없음,승용,남,39세,경상
2022012800100628,2022년 1월 28일 22시,금요일,충청북도 청주시 상당구 용암동,경상사고,0,0,2,0,차대차 - 측면충돌,안전운전불이행,건조,흐림,단일로 - 기타,승합,남,58세,상해없음,승용,남,58세,경상
2022012900100044,2022년 1월 29일 07시,토요일,충청북도 음성군 음성읍,중상사고,0,1,0,0,차대차 - 추돌,안전운전불이행,건조,흐림,교차로 - 교차로안,승용,남,37세,상해없음,자전거,남,33세,중상
2022012900100065,2022년 1월 29일 09시,토요일,충청북도 청주시 청원구 사천동,경상사고,0,0,1,0,차대차 - 기타,교차로운행방법위반,건조,맑음,교차로 - 교차로안,화물,남,66세,상해없음,이륜,남,59세,경상
2022012900100088,2022년 1월 29일 10시,토요일,충청북도 청주시 흥덕구 비하동,경상사고,0,0,1,0,차대차 - 측면충돌,안전운전불이행,건조,맑음,교차로 - 교차로안,승용,남,41세,상해없음,승용,남,65세,경상
2022012900100182,2022년 1월 29일 13시,토요일,충청북도 제천시 청풍면,중상사고,0,2,1,0,차대차 - 정면충돌,기타,건조,맑음,교차로 - 교차로안,승용,여,31세,중상,승용,남,28세,경상
2022012900100209,2022년 1월 29일 14시,토요일,충청북도 음성군 금왕읍,중상사고,0,1,0,0,차대차 - 측면충돌,안전운전불이행,건조,맑음,교차로 - 교차로부근,화물,남,47세,상해없음,이륜,여,60세,중상
2022012900100210,2022년 1월 29일 14시,토요일,충청북도 진천군 진천읍,경상사고,0,0,3,0,차대차 - 추돌,안전운전불이행,건조,맑음,단일로 - 지하차도(도로)내,화물,남,67세,상해없음,승용,남,40세,경상
2022012900100237,2022년 1월 29일 15시,토요일,충청북도 청주시 서원구 성화동,경상사고,0,0,2,0,차대차 - 기타,불법유턴,건조,맑음,교차로 - 교차로횡단보도내,자전거,남,83세,경상,승용,여,69세,경상
2022012900100273,2022년 1월 29일 16시,토요일,충청북도 진천군 이월면,사망사고,1,0,0,0,차량단독 - 전도전복 - 전도,안전운전불이행,건조,맑음,단일로 - 기타,농기계,남,30세,사망,,,,
2022012900100274,2022년 1월 29일 16시,토요일,충청북도 청주시 흥덕구 가경동,경상사고,0,0,1,1,차대차 - 측면충돌,안전운전불이행,건조,맑음,단일로 - 기타,승용,여,65세,부상신고,승용,남,60세,경상
2022012900100309,2022년 1월 29일 17시,토요일,충청북도 음성군 대소면,중상사고,0,4,3,0,차량단독 - 공작물충돌,안전운전불이행,건조,맑음,단일로 - 기타,승합,남,58세,상해없음,,,,
2022012900100310,2022년 1월 29일 17시,토요일,충청북도 청주시 상당구 금천동,경상사고,0,0,2,0,차대차 - 측면충돌,안전운전불이행,건조,맑음,교차로 - 교차로안,승용,여,61세,상해없음,승용,여,27세,경상
2022012900100334,2022년 1월 29일 18시,토요일,충청북도 청주시 청원구 율량동,경상사고,0,0,1,0,차대사람 - 횡단중,보행자보호의무위반,건조,맑음,교차로 - 교차로부근,승용,남,48세,상해없음,보행자,남,52세,경상