사고번호,사고일시,요일,시군구,사고내용,사망자수,중상자수,경상자수,부상신고자수,사고유형,법규위반,노면상태,기상상태,도로형태,가해운전자 차종,가해운전자 성별,가해운전자 연령,가해운전자 상해정도,피해운전자 차종,피해운전자 성별,피해운전자 연령,피해운전자 상해정도
2022012900100363,2022년 1월 29일 19시,토요일,충청북도 괴산군 괴산읍,중상사고,0,1,1,0,차대차 - 측면충돌,신호위반,건조,맑음,교차로 - 교차로안,승용,남,70세,경상,화물,여,67세,중상
2022012900100393,2022년 1월 29일 20시,토요일,충청북도 청주시 서원구 사직동,경상사고,0,0,1,0,차대차 - 기타,안전운전불이행,건조,맑음,단일로 - 기타,승용,남,58세,상해없음,이륜,남,40세,경상
2022012900100426,2022년 1월 29일 21시,토요일,충청북도 충주시 연수동,경상사고,0,0,3,0,차대차 - 기타,불법유턴,건조,맑음,단일로 - 기타,승용,남,39세,상해없음,승용,여,36세,경상
2022012900100427,2022년 1월 29일 21시,토요일,충청북도 청주시 흥덕구 복대동,경상사고,0,0,1,0,차대차 - 측면충돌,안전운전불이행,건조,맑음,교차로 - 교차로부근,승용,여,41세,상해없음,승용,여,42세,경상
2022012900100449,2022년 1월 29일 22시,토요일,충청북도 보은군 보은읍,경상사고,0,0,1,0,차대사람 - 기타,안전운전불이행,건조,맑음,단일로 - 기타,승용,남,76세,상해없음,보행자,남,30세,경상
2022012900100468,2022년 1월 29일 23시,토요일,충청북도 청주시 흥덕구 신봉동,경상사고,0,0,2,0,차대차 - 측면충돌,안전거리미확보,건조,맑음,단일로 - 기타,승용,남,61세,상해없음,승용,남,23세,경상
2022013000100015,2022년 1월 30일 01시,일요일,충청북도 청주시 상당구 금천동,중상사고,0,1,0,0,차대사람 - 길가장자리구역통행중,안전운전불이행,건조,맑음,교차로 - 교차로부근,자전거,남,17세,기타불명,보행자,남,39세,중상
2022013000100040,2022년 1월 30일 09시,일요일,충청북도 청주시 흥덕구 봉명동,중상사고,0,1,3,0,차대차 - 측면충돌,직진우회전진행방해,건조,맑음,교차로 - 교차로안,승용,남,26세,경상,승용,여,30세,중상
2022013000100096,2022년 1월 30일 12시,일요일,충청북도 제천시 봉양읍,경상사고,0,0,1,0,차대차 - 기타,교차로운행방법위반,건조,맑음,교차로 - 교차로안,승용,남,58세,상해없음,화물,남,39세,경상
2022013000100097,2022년 1월 30일 12시,일요일,충청북도 음성군 대소면,중상사고,0,1,0,0,차량단독 - 공작물충돌,안전운전불이행,건조,맑음,단일로 - 기타,승합,남,54세,중상,,,,
2022013000100121,2022년 1월 30일 13시,일요일,충청북도 충주시 연수동,경상사고,0,0,2,0,차대차 - 기타,안전운전불이행,건조,맑음,교차로 - 교차로부근,승용,남,69세,상해없음,승용,남,26세,경상
2022013000100147,2022년 1월 30일 14시,일요일,충청북도 청주시 흥덕구 봉명동,경상사고,0,0,4,0,차대차 - 추돌,안전거리미확보,건조,맑음,교차로 - 교차로부근,이륜,남,43세,경상,승용,여,35세,경상
2022013000100179,2022년 1월 30일 15시,일요일,충청북도 청주시 흥덕구 석곡동,경상사고,0,0,1,1,차대차 - 추돌,안전운전불이행,건조,맑음,단일로 - 기타,승용,남,45세,상해없음,승용,여,36세,경상
2022013000100232,2022년 1월 30일 17시,일요일,충청북도 청주시 청원구 주중동,경상사고,0,0,1,0,차대차 - 기타,안전운전불이행,건조,맑음,기타 - 기타,승용,여,30세,상해없음,승용,남,36세,경상
2022013000100233,2022년 1월 30일 17시,일요일,충청북도 청주시 흥덕구 복대동,경상사고,0,0,1,0,차대차 - 추돌,안전운전불이행,건조,맑음,교차로 - 교차로부근,승용,남,69세,상해없음,승용,여,34세,경상
2022013000100234,2022년 1월 30일 17시,일요일,충청북도 음성군 삼성면,중상사고,0,1,0,3,차대차 - 추돌,안전운전불이행,건조,맑음,단일로 - 기타,승용,남,33세,상해없음,승용,남,45세,부상신고
2022013000100285,2022년 1월 30일 19시,일요일,충청북도 청주시 청원구 오창읍,중상사고,0,1,0,0,차대차 - 기타,중앙선침범,건조,맑음,기타 - 기타,승용,남,59세,상해없음,이륜,남,26세,중상
2022013000100306,2022년 1월 30일 20시,일요일,충청북도 청주시 서원구 사직동,중상사고,0,1,0,0,차대차 - 측면충돌,신호위반,건조,맑음,단일로 - 기타,승용,남,30세,상해없음,이륜,남,30세,중상
2022013000100342,2022년 1월 30일 21시,일요일,충청북도 충주시 신니면,중상사고,0,1,0,0,차량단독 - 공작물충돌,안전운전불이행,건조,흐림,단일로 - 지하차도(도로)내,승용,여,45세,중상,,,,
2022013000100369,2022년 1월 30일 23시,일요일,충청북도 청주시 청원구 오동동,중상사고,0,1,0,0,차대사람 - 기타,안전운전불이행,건조,맑음,단일로 - 기타,승용,여,23세,상해없음,보행자,남,55세,중상
2022013100100041,2022년 1월 31일 09시,월요일,충청북도 음성군 감곡면,경상사고,0,0,2,0,차대차 - 측면충돌,기타,건조,맑음,교차로 - 교차로안,승용,여,31세,경상,승합,남,55세,경상
2022013100100056,2022년 1월 31일 10시,월요일,충청북도 청주시 흥덕구 화계동,경상사고,0,0,2,0,차대차 - 추돌,안전운전불이행,건조,맑음,교차로 - 교차로부근,승용,여,47세,상해없음,승용,남,43세,경상
2022013100100070,2022년 1월 31일 11시,월요일,충청북도 충주시 호암동,경상사고,0,0,1,0,차대차 - 기타,신호위반,건조,맑음,교차로 - 교차로안,승용,남,44세,상해없음,승용,남,28세,경상
2022013100100102,2022년 1월 31일 13시,월요일,충청북도 충주시 문화동,경상사고,0,0,2,0,차대차 - 기타,안전운전불이행,건조,맑음,단일로 - 기타,승용,남,62세,상해없음,승용,여,55세,경상
2022013100100156,2022년 1월 31일 15시,월요일,충청북도 청주시 청원구 우암동,경상사고,0,0,4,0,차대차 - 기타,안전운전불이행,건조,맑음,기타 - 기타,승용,남,54세,상해없음,승용,남,36세,경상
2022013100100157,2022년 1월 31일 15시,월요일,충청북도 단양군 단양읍,경상사고,0,0,4,0,차대차 - 정면충돌,중앙선침범,건조,맑음,기타 - 기타,승용,여,61세,상해없음,승용,남,30세,경상
2022013100100182,2022년 1월 31일 16시,월요일,충청북도 청주시 청원구 율량동,경상사고,0,0,1,0,차대차 - 측면충돌,교차로운행방법위반,건조,맑음,교차로 - 교차로안,승용,남,59세,상해없음,승용,남,56세,경상
2022013100100183,2022년 1월 31일 16시,월요일,충청북도 청주시 서원구 수곡동,경상사고,0,0,1,0,차대차 - 측면충돌,교차로운행방법위반,건조,맑음,교차로 - 교차로안,자전거,남,17세,경상,화물,남,55세,상해없음
2022013100100206,2022년 1월 31일 17시,월요일,충청북도 청주시 흥덕구 옥산면,경상사고,0,0,2,0,차대차 - 측면충돌,중앙선침범,건조,맑음,단일로 - 고가도로위,승용,여,38세,상해없음,승용,여,36세,경상
2022013100100220,2022년 1월 31일 18시,월요일,충청북도 청주시 서원구 죽림동,경상사고,0,0,1,0,차대차 - 기타,신호위반,건조,맑음,교차로 - 교차로부근,승용,여,61세,상해없음,이륜,남,51세,경상
2022013100100250,2022년 1월 31일 19시,월요일,충청북도 청주시 흥덕구 복대동,경상사고,0,0,2,0,차대차 - 측면충돌,안전운전불이행,건조,맑음,교차로 - 교차로안,승용,남,23세,상해없음,승용,여,30세,경상
2022013100100299,2022년 1월 31일 21시,월요일,충청북도 옥천군 이원면,중상사고,0,1,0,0,차량단독 - 공작물충돌,안전운전불이행,건조,맑음,단일로 - 기타,승용,남,40세,중상,,,,
2022013100100300,2022년 1월 31일 21시,월요일,충청북도 청주시 흥덕구 비하동,경상사고,0,0,1,0,차대차 - 추돌,안전운전불이행,건조,맑음,기타 - 기타,승용,여,54세,상해없음,승용,남,29세,경상
2022020100100025,2022년 2월 1일 08시,화요일,충청북도 충주시 대소원면,중상사고,0,1,0,0,차량단독 - 도로외이탈 - 기타,안전운전불이행,건조,맑음,단일로 - 기타,승용,남,67세,상해없음,,,,
2022020100100032,2022년 2월 1일 09시,화요일,충청북도 음성군 원남면,중상사고,0,1,2,0,차대차 - 측면충돌,안전운전불이행,적설,눈,단일로 - 기타,승용,남,53세,경상,승용,남,64세,경상
2022020100100079,2022년 2월 1일 12시,화요일,충청북도 청주시 서원구 수곡동,중상사고,0,1,0,0,차대차 - 기타,안전운전불이행,건조,맑음,교차로 - 교차로안,승용,남,42세,상해없음,이륜,남,27세,중상
2022020100100108,2022년 2월 1일 14시,화요일,충청북도 청주시 청원구 내덕동,중상사고,0,1,0,0,차대차 - 정면충돌,안전운전불이행,적설,눈,교차로 - 교차로안,이륜,남,52세,중상,승용,남,61세,상해없음
2022020100100109,2022년 2월 1일 14시,화요일,충청북도 청주시 흥덕구 송정동,중상사고,0,1,1,0,차대차 - 측면충돌,신호위반,건조,맑음,교차로 - 교차로안,이륜,남,33세,중상,승용,남,33세,경상
2022020100100129,2022년 2월 1일 15시,화요일,충청북도 옥천군 옥천읍,경상사고,0,0,5,0,차대차 - 추돌,안전운전불이행,건조,맑음,교차로 - 교차로부근,승용,남,51세,상해없음,승용,여,34세,경상
2022020100100161,2022년 2월 1일 17시,화요일,충청북도 청주시 흥덕구 외북동,경상사고,0,0,1,0,차대차 - 추돌,안전운전불이행,건조,맑음,교차로 - 교차로부근,승용,여,50세,상해없음,승용,남,26세,경상
2022020100100175,2022년 2월 1일 18시,화요일,충청북도 영동군 매곡면,경상사고,0,0,2,0,차대차 - 추돌,안전운전불이행,건조,맑음,단일로 - 기타,화물,남,72세,상해없음,승용,남,54세,경상
2022020100100176,2022년 2월 1일 18시,화요일,충청북도 청주시 흥덕구 복대동,경상사고,0,0,2,0,차대차 - 측면충돌,교차로운행방법위반,건조,맑음,교차로 - 교차로안,이륜,남,17세,상해없음,승용,남,42세,경상
2022020100100190,2022년 2월 1일 19시,화요일,충청북도 음성군 금왕읍,부상신고사고,0,0,0,1,차대사람 - 기타,안전운전불이행,서리/결빙,맑음,교차로 - 교차로부근,승용,남,24세,상해없음,보행자,여,27세,부상신고
2022020200100048,2022년 2월 2일 10시,수요일,충청북도 청주시 서원구 산남동,경상사고,0,0,1,0,차대차 - 기타,안전운전불이행,건조,맑음,단일로 - 기타,승용,남,57세,상해없음,승용,남,52세,경상
2022020200100091,2022년 2월 2일 13시,수요일,충청북도 청주시 청원구 오창읍,중상사고,0,1,0,0,차대차 - 측면충돌,안전운전불이행,건조,맑음,기타 - 기타,승용,남,38세,상해없음,이륜,남,42세,중상
2022020200100092,2022년 2월 2일 13시,수요일,충청북도 청주시 서원구 산남동,중상사고,0,1,4,0,차대차 - 측면충돌,안전운전불이행,건조,맑음,단일로 - 지하차도(도로)내,승용,남,77세,상해없음,승용,남,57세,상해없음
2022020200100143,2022년 2월 2일 15시,수요일,충청북도 충주시 칠금동,경상사고,0,0,1,0,차대차 - 측면충돌,기타,건조,맑음,단일로 - 지하차도(도로)내,화물,남,64세,상해없음,승용,여,57세,경상
2022020200100144,2022년 2월 2일 15시,수요일,충청북도 제천시 화산동,중상사고,0,1,0,0,차대사람 - 횡단중,보행자보호의무위반,건조,맑음,교차로 - 교차로횡단보도내,승용,여,42세,상해없음,보행자,여,70세,중상
2022020200100145,2022년 2월 2일 15시,수요일,충청북도 청주시 흥덕구 석소동,경상사고,0,0,2,0,차대차 - 추돌,안전운전불이행,건조,맑음,단일로 - 기타,승용,남,21세,상해없음,승용,남,52세,경상
2022020200100185,2022년 2월 2일 17시,수요일,충청북도 충주시 칠금동,경상사고,0,0,2,0,차대차 - 기타,직진우회전진행방해,건조,맑음,교차로 - 교차로안,승용,남,57세,상해없음,화물,남,59세,경상
2022020200100214,2022년 2월 2일 18시,수요일,충청북도 음성군 대소면,경상사고,0,0,1,0,차대차 - 추돌,안전운전불이행,건조,맑음,교차로 - 교차로부근,승용,남,27세,기타불명,승용,여,56세,경상
2022020300100028,2022년 2월 3일 07시,목요일,충청북도 청주시 청원구 오창읍,경상사고,0,0,1,0,차대차 - 기타,신호위반,건조,맑음,교차로 - 교차로안,화물,남,63세,상해없음,승용,남,31세,경상
2022020300100029,2022년 2월 3일 07시,목요일,충청북도 충주시 앙성면,중상사고,0,1,1,0,차대차 - 기타,중앙선침범,건조,맑음,단일로 - 기타,승용,여,72세,중상,승용,남,26세,경상
2022020300100057,2022년 2월 3일 08시,목요일,충청북도 청주시 서원구 사직동,중상사고,0,1,0,0,차대사람 - 기타,안전운전불이행,건조,맑음,기타 - 기타,승용,여,36세,상해없음,보행자,여,35세,중상
2022020300100058,2022년 2월 3일 08시,목요일,충청북도 청주시 서원구 남이면,중상사고,0,1,10,0,차대차 - 측면충돌,안전운전불이행,건조,맑음,단일로 - 기타,승용,남,27세,상해없음,승용,남,26세,경상
2022020300100089,2022년 2월 3일 09시,목요일,충청북도 괴산군 장연면,경상사고,0,0,3,0,차대차 - 측면충돌,안전운전불이행,건조,맑음,교차로 - 교차로부근,화물,남,68세,경상,화물,여,65세,경상
2022020300100116,2022년 2월 3일 10시,목요일,충청북도 청주시 상당구 영운동,부상신고사고,0,0,0,1,차대차 - 측면충돌,안전운전불이행,건조,맑음,단일로 - 기타,승용,여,53세,상해없음,자전거,남,84세,부상신고
2022020300100140,2022년 2월 3일 11시,목요일,충청북도 청주시 흥덕구 봉명동,중상사고,0,2,0,0,차대차 - 측면충돌,불법유턴,건조,맑음,교차로 - 교차로안,자전거,남,85세,중상,이륜,남,46세,중상
2022020300100141,2022년 2월 3일 11시,목요일,충청북도 청주시 흥덕구 수의동,경상사고,0,0,1,0,차대차 - 측면충돌,교차로운행방법위반,건조,맑음,교차로 - 교차로부근,승용,남,67세,기타불명,승용,남,64세,경상
2022020300100142,2022년 2월 3일 11시,목요일,충청북도 청주시 상당구 영운동,경상사고,0,0,1,0,차대차 - 측면충돌,교차로운행방법위반,건조,맑음,교차로 - 교차로안,화물,남,53세,상해없음,원동기,남,17세,경상
2022020300100201,2022년 2월 3일 13시,목요일,충청북도 보은군 보은읍,중상사고,0,1,0,0,차대차 - 기타,교차로운행방법위반,건조,맑음,교차로 - 교차로안,승용,남,24세,상해없음,자전거,여,68세,중상
2022020300100288,2022년 2월 3일 16시,목요일,충청북도 진천군 진천읍,경상사고,0,0,1,0,차대차 - 추돌,차로위반,건조,맑음,단일로 - 지하차도(도로)내,승용,남,75세,상해없음,승용,남,31세,경상
2022020300100310,2022년 2월 3일 17시,목요일,충청북도 충주시 대소원면,경상사고,0,0,5,0,차대차 - 추돌,안전거리미확보,건조,맑음,단일로 - 기타,승용,남,42세,상해없음,승용,남,46세,경상
2022020300100344,2022년 2월 3일 18시,목요일,충청북도 진천군 진천읍,경상사고,0,0,2,0,차대차 - 측면충돌,안전거리미확보,건조,맑음,교차로 - 교차로안,승용,여,27세,경상,승용,남,46세,경상
2022020300100380,2022년 2월 3일 19시,목요일,충청북도 증평군 증평읍,경상사고,0,0,1,0,차대차 - 정면충돌,안전운전불이행,건조,맑음,교차로 - 교차로안,승용,여,55세,기타불명,개인형이동수단(PM),남,19세,경상
2022020300100381,2022년 2월 3일 19시,목요일,충청북도 청주시 흥덕구 봉명동,경상사고,0,0,1,0,차대차 - 추돌,안전운전불이행,건조,맑음,교차로 - 교차로부근,승용,남,40세,상해없음,승용,남,22세,경상
2022020300100419,2022년 2월 3일 21시,목요일,충청북도 충주시 연수동,경상사고,0,0,1,0,차대차 - 측면충돌,교차로운행방법위반,건조,흐림,교차로 - 교차로부근,승용,남,69세,상해없음,승용,남,26세,경상
2022020300100420,2022년 2월 3일 21시,목요일,충청북도 청주시 흥덕구 복대동,중상사고,0,1,0,0,차대차 - 기타,안전운전불이행,건조,맑음,교차로 - 교차로안,개인형이동수단(PM),남,23세,상해없음,승용,남,55세,상해없음
2022020300100443,2022년 2월 3일 22시,목요일,충청북도 청주시 상당구 용암동,경상사고,0,0,1,0,차대사람 - 횡단중,안전운전불이행,건조,맑음,교차로 - 교차로횡단보도내,승용,남,17세,상해없음,보행자,남,61세,경상
2022020400100061,2022년 2월 4일 08시,금요일,충청북도 제천시 고암동,경상사고,0,0,1,1,차대차 - 기타,직진우회전진행방해,건조,흐림,교차로 - 교차로안,승용,여,58세,부상신고,승용,여,26세,경상
2022020400100111,2022년 2월 4일 10시,금요일,충청북도 괴산군 칠성면,경상사고,0,0,2,0,차대차 - 측면충돌,안전운전불이행,건조,맑음,교차로 - 교차로안,화물,남,57세,상해없음,승용,남,78세,경상
2022020400100250,2022년 2월 4일 15시,금요일,충청북도 청주시 흥덕구 강서동,경상사고,0,0,1,0,차대차 - 기타,안전운전불이행,건조,맑음,교차로 - 교차로안,승용,남,60세,상해없음,승용,남,28세,경상
2022020400100251,2022년 2월 4일 15시,금요일,충청북도 청주시 흥덕구 옥산면,경상사고,0,0,3,0,차대차 - 측면충돌,안전거리미확보,건조,맑음,단일로 - 기타,화물,남,59세,상해없음,승용,남,30세,경상
2022020400100311,2022년 2월 4일 17시,금요일,충청북도 청주시 흥덕구 비하동,부상신고사고,0,0,0,1,차대차 - 기타,안전운전불이행,건조,맑음,기타 - 기타,자전거,남,31세,부상신고,승용,남,25세,상해없음
2022020400100356,2022년 2월 4일 18시,금요일,충청북도 청주시 청원구 오동동,경상사고,0,0,2,0,차대차 - 추돌,안전운전불이행,건조,맑음,기타 - 기타,승용,남,24세,경상,승용,남,21세,상해없음
2022020400100357,2022년 2월 4일 18시,금요일,충청북도 음성군 음성읍,경상사고,0,0,1,0,차대차 - 측면충돌,안전운전불이행,건조,맑음,교차로 - 교차로부근,화물,남,51세,상해없음,승용,여,33세,경상
2022020400100358,2022년 2월 4일 18시,금요일,충청북도 청주시 흥덕구 봉명동,경상사고,0,0,1,0,차대차 - 측면충돌,안전거리미확보,건조,맑음,단일로 - 기타,승용,남,62세,상해없음,승용,여,24세,경상
2022020400100396,2022년 2월 4일 19시,금요일,충청북도 충주시 칠금동,경상사고,0,0,2,1,차대차 - 측면충돌,신호위반,건조,흐림,교차로 - 교차로부근,승용,남,60세,부상신고,승용,남,44세,경상
2022020400100397,2022년 2월 4일 19시,금요일,충청북도 청주시 흥덕구 봉명동,부상신고사고,0,0,0,1,차대차 - 측면충돌,차로위반,건조,맑음,기타 - 기타,이륜,남,49세,부상신고,승용,남,69세,상해없음
2022020400100424,2022년 2월 4일 20시,금요일,충청북도 충주시 호암동,경상사고,0,0,3,0,차대차 - 측면충돌,신호위반,건조,맑음,교차로 - 교차로안,승용,남,23세,상해없음,화물,남,56세,경상
2022020400100456,2022년 2월 4일 21시,금요일,충청북도 청주시 청원구 내덕동,경상사고,0,0,1,0,차대차 - 추돌,안전운전불이행,서리/결빙,눈,교차로 - 교차로부근,승용,남,40세,상해없음,승용,남,20세,경상
2022020500100040,2022년 2월 5일 08시,토요일,충청북도 음성군 대소면,경상사고,0,0,1,0,차대차 - 측면충돌,중앙선침범,건조,맑음,단일로 - 교량,승용,남,51세,상해없음,승용,여,23세,경상
2022020500100052,2022년 2월 5일 09시,토요일,충청북도 청주시 서원구 산남동,경상사고,0,0,1,0,차대차 - 정면충돌,신호위반,건조,맑음,교차로 - 교차로안,화물,남,60세,상해없음,승용,여,30세,경상
2022020500100066,2022년 2월 5일 10시,토요일,충청북도 청주시 청원구 내덕동,경상사고,0,0,2,0,차대차 - 기타,안전운전불이행,서리/결빙,맑음,교차로 - 교차로부근,승용,남,42세,상해없음,승용,여,37세,경상
2022020500100067,2022년 2월 5일 10시,토요일,충청북도 청주시 흥덕구 향정동,경상사고,0,0,1,0,차대차 - 기타,중앙선침범,건조,흐림,단일로 - 기타,승용,남,42세,상해없음,승용,남,34세,경상
2022020500100091,2022년 2월 5일 11시,토요일,충청북도 청주시 청원구 주성동,경상사고,0,0,3,0,차대차 - 기타,교차로운행방법위반,적설,맑음,교차로 - 교차로안,승용,여,52세,상해없음,승용,여,37세,경상
2022020500100112,2022년 2월 5일 12시,토요일,충청북도 제천시 중앙로2가,중상사고,0,2,0,0,차대차 - 측면충돌,직진우회전진행방해,건조,맑음,교차로 - 교차로안,이륜,남,72세,중상,승용,여,27세,중상
2022020500100173,2022년 2월 5일 14시,토요일,충청북도 옥천군 옥천읍,중상사고,0,1,0,0,차대차 - 측면충돌,교차로운행방법위반,건조,맑음,교차로 - 교차로안,승용,남,56세,상해없음,이륜,남,50세,중상
2022020500100201,2022년 2월 5일 15시,토요일,충청북도 충주시 수안보면,경상사고,0,0,1,0,차대차 - 측면충돌,안전거리미확보,건조,맑음,단일로 - 교량,승용,여,58세,상해없음,승용,여,37세,경상
2022020500100223,2022년 2월 5일 16시,토요일,충청북도 청주시 상당구 금천동,경상사고,0,0,1,1,차대사람 - 차도통행중,안전운전불이행,건조,맑음,단일로 - 기타,승용,남,46세,부상신고,보행자,남,11세,경상
2022020500100268,2022년 2월 5일 18시,토요일,충청북도 청주시 서원구 사창동,경상사고,0,0,2,0,차대차 - 기타,안전거리미확보,건조,맑음,단일로 - 기타,승용,여,37세,경상,승용,남,49세,경상
2022020500100269,2022년 2월 5일 18시,토요일,충청북도 충주시 안림동,중상사고,0,1,1,0,차대차 - 측면충돌,안전거리미확보,건조,흐림,단일로 - 기타,승용,남,24세,상해없음,승용,남,63세,중상
2022020500100270,2022년 2월 5일 18시,토요일,충청북도 음성군 금왕읍,중상사고,0,1,1,0,차대차 - 기타,신호위반,건조,맑음,교차로 - 교차로안,승용,여,67세,중상,승용,남,24세,경상
2022020500100325,2022년 2월 5일 20시,토요일,충청북도 청주시 서원구 산남동,경상사고,0,0,3,0,차대차 - 추돌,안전운전불이행,건조,맑음,단일로 - 기타,승용,남,34세,상해없음,승용,남,32세,경상
2022020500100347,2022년 2월 5일 21시,토요일,충청북도 충주시 목행동,경상사고,0,0,2,0,차대차 - 측면충돌,안전운전불이행,건조,흐림,단일로 - 지하차도(도로)내,기타불명,기타불명,미분류,기타불명,승용,여,20세,경상
2022020500100378,2022년 2월 5일 22시,토요일,충청북도 충주시 성내동,경상사고,0,0,1,0,차대차 - 측면충돌,안전운전불이행,건조,맑음,단일로 - 기타,승용,남,61세,상해없음,이륜,남,38세,경상
2022020500100391,2022년 2월 5일 23시,토요일,충청북도 청주시 청원구 오창읍,중상사고,0,1,0,0,차대차 - 추돌,안전운전불이행,건조,맑음,단일로 - 기타,승용,남,44세,상해없음,승용,여,44세,중상
2022020600100052,2022년 2월 6일 11시,일요일,충청북도 충주시 문화동,경상사고,0,0,1,0,차대차 - 측면충돌,직진우회전진행방해,건조,맑음,교차로 - 교차로안,승용,여,55세,상해없음,승용,남,63세,경상
2022020600100086,2022년 2월 6일 13시,일요일,충청북도 진천군 덕산읍,경상사고,0,0,4,0,차대차 - 정면충돌,안전운전불이행,건조,맑음,단일로 - 지하차도(도로)내,이륜,남,50세,경상,승용,남,38세,경상
2022020600100107,2022년 2월 6일 14시,일요일,충청북도 청주시 상당구 문의면,중상사고,0,2,0,0,차대차 - 기타,중앙선침범,건조,맑음,단일로 - 지하차도(도로)내,승용,남,33세,상해없음,자전거,남,47세,중상
2022020600100127,2022년 2월 6일 15시,일요일,충청북도 청주시 상당구 용담동,중상사고,0,2,0,0,차대차 - 측면충돌,안전운전불이행,건조,맑음,단일로 - 지하차도(도로)내,승용,남,30세,상해없음,승용,남,26세,중상
2022020600100166,2022년 2월 6일 17시,일요일,충청북도 청주시 청원구 내덕동,경상사고,0,0,2,0,차대차 - 기타,안전운전불이행,건조,맑음,단일로 - 기타,승용,남,35세,상해없음,승용,남,57세,경상
2022020600100167,2022년 2월 6일 17시,일요일,충청북도 청주시 흥덕구 오송읍,중상사고,0,3,3,0,차대차 - 기타,교차로운행방법위반,건조,맑음,교차로 - 교차로안,승합,남,56세,경상,승용,남,60세,경상
2022020600100216,2022년 2월 6일 19시,일요일,충청북도 청주시 상당구 영운동,경상사고,0,0,1,0,차대차 - 기타,안전운전불이행,건조,맑음,교차로 - 교차로부근,승용,남,79세,상해없음,승용,남,34세,경상
2022020600100236,2022년 2월 6일 20시,일요일,충청북도 청주시 청원구 우암동,중상사고,0,1,0,0,차대사람 - 기타,안전운전불이행,건조,맑음,기타 - 기타,승용,남,62세,상해없음,보행자,남,67세,중상
2022020600100278,2022년 2월 6일 23시,일요일,충청북도 제천시 의림동,경상사고,0,0,1,0,차대사람 - 기타,안전운전불이행,건조,흐림,기타 - 기타,승용,남,62세,상해없음,보행자,남,39세,경상
2022020700100023,2022년 2월 7일 06시,월요일,충청북도 옥천군 이원면,중상사고,0,1,1,0,차대차 - 측면충돌,안전운전불이행,건조,맑음,교차로 - 교차로안,승합,남,51세,상해없음,승용,남,27세,경상
2022020700100038,2022년 2월 7일 07시,월요일,충청북도 청주시 서원구 분평동,중상사고,0,1,1,0,차대차 - 측면충돌,교차로운행방법위반,건조,맑음,교차로 - 교차로안,승용,남,67세,상해없음,승용,여,51세,중상
2022020700100064,2022년 2월 7일 08시,월요일,충청북도 청주시 청원구 내덕동,경상사고,0,0,2,0,차대차 - 기타,안전거리미확보,건조,맑음,교차로 - 교차로안,화물,여,66세,상해없음,승용,남,40세,경상
2022020700100085,2022년 2월 7일 09시,월요일,충청북도 괴산군 청천면,중상사고,0,1,1,0,차대차 - 정면충돌,안전운전불이행,건조,맑음,단일로 - 기타,승용,여,66세,중상,승용,여,47세,경상
2022020700100105,2022년 2월 7일 10시,월요일,충청북도 청주시 흥덕구 강내면,경상사고,0,0,1,0,차대차 - 측면충돌,안전운전불이행,건조,맑음,교차로 - 교차로안,승용,남,52세,상해없음,승용,여,55세,경상
2022020700100128,2022년 2월 7일 11시,월요일,충청북도 충주시 안림동,경상사고,0,0,3,0,차대차 - 측면충돌,안전거리미확보,건조,맑음,단일로 - 기타,승용,남,29세,상해없음,승용,남,39세,경상
2022020700100168,2022년 2월 7일 13시,월요일,충청북도 증평군 도안면,경상사고,0,0,1,0,차대차 - 측면충돌,신호위반,건조,맑음,교차로 - 교차로안,화물,남,56세,상해없음,승용,남,32세,경상
2022020700100169,2022년 2월 7일 13시,월요일,충청북도 청주시 흥덕구 송절동,중상사고,0,3,1,0,차대차 - 기타,교차로운행방법위반,건조,맑음,교차로 - 교차로안,승용,남,51세,경상,승용,남,23세,중상
2022020700100170,2022년 2월 7일 13시,월요일,충청북도 청주시 서원구 산남동,경상사고,0,0,1,0,차대차 - 측면충돌,안전거리미확보,건조,맑음,교차로 - 교차로부근,승용,여,48세,상해없음,승용,여,40세,경상
2022020700100268,2022년 2월 7일 17시,월요일,충청북도 진천군 진천읍,경상사고,0,0,1,0,차대사람 - 길가장자리구역통행중,안전운전불이행,건조,맑음,단일로 - 기타,승용,여,32세,상해없음,보행자,여,53세,경상
2022020700100269,2022년 2월 7일 17시,월요일,충청북도 진천군 이월면,중상사고,0,1,0,0,차대차 - 측면충돌,안전거리미확보,건조,맑음,단일로 - 지하차도(도로)내,화물,남,53세,상해없음,승용,여,55세,중상
2022020700100300,2022년 2월 7일 18시,월요일,충청북도 청주시 청원구 오창읍,중상사고,0,1,0,0,차대차 - 기타,교차로운행방법위반,건조,맑음,교차로 - 교차로안,승용,남,24세,상해없음,이륜,남,34세,중상
2022020700100301,2022년 2월 7일 18시,월요일,충청북도 청주시 상당구 남일면,경상사고,0,0,2,0,차대차 - 측면충돌,안전운전불이행,건조,흐림,단일로 - 고가도로위,승용,여,29세,상해없음,화물,남,47세,경상
2022020700100302,2022년 2월 7일 18시,월요일,충청북도 청주시 상당구 용정동,경상사고,0,0,1,0,차대차 - 측면충돌,안전운전불이행,건조,맑음,단일로 - 기타,승용,남,24세,경상,승용,여,39세,상해없음