사고번호,사고일시,요일,시군구,사고내용,사망자수,중상자수,경상자수,부상신고자수,사고유형,법규위반,노면상태,기상상태,도로형태,가해운전자 차종,가해운전자 성별,가해운전자 연령,가해운전자 상해정도,피해운전자 차종,피해운전자 성별,피해운전자 연령,피해운전자 상해정도
2022030800100388,2022년 3월 8일 19시,화요일,충청북도 청주시 청원구 오창읍,중상사고,0,1,0,0,차대차 - 기타,안전운전불이행,건조,맑음,교차로 - 교차로부근,이륜,남,32세,중상,승합,남,47세,상해없음
2022030800100389,2022년 3월 8일 19시,화요일,충청북도 청주시 흥덕구 송절동,경상사고,0,0,1,0,차대차 - 정면충돌,신호위반,건조,맑음,교차로 - 교차로안,승용,여,52세,상해없음,승용,여,40세,경상
2022030800100390,2022년 3월 8일 19시,화요일,충청북도 청주시 상당구 남주동,중상사고,0,1,0,0,차량단독 - 기타,안전운전불이행,건조,맑음,단일로 - 기타,개인형이동수단(PM),남,49세,중상,,,,
2022030800100418,2022년 3월 8일 20시,화요일,충청북도 제천시 신백동,경상사고,0,0,1,0,차대차 - 측면충돌,신호위반,건조,맑음,교차로 - 교차로안,원동기,남,23세,경상,승용,남,71세,상해없음
2022030800100437,2022년 3월 8일 21시,화요일,충청북도 증평군 증평읍,중상사고,0,1,0,0,차대차 - 측면충돌,직진우회전진행방해,건조,맑음,교차로 - 교차로안,승용,남,83세,상해없음,자전거,여,42세,중상
2022030800100456,2022년 3월 8일 22시,화요일,충청북도 충주시 금릉동,중상사고,0,1,0,0,차대차 - 측면충돌,직진우회전진행방해,건조,맑음,교차로 - 교차로안,승용,여,44세,상해없음,승용,여,42세,중상
2022030800100477,2022년 3월 8일 23시,화요일,충청북도 괴산군 괴산읍,경상사고,0,0,1,0,차대사람 - 횡단중,안전운전불이행,건조,맑음,교차로 - 교차로안,승용,여,57세,상해없음,보행자,여,31세,경상
2022030900100007,2022년 3월 9일 00시,수요일,충청북도 청주시 청원구 내덕동,경상사고,0,0,2,0,차대차 - 기타,안전거리미확보,건조,맑음,교차로 - 교차로부근,승용,남,35세,상해없음,승용,남,21세,경상
2022030900100037,2022년 3월 9일 04시,수요일,충청북도 청주시 상당구 방서동,경상사고,0,0,1,0,차대차 - 측면충돌,안전운전불이행,건조,맑음,교차로 - 교차로부근,승용,여,61세,상해없음,승용,여,28세,경상
2022030900100042,2022년 3월 9일 05시,수요일,충청북도 청주시 청원구 오창읍,중상사고,0,1,1,0,차대차 - 기타,신호위반,건조,맑음,교차로 - 교차로안,승용,여,30세,경상,승용,남,46세,중상
2022030900100054,2022년 3월 9일 07시,수요일,충청북도 청주시 청원구 사천동,경상사고,0,0,1,0,차대차 - 기타,안전운전불이행,건조,맑음,기타 - 기타,화물,남,61세,상해없음,승용,여,29세,경상
2022030900100063,2022년 3월 9일 08시,수요일,충청북도 제천시 금성면,경상사고,0,0,1,0,차대차 - 정면충돌,중앙선침범,건조,맑음,단일로 - 기타,화물,남,51세,상해없음,승용,남,45세,경상
2022030900100076,2022년 3월 9일 09시,수요일,충청북도 청주시 청원구 사천동,경상사고,0,0,2,0,차대차 - 기타,교차로운행방법위반,건조,맑음,교차로 - 교차로안,승용,여,57세,경상,승용,남,22세,경상
2022030900100077,2022년 3월 9일 09시,수요일,충청북도 제천시 신백동,중상사고,0,1,0,0,차대차 - 측면충돌,직진우회전진행방해,건조,맑음,교차로 - 교차로안,화물,남,63세,상해없음,승용,남,57세,중상
2022030900100078,2022년 3월 9일 09시,수요일,충청북도 제천시 강제동,경상사고,0,0,3,0,차대차 - 측면충돌,교차로운행방법위반,건조,맑음,교차로 - 교차로안,화물,남,46세,경상,승용,남,26세,경상
2022030900100093,2022년 3월 9일 10시,수요일,충청북도 청주시 청원구 율량동,중상사고,0,1,0,0,차대사람 - 기타,보행자보호의무위반,건조,맑음,교차로 - 교차로안,승용,여,54세,기타불명,보행자,남,41세,중상
2022030900100094,2022년 3월 9일 10시,수요일,충청북도 청주시 청원구 내덕동,경상사고,0,0,1,0,차대사람 - 길가장자리구역통행중,안전운전불이행,건조,맑음,단일로 - 기타,승용,남,67세,기타불명,보행자,남,53세,경상
2022030900100116,2022년 3월 9일 11시,수요일,충청북도 청주시 청원구 율량동,경상사고,0,0,1,0,차대차 - 기타,안전거리미확보,건조,맑음,교차로 - 교차로부근,승용,남,44세,상해없음,이륜,남,29세,경상
2022030900100117,2022년 3월 9일 11시,수요일,충청북도 청주시 서원구 사창동,중상사고,0,1,0,0,차대차 - 측면충돌,기타,건조,맑음,교차로 - 교차로부근,승용,여,47세,상해없음,이륜,남,27세,중상
2022030900100143,2022년 3월 9일 12시,수요일,충청북도 청주시 청원구 우암동,경상사고,0,0,1,0,차대차 - 추돌,안전운전불이행,건조,맑음,단일로 - 기타,원동기,남,16세,상해없음,승용,여,37세,경상
2022030900100174,2022년 3월 9일 13시,수요일,충청북도 청주시 흥덕구 신봉동,경상사고,0,0,2,0,차대차 - 측면충돌,안전운전불이행,건조,맑음,교차로 - 교차로부근,승용,남,24세,상해없음,승용,여,57세,경상
2022030900100212,2022년 3월 9일 14시,수요일,충청북도 괴산군 괴산읍,경상사고,0,0,1,0,차대사람 - 길가장자리구역통행중,안전운전불이행,건조,맑음,교차로 - 교차로부근,승용,여,67세,상해없음,보행자,남,56세,경상
2022030900100213,2022년 3월 9일 14시,수요일,충청북도 청주시 상당구 용암동,경상사고,0,0,1,0,차대차 - 후진중충돌,안전운전불이행,건조,맑음,단일로 - 기타,승용,남,47세,상해없음,승용,남,38세,경상
2022030900100214,2022년 3월 9일 14시,수요일,충청북도 청주시 서원구 분평동,경상사고,0,0,2,0,차대차 - 측면충돌,안전운전불이행,건조,맑음,단일로 - 기타,승용,남,80세,경상,승용,남,25세,경상
2022030900100240,2022년 3월 9일 15시,수요일,충청북도 제천시 동현동,중상사고,0,1,0,0,차대차 - 측면충돌,중앙선침범,건조,맑음,교차로 - 교차로부근,승용,남,26세,상해없음,승용,여,52세,중상
2022030900100285,2022년 3월 9일 17시,수요일,충청북도 진천군 진천읍,중상사고,0,1,0,0,차대차 - 추돌,안전운전불이행,건조,맑음,교차로 - 교차로부근,이륜,남,53세,중상,화물,남,50세,상해없음
2022030900100307,2022년 3월 9일 18시,수요일,충청북도 청주시 청원구 율량동,중상사고,0,1,0,0,차대차 - 기타,안전운전불이행,건조,맑음,교차로 - 교차로안,승용,남,39세,상해없음,이륜,남,28세,중상
2022030900100308,2022년 3월 9일 18시,수요일,충청북도 청주시 청원구 내덕동,경상사고,0,0,1,0,차대차 - 후진중충돌,안전운전불이행,건조,맑음,교차로 - 교차로부근,승용,남,74세,기타불명,화물,남,67세,경상
2022030900100333,2022년 3월 9일 19시,수요일,충청북도 제천시 하소동,경상사고,0,0,1,0,차대차 - 측면충돌,안전운전불이행,건조,맑음,교차로 - 교차로안,승용,여,65세,상해없음,승용,남,63세,경상
2022030900100362,2022년 3월 9일 20시,수요일,충청북도 괴산군 사리면,경상사고,0,0,1,0,차량단독 - 공작물충돌,안전운전불이행,건조,맑음,단일로 - 기타,화물,남,67세,경상,,,,
2022030900100392,2022년 3월 9일 22시,수요일,충청북도 제천시 고암동,중상사고,0,2,0,0,차대차 - 정면충돌,신호위반,건조,맑음,교차로 - 교차로안,승용,남,19세,상해없음,승용,남,59세,중상
2022031000100014,2022년 3월 10일 02시,목요일,충청북도 음성군 금왕읍,중상사고,0,1,0,0,차대차 - 추돌,안전운전불이행,건조,맑음,단일로 - 기타,승용,여,38세,상해없음,승용,여,29세,중상
2022031000100024,2022년 3월 10일 05시,목요일,충청북도 충주시 연수동,경상사고,0,0,1,0,차대차 - 기타,안전운전불이행,건조,맑음,교차로 - 교차로부근,기타불명,기타불명,미분류,기타불명,자전거,남,64세,경상
2022031000100025,2022년 3월 10일 05시,목요일,충청북도 청주시 상당구 석교동,중상사고,0,1,0,0,차대사람 - 차도통행중,안전운전불이행,건조,맑음,단일로 - 지하차도(도로)내,승용,남,73세,상해없음,보행자,여,92세,중상
2022031000100038,2022년 3월 10일 06시,목요일,충청북도 청주시 흥덕구 운천동,중상사고,0,1,0,0,차대사람 - 보도통행중,안전운전불이행,건조,맑음,단일로 - 기타,승용,남,47세,상해없음,보행자,남,64세,중상
2022031000100053,2022년 3월 10일 07시,목요일,충청북도 충주시 대소원면,중상사고,0,1,0,0,차대차 - 측면충돌,직진우회전진행방해,건조,맑음,교차로 - 교차로안,승용,남,30세,상해없음,이륜,여,21세,중상
2022031000100079,2022년 3월 10일 08시,목요일,충청북도 청주시 서원구 사창동,경상사고,0,0,1,0,차대사람 - 기타,안전운전불이행,건조,맑음,단일로 - 기타,승용,남,24세,상해없음,보행자,여,37세,경상
2022031000100080,2022년 3월 10일 08시,목요일,충청북도 제천시 고암동,경상사고,0,0,1,0,차대차 - 측면충돌,직진우회전진행방해,건조,맑음,교차로 - 교차로안,승용,남,28세,상해없음,승용,여,39세,경상
2022031000100081,2022년 3월 10일 08시,목요일,충청북도 청주시 상당구 영운동,중상사고,0,1,0,0,차대사람 - 길가장자리구역통행중,안전운전불이행,건조,맑음,단일로 - 기타,승용,여,46세,상해없음,보행자,남,18세,중상
2022031000100104,2022년 3월 10일 09시,목요일,충청북도 충주시 문화동,경상사고,0,0,1,0,차대차 - 측면충돌,안전운전불이행,건조,맑음,교차로 - 교차로부근,승용,남,67세,상해없음,자전거,남,82세,경상
2022031000100126,2022년 3월 10일 10시,목요일,충청북도 청주시 서원구 남이면,경상사고,0,0,1,0,차대차 - 측면충돌,안전운전불이행,건조,맑음,교차로 - 교차로안,특수,남,66세,상해없음,화물,남,34세,경상
2022031000100153,2022년 3월 10일 11시,목요일,충청북도 충주시 봉방동,경상사고,0,0,1,0,차대차 - 측면충돌,직진우회전진행방해,건조,맑음,교차로 - 교차로안,승용,남,49세,상해없음,승용,남,55세,경상
2022031000100197,2022년 3월 10일 13시,목요일,충청북도 진천군 덕산읍,경상사고,0,0,1,0,차대차 - 측면충돌,신호위반,건조,맑음,교차로 - 교차로안,승용,여,65세,상해없음,승용,남,48세,경상
2022031000100198,2022년 3월 10일 13시,목요일,충청북도 청주시 서원구 현도면,중상사고,0,1,0,0,차량단독 - 공작물충돌,안전운전불이행,건조,맑음,단일로 - 기타,이륜,남,35세,중상,,,,
2022031000100313,2022년 3월 10일 17시,목요일,충청북도 단양군 매포읍,경상사고,0,0,1,0,차대차 - 추돌,안전운전불이행,건조,맑음,기타 - 기타,특수,남,68세,상해없음,승용,여,27세,경상
2022031000100404,2022년 3월 10일 21시,목요일,충청북도 충주시 연수동,중상사고,0,2,1,0,차대차 - 추돌,안전거리미확보,건조,맑음,교차로 - 교차로부근,승용,남,67세,상해없음,승용,여,50세,중상
2022031000100422,2022년 3월 10일 22시,목요일,충청북도 청주시 흥덕구 복대동,경상사고,0,0,2,0,차대차 - 측면충돌,신호위반,건조,맑음,교차로 - 교차로안,승용,남,34세,상해없음,승용,남,63세,경상
2022031100100002,2022년 3월 11일 00시,금요일,충청북도 제천시 천남동,경상사고,0,0,1,0,차대차 - 추돌,안전운전불이행,건조,맑음,교차로 - 교차로부근,승용,남,32세,상해없음,승용,남,49세,상해없음
2022031100100050,2022년 3월 11일 07시,금요일,충청북도 충주시 주덕읍,경상사고,0,0,1,0,차대차 - 측면충돌,안전거리미확보,건조,맑음,교차로 - 교차로부근,승합,남,74세,상해없음,승용,남,45세,경상
2022031100100096,2022년 3월 11일 09시,금요일,충청북도 청주시 청원구 사천동,경상사고,0,0,1,0,차대차 - 기타,안전운전불이행,건조,맑음,기타 - 기타,자전거,여,72세,경상,승용,남,42세,상해없음
2022031100100151,2022년 3월 11일 11시,금요일,충청북도 청주시 청원구 북이면,중상사고,0,1,0,0,차대차 - 기타,안전운전불이행,건조,맑음,단일로 - 기타,건설기계,남,60세,상해없음,이륜,남,69세,중상
2022031100100152,2022년 3월 11일 11시,금요일,충청북도 청주시 서원구 사창동,중상사고,0,1,0,0,차대차 - 기타,신호위반,건조,맑음,교차로 - 교차로부근,승용,여,62세,상해없음,이륜,남,18세,중상
2022031100100153,2022년 3월 11일 11시,금요일,충청북도 음성군 대소면,경상사고,0,0,1,0,차대차 - 측면충돌,안전운전불이행,건조,맑음,교차로 - 교차로안,화물,남,52세,상해없음,화물,남,44세,경상
2022031100100154,2022년 3월 11일 11시,금요일,충청북도 청주시 상당구 금천동,경상사고,0,0,1,0,차대차 - 기타,안전운전불이행,건조,맑음,단일로 - 기타,화물,남,34세,상해없음,이륜,남,26세,경상
2022031100100184,2022년 3월 11일 12시,금요일,충청북도 제천시 고암동,경상사고,0,0,1,0,차대차 - 측면충돌,안전운전불이행,건조,맑음,단일로 - 기타,승용,여,21세,상해없음,승용,남,63세,경상
2022031100100239,2022년 3월 11일 14시,금요일,충청북도 충주시 성서동,경상사고,0,0,1,0,차대사람 - 횡단중,보행자보호의무위반,건조,맑음,단일로 - 기타,승용,여,66세,상해없음,보행자,여,43세,경상
2022031100100240,2022년 3월 11일 14시,금요일,충청북도 음성군 대소면,경상사고,0,0,1,0,차대차 - 측면충돌,안전운전불이행,건조,맑음,교차로 - 교차로안,승용,남,59세,상해없음,화물,남,41세,경상
2022031100100241,2022년 3월 11일 14시,금요일,충청북도 청주시 흥덕구 옥산면,경상사고,0,0,2,0,차대차 - 추돌,안전거리미확보,건조,맑음,단일로 - 기타,승용,남,70세,경상,승용,남,49세,경상
2022031100100267,2022년 3월 11일 15시,금요일,충청북도 청주시 청원구 북이면,중상사고,0,1,0,0,차대차 - 기타,안전운전불이행,건조,맑음,단일로 - 기타,화물,남,29세,중상,승합,남,62세,상해없음
2022031100100268,2022년 3월 11일 15시,금요일,충청북도 충주시 살미면,경상사고,0,0,1,0,차대차 - 측면충돌,안전운전불이행,건조,맑음,단일로 - 기타,화물,남,62세,상해없음,자전거,남,50세,경상
2022031100100269,2022년 3월 11일 15시,금요일,충청북도 청주시 흥덕구 오송읍,경상사고,0,0,3,0,차대차 - 측면충돌,안전운전불이행,건조,맑음,교차로 - 교차로부근,승용,남,85세,경상,승용,남,25세,경상
2022031100100365,2022년 3월 11일 18시,금요일,충청북도 청주시 흥덕구 지동동,경상사고,0,0,1,0,차대차 - 측면충돌,교차로운행방법위반,건조,맑음,교차로 - 교차로안,승용,여,52세,상해없음,승용,여,29세,경상
2022031100100398,2022년 3월 11일 19시,금요일,충청북도 청주시 상당구 용암동,경상사고,0,0,1,0,차대차 - 정면충돌,신호위반,건조,맑음,교차로 - 교차로안,이륜,남,40세,상해없음,이륜,남,57세,경상
2022031100100456,2022년 3월 11일 21시,금요일,충청북도 청주시 서원구 모충동,경상사고,0,0,1,0,차대차 - 측면충돌,신호위반,건조,맑음,교차로 - 교차로안,승용,남,53세,상해없음,승용,남,27세,상해없음
2022031100100482,2022년 3월 11일 22시,금요일,충청북도 청주시 서원구 사직동,중상사고,0,1,0,0,차대사람 - 횡단중,안전운전불이행,건조,맑음,단일로 - 기타,승용,남,61세,상해없음,보행자,여,50세,중상
2022031100100509,2022년 3월 11일 23시,금요일,충청북도 청주시 청원구 사천동,경상사고,0,0,2,0,차대차 - 측면충돌,안전운전불이행,건조,맑음,교차로 - 교차로부근,승용,여,29세,상해없음,승용,남,34세,경상
2022031200100043,2022년 3월 12일 08시,토요일,충청북도 청주시 청원구 사천동,경상사고,0,0,1,0,차대사람 - 차도통행중,안전운전불이행,건조,맑음,단일로 - 기타,승용,남,37세,상해없음,보행자,여,52세,경상
2022031200100044,2022년 3월 12일 08시,토요일,충청북도 충주시 칠금동,경상사고,0,0,1,0,차대차 - 추돌,안전운전불이행,젖음/습기,흐림,교차로 - 교차로부근,화물,남,65세,상해없음,승용,여,47세,경상
2022031200100133,2022년 3월 12일 12시,토요일,충청북도 충주시 성서동,경상사고,0,0,1,0,차대차 - 측면충돌,직진우회전진행방해,건조,맑음,교차로 - 교차로안,승용,여,64세,상해없음,이륜,남,52세,경상
2022031200100134,2022년 3월 12일 12시,토요일,충청북도 청주시 상당구 용암동,경상사고,0,0,3,0,차대차 - 측면충돌,안전운전불이행,건조,맑음,교차로 - 교차로안,승용,여,53세,상해없음,승합,여,38세,경상
2022031200100169,2022년 3월 12일 13시,토요일,충청북도 제천시 하소동,경상사고,0,0,2,0,차대차 - 측면충돌,안전운전불이행,건조,맑음,교차로 - 교차로안,승용,여,75세,상해없음,승용,남,41세,경상
2022031200100170,2022년 3월 12일 13시,토요일,충청북도 영동군 영동읍,중상사고,0,1,0,0,차대차 - 후진중충돌,안전운전불이행,건조,맑음,교차로 - 교차로안,승용,여,42세,상해없음,자전거,남,65세,중상
2022031200100171,2022년 3월 12일 13시,토요일,충청북도 증평군 증평읍,경상사고,0,0,2,0,차대차 - 정면충돌,신호위반,건조,맑음,교차로 - 교차로안,승용,남,79세,상해없음,승합,남,50세,경상
2022031200100284,2022년 3월 12일 17시,토요일,충청북도 청주시 청원구 우암동,경상사고,0,0,1,0,차대차 - 기타,안전운전불이행,건조,맑음,단일로 - 기타,승용,남,33세,상해없음,이륜,남,36세,경상
2022031200100323,2022년 3월 12일 18시,토요일,충청북도 충주시 주덕읍,중상사고,0,1,0,0,차량단독 - 공작물충돌,안전운전불이행,건조,맑음,단일로 - 기타,이륜,남,82세,중상,,,,
2022031200100324,2022년 3월 12일 18시,토요일,충청북도 청주시 서원구 남이면,중상사고,0,1,0,0,차대차 - 정면충돌,신호위반,건조,맑음,교차로 - 교차로안,승용,남,48세,기타불명,승용,여,67세,중상
2022031200100352,2022년 3월 12일 19시,토요일,충청북도 청주시 청원구 율량동,경상사고,0,0,2,0,차대차 - 측면충돌,신호위반,건조,맑음,교차로 - 교차로안,승용,남,28세,상해없음,특수,남,43세,경상
2022031200100353,2022년 3월 12일 19시,토요일,충청북도 제천시 화산동,경상사고,0,0,1,0,차대차 - 기타,교차로운행방법위반,건조,맑음,교차로 - 교차로안,화물,남,51세,상해없음,이륜,남,25세,경상
2022031200100354,2022년 3월 12일 19시,토요일,충청북도 청주시 상당구 용담동,경상사고,0,0,1,0,차대차 - 기타,안전운전불이행,젖음/습기,맑음,교차로 - 교차로안,이륜,남,39세,경상,승용,남,37세,상해없음
2022031200100393,2022년 3월 12일 20시,토요일,충청북도 충주시 교현동,경상사고,0,0,1,0,차대차 - 측면충돌,교차로운행방법위반,건조,흐림,교차로 - 교차로안,승용,남,25세,상해없음,승용,남,71세,상해없음
2022031200100443,2022년 3월 12일 22시,토요일,충청북도 충주시 봉방동,경상사고,0,0,1,0,차대차 - 정면충돌,신호위반,건조,맑음,교차로 - 교차로안,승용,여,42세,상해없음,승용,남,61세,경상
2022031300100060,2022년 3월 13일 10시,일요일,충청북도 청주시 청원구 주중동,경상사고,0,0,1,0,차대차 - 정면충돌,신호위반,젖음/습기,비,교차로 - 교차로안,승용,여,43세,상해없음,승합,남,61세,경상
2022031300100072,2022년 3월 13일 11시,일요일,충청북도 제천시 하소동,경상사고,0,0,2,0,차대차 - 측면충돌,안전운전불이행,젖음/습기,비,교차로 - 교차로부근,이륜,남,67세,경상,승용,남,64세,경상
2022031300100138,2022년 3월 13일 14시,일요일,충청북도 청주시 상당구 용암동,경상사고,0,0,2,0,차대차 - 추돌,안전운전불이행,젖음/습기,비,단일로 - 기타,승용,남,67세,상해없음,승용,남,41세,경상
2022031300100160,2022년 3월 13일 15시,일요일,충청북도 괴산군 청천면,중상사고,0,1,0,0,차량단독 - 공작물충돌,안전운전불이행,건조,맑음,단일로 - 기타,승용,남,67세,상해없음,,,,
2022031300100204,2022년 3월 13일 17시,일요일,충청북도 청주시 흥덕구 강서동,경상사고,0,0,2,0,차대차 - 기타,안전운전불이행,건조,맑음,교차로 - 교차로부근,승용,여,54세,상해없음,승용,남,55세,경상
2022031300100231,2022년 3월 13일 18시,일요일,충청북도 청주시 청원구 오창읍,경상사고,0,0,1,0,차대차 - 추돌,안전운전불이행,건조,맑음,단일로 - 기타,이륜,남,47세,상해없음,이륜,여,19세,경상
2022031300100232,2022년 3월 13일 18시,일요일,충청북도 음성군 소이면,중상사고,0,3,0,0,차대차 - 추돌,안전운전불이행,젖음/습기,비,교차로 - 교차로부근,승용,남,50세,상해없음,승용,남,54세,상해없음
2022031300100297,2022년 3월 13일 21시,일요일,충청북도 충주시 용산동,경상사고,0,0,4,0,차대차 - 측면충돌,직진우회전진행방해,젖음/습기,비,교차로 - 교차로안,승용,남,26세,경상,승용,남,28세,경상
2022031300100298,2022년 3월 13일 21시,일요일,충청북도 충주시 연수동,경상사고,0,0,2,0,차대차 - 측면충돌,기타,젖음/습기,비,교차로 - 교차로안,승용,여,52세,경상,승용,남,27세,경상
2022031400100018,2022년 3월 14일 06시,월요일,충청북도 청주시 흥덕구 오송읍,중상사고,0,1,0,0,차대차 - 측면충돌,안전거리미확보,건조,맑음,교차로 - 교차로부근,승용,남,54세,상해없음,개인형이동수단(PM),여,63세,중상
2022031400100030,2022년 3월 14일 07시,월요일,충청북도 청주시 서원구 수곡동,경상사고,0,0,1,0,차대차 - 측면충돌,안전운전불이행,건조,맑음,교차로 - 교차로안,승용,남,74세,상해없음,승용,남,31세,경상
2022031400100055,2022년 3월 14일 08시,월요일,충청북도 충주시 성서동,경상사고,0,0,1,0,차대차 - 측면충돌,안전운전불이행,건조,맑음,교차로 - 교차로부근,승용,남,75세,기타불명,화물,여,68세,경상
2022031400100089,2022년 3월 14일 09시,월요일,충청북도 영동군 영동읍,중상사고,0,2,0,0,차대차 - 측면충돌,안전운전불이행,건조,맑음,단일로 - 기타,승용,남,69세,상해없음,이륜,여,64세,중상
2022031400100090,2022년 3월 14일 09시,월요일,충청북도 진천군 진천읍,경상사고,0,0,1,0,차대차 - 기타,안전거리미확보,건조,맑음,교차로 - 교차로부근,승용,남,46세,상해없음,승용,남,33세,경상
2022031400100210,2022년 3월 14일 13시,월요일,충청북도 단양군 단양읍,부상신고사고,0,0,0,1,차대차 - 기타,안전운전불이행,건조,맑음,교차로 - 교차로안,이륜,남,33세,부상신고,승용,남,29세,상해없음
2022031400100296,2022년 3월 14일 17시,월요일,충청북도 음성군 음성읍,중상사고,0,1,0,0,차대차 - 추돌,안전운전불이행,젖음/습기,비,교차로 - 교차로부근,화물,남,46세,상해없음,승용,남,32세,중상
2022031400100329,2022년 3월 14일 18시,월요일,충청북도 청주시 흥덕구 신봉동,경상사고,0,0,2,0,차대차 - 추돌,안전거리미확보,젖음/습기,비,교차로 - 교차로부근,승용,남,55세,상해없음,승용,여,36세,경상
2022031400100330,2022년 3월 14일 18시,월요일,충청북도 청주시 서원구 산남동,중상사고,0,1,0,0,차대사람 - 횡단중,중앙선침범,건조,맑음,단일로 - 기타,승용,남,61세,상해없음,보행자,여,50세,중상
2022031400100364,2022년 3월 14일 19시,월요일,충청북도 청주시 흥덕구 봉명동,경상사고,0,0,1,0,차대차 - 기타,안전운전불이행,건조,맑음,단일로 - 기타,승용,남,33세,상해없음,이륜,남,51세,경상
2022031400100365,2022년 3월 14일 19시,월요일,충청북도 청주시 상당구 금천동,경상사고,0,0,2,0,차대차 - 정면충돌,안전운전불이행,건조,맑음,단일로 - 기타,승용,남,30세,상해없음,승용,남,66세,경상
2022031400100390,2022년 3월 14일 20시,월요일,충청북도 청주시 청원구 오창읍,경상사고,0,0,2,0,차대차 - 추돌,안전운전불이행,건조,맑음,기타 - 기타,이륜,남,19세,경상,승용,남,26세,경상
2022031400100413,2022년 3월 14일 21시,월요일,충청북도 제천시 청전동,경상사고,0,0,1,0,차대차 - 측면충돌,기타,젖음/습기,맑음,교차로 - 교차로안,승용,남,50세,상해없음,승용,남,29세,경상
2022031400100414,2022년 3월 14일 21시,월요일,충청북도 청주시 상당구 낭성면,중상사고,0,3,0,0,차대차 - 정면충돌,중앙선침범,젖음/습기,흐림,단일로 - 기타,승용,여,27세,중상,승합,남,59세,중상
2022031400100429,2022년 3월 14일 22시,월요일,충청북도 충주시 성남동,중상사고,0,1,0,0,차대사람 - 기타,안전운전불이행,건조,흐림,단일로 - 기타,승용,남,27세,상해없음,보행자,남,42세,중상
2022031400100430,2022년 3월 14일 22시,월요일,충청북도 청주시 상당구 금천동,부상신고사고,0,0,0,1,차대차 - 측면충돌,안전운전불이행,건조,맑음,교차로 - 교차로안,승용,여,28세,상해없음,이륜,남,31세,부상신고
2022031500100012,2022년 3월 15일 03시,화요일,충청북도 제천시 봉양읍,중상사고,0,1,0,0,차대차 - 정면충돌,신호위반,건조,맑음,교차로 - 교차로안,승용,남,61세,상해없음,승용,여,29세,중상
2022031500100045,2022년 3월 15일 07시,화요일,충청북도 보은군 삼승면,중상사고,0,1,0,0,차대차 - 측면충돌,신호위반,건조,맑음,교차로 - 교차로안,화물,남,43세,기타불명,승용,남,47세,중상
2022031500100046,2022년 3월 15일 07시,화요일,충청북도 단양군 매포읍,중상사고,0,1,0,0,차대차 - 추돌,안전운전불이행,건조,흐림,기타 - 기타,특수,남,47세,상해없음,승용,여,72세,중상
2022031500100079,2022년 3월 15일 08시,화요일,충청북도 청주시 청원구 내덕동,중상사고,0,1,0,0,차대사람 - 기타,안전운전불이행,건조,맑음,기타 - 기타,승용,여,28세,상해없음,보행자,남,14세,중상
2022031500100080,2022년 3월 15일 08시,화요일,충청북도 청주시 상당구 금천동,경상사고,0,0,1,0,차대사람 - 횡단중,보행자보호의무위반,건조,맑음,교차로 - 교차로횡단보도내,이륜,남,20세,상해없음,보행자,남,10세,경상
2022031500100129,2022년 3월 15일 10시,화요일,충청북도 청주시 서원구 개신동,경상사고,0,0,1,0,차대차 - 정면충돌,교차로운행방법위반,건조,맑음,교차로 - 교차로안,승용,남,23세,경상,승용,남,58세,상해없음
2022031500100130,2022년 3월 15일 10시,화요일,충청북도 충주시 교현동,중상사고,0,1,0,0,차대차 - 추돌,안전운전불이행,건조,맑음,단일로 - 기타,승용,여,47세,상해없음,이륜,남,55세,중상
2022031500100188,2022년 3월 15일 12시,화요일,충청북도 청주시 흥덕구 오송읍,경상사고,0,0,1,0,차대사람 - 횡단중,안전운전불이행,건조,맑음,기타 - 기타,승용,남,46세,상해없음,보행자,남,68세,경상
2022031500100189,2022년 3월 15일 12시,화요일,충청북도 청주시 서원구 산남동,경상사고,0,0,2,0,차대차 - 추돌,안전운전불이행,건조,맑음,교차로 - 교차로부근,승용,여,34세,상해없음,승용,여,49세,경상
2022031500100263,2022년 3월 15일 15시,화요일,충청북도 진천군 진천읍,경상사고,0,0,1,0,차대차 - 추돌,안전운전불이행,건조,맑음,교차로 - 교차로부근,승용,남,60세,상해없음,승용,여,46세,경상
2022031500100282,2022년 3월 15일 16시,화요일,충청북도 충주시 주덕읍,중상사고,0,1,0,0,차량단독 - 도로외이탈 - 기타,안전운전불이행,건조,맑음,단일로 - 기타,승용,남,23세,중상,,,,
2022031500100283,2022년 3월 15일 16시,화요일,충청북도 제천시 영천동,중상사고,0,1,0,0,차대차 - 측면충돌,신호위반,건조,맑음,교차로 - 교차로안,승용,남,75세,상해없음,이륜,여,63세,중상
2022031500100339,2022년 3월 15일 18시,화요일,충청북도 청주시 청원구 오동동,경상사고,0,0,2,0,차대차 - 기타,기타,건조,맑음,교차로 - 교차로안,화물,남,41세,상해없음,화물,남,37세,경상
2022031500100340,2022년 3월 15일 18시,화요일,충청북도 충주시 연수동,경상사고,0,0,2,0,차대차 - 추돌,안전운전불이행,건조,흐림,교차로 - 교차로안,승용,남,21세,상해없음,승용,여,35세,경상