사고번호,사고일시,요일,시군구,사고내용,사망자수,중상자수,경상자수,부상신고자수,사고유형,법규위반,노면상태,기상상태,도로형태,가해운전자 차종,가해운전자 성별,가해운전자 연령,가해운전자 상해정도,피해운전자 차종,피해운전자 성별,피해운전자 연령,피해운전자 상해정도
2022031500100370,2022년 3월 15일 19시,화요일,충청북도 충주시 문화동,경상사고,0,0,1,0,차대차 - 측면충돌,안전운전불이행,건조,맑음,단일로 - 기타,승용,여,21세,상해없음,승용,남,55세,경상
2022031500100371,2022년 3월 15일 19시,화요일,충청북도 음성군 금왕읍,경상사고,0,0,1,0,차대차 - 추돌,안전운전불이행,건조,맑음,단일로 - 기타,이륜,남,44세,경상,개인형이동수단(PM),남,14세,상해없음
2022031500100372,2022년 3월 15일 19시,화요일,충청북도 청주시 흥덕구 비하동,경상사고,0,0,1,0,차대차 - 측면충돌,안전거리미확보,건조,맑음,교차로 - 교차로부근,승용,남,33세,기타불명,승용,여,47세,경상
2022031500100409,2022년 3월 15일 20시,화요일,충청북도 청주시 서원구 산남동,경상사고,0,0,1,0,차대차 - 측면충돌,신호위반,건조,맑음,교차로 - 교차로안,승용,여,21세,상해없음,승용,여,55세,경상
2022031500100427,2022년 3월 15일 21시,화요일,충청북도 충주시 연수동,경상사고,0,0,1,0,차대차 - 기타,안전운전불이행,건조,흐림,교차로 - 교차로안,승용,남,44세,상해없음,승용,남,55세,경상
2022031500100454,2022년 3월 15일 23시,화요일,충청북도 제천시 청전동,경상사고,0,0,1,0,차대차 - 측면충돌,신호위반,건조,맑음,교차로 - 교차로안,승용,남,29세,상해없음,승용,남,50세,경상
2022031600100024,2022년 3월 16일 05시,수요일,충청북도 옥천군 이원면,중상사고,0,1,0,0,차대차 - 측면충돌,안전운전불이행,젖음/습기,안개,교차로 - 교차로부근,특수,남,53세,상해없음,화물,남,66세,중상
2022031600100033,2022년 3월 16일 06시,수요일,충청북도 음성군 감곡면,경상사고,0,0,1,0,차대차 - 추돌,안전운전불이행,젖음/습기,안개,단일로 - 기타,화물,남,71세,상해없음,농기계,남,49세,경상
2022031600100049,2022년 3월 16일 07시,수요일,충청북도 제천시 고명동,중상사고,0,1,0,0,차대차 - 측면충돌,신호위반,건조,맑음,교차로 - 교차로안,승용,남,60세,상해없음,승용,남,47세,중상
2022031600100078,2022년 3월 16일 08시,수요일,충청북도 청주시 흥덕구 오송읍,경상사고,0,0,1,0,차대차 - 측면충돌,직진우회전진행방해,건조,맑음,교차로 - 교차로안,승용,여,43세,상해없음,승용,여,28세,경상
2022031600100105,2022년 3월 16일 09시,수요일,충청북도 단양군 가곡면,경상사고,0,0,2,0,차대차 - 정면충돌,중앙선침범,건조,맑음,기타 - 기타,승용,여,49세,경상,승합,남,61세,상해없음
2022031600100106,2022년 3월 16일 09시,수요일,충청북도 청주시 상당구 용암동,중상사고,0,1,0,0,차대차 - 기타,안전운전불이행,건조,맑음,교차로 - 교차로안,이륜,남,76세,중상,승용,남,60세,상해없음
2022031600100128,2022년 3월 16일 10시,수요일,충청북도 증평군 도안면,경상사고,0,0,1,0,차대차 - 측면충돌,안전운전불이행,건조,맑음,교차로 - 교차로안,이륜,남,66세,경상,승용,남,63세,상해없음
2022031600100185,2022년 3월 16일 12시,수요일,충청북도 청주시 서원구 사직동,중상사고,0,1,0,0,차대차 - 기타,안전운전불이행,건조,맑음,기타 - 기타,개인형이동수단(PM),남,22세,상해없음,자전거,남,75세,중상
2022031600100186,2022년 3월 16일 12시,수요일,충청북도 충주시 중앙탑면,경상사고,0,0,1,0,차대차 - 추돌,안전거리미확보,건조,맑음,단일로 - 지하차도(도로)내,승용,남,35세,상해없음,승용,남,59세,경상
2022031600100187,2022년 3월 16일 12시,수요일,충청북도 청주시 상당구 용암동,중상사고,0,1,0,0,차대차 - 측면충돌,신호위반,건조,맑음,교차로 - 교차로안,승용,여,67세,상해없음,이륜,남,40세,중상
2022031600100202,2022년 3월 16일 13시,수요일,충청북도 청주시 상당구 용암동,경상사고,0,0,1,0,차대차 - 측면충돌,신호위반,건조,맑음,교차로 - 교차로횡단보도내,승용,여,62세,상해없음,개인형이동수단(PM),여,46세,경상
2022031600100226,2022년 3월 16일 14시,수요일,충청북도 충주시 충의동,경상사고,0,0,1,0,차대사람 - 길가장자리구역통행중,안전운전불이행,건조,맑음,단일로 - 기타,승용,남,65세,상해없음,보행자,여,75세,경상
2022031600100253,2022년 3월 16일 15시,수요일,충청북도 제천시 왕암동,경상사고,0,0,2,0,차대차 - 측면충돌,안전거리미확보,건조,맑음,교차로 - 교차로안,승용,여,72세,상해없음,승용,남,31세,경상
2022031600100317,2022년 3월 16일 17시,수요일,충청북도 청주시 청원구 우암동,중상사고,0,1,0,0,차대차 - 기타,안전거리미확보,건조,맑음,기타 - 기타,승용,남,59세,상해없음,원동기,남,16세,중상
2022031600100346,2022년 3월 16일 18시,수요일,충청북도 음성군 음성읍,경상사고,0,0,1,0,차대차 - 측면충돌,교차로운행방법위반,건조,맑음,교차로 - 교차로안,화물,남,62세,상해없음,승용,여,41세,경상
2022031600100347,2022년 3월 16일 18시,수요일,충청북도 진천군 덕산읍,중상사고,0,1,0,0,차대차 - 측면충돌,안전운전불이행,건조,맑음,교차로 - 교차로안,이륜,남,23세,중상,승용,남,20세,상해없음
2022031600100348,2022년 3월 16일 18시,수요일,충청북도 청주시 흥덕구 복대동,경상사고,0,0,1,0,차대차 - 측면충돌,안전운전불이행,건조,맑음,단일로 - 기타,승용,여,29세,상해없음,이륜,남,47세,경상
2022031600100375,2022년 3월 16일 19시,수요일,충청북도 청주시 흥덕구 강서동,경상사고,0,0,1,0,차대사람 - 횡단중,기타,건조,맑음,단일로 - 기타,승용,남,29세,상해없음,보행자,남,40세,경상
2022031600100441,2022년 3월 16일 22시,수요일,충청북도 청주시 흥덕구 비하동,경상사고,0,0,1,0,차대차 - 기타,교차로운행방법위반,건조,맑음,교차로 - 교차로안,승용,남,18세,상해없음,승용,남,46세,경상
2022031600100460,2022년 3월 16일 23시,수요일,충청북도 청주시 흥덕구 운천동,경상사고,0,0,2,0,차대차 - 추돌,안전운전불이행,건조,맑음,교차로 - 교차로안,승용,남,37세,상해없음,승용,여,51세,경상
2022031700100030,2022년 3월 17일 06시,목요일,충청북도 청주시 서원구 사직동,중상사고,0,1,0,0,차대차 - 정면충돌,직진우회전진행방해,젖음/습기,비,교차로 - 교차로안,승용,여,18세,상해없음,승용,여,58세,중상
2022031700100031,2022년 3월 17일 06시,목요일,충청북도 제천시 흑석동,부상신고사고,0,0,0,1,차대차 - 추돌,안전운전불이행,건조,맑음,단일로 - 기타,승용,남,47세,상해없음,건설기계,남,51세,상해없음
2022031700100042,2022년 3월 17일 07시,목요일,충청북도 보은군 보은읍,경상사고,0,0,1,0,차대차 - 측면충돌,신호위반,젖음/습기,비,교차로 - 교차로안,승용,여,64세,상해없음,승용,남,68세,경상
2022031700100171,2022년 3월 17일 13시,목요일,충청북도 청주시 상당구 용정동,중상사고,0,1,2,0,차대차 - 측면충돌,안전운전불이행,젖음/습기,비,교차로 - 교차로부근,이륜,남,49세,중상,승용,여,51세,경상
2022031700100191,2022년 3월 17일 14시,목요일,충청북도 음성군 삼성면,경상사고,0,0,1,0,차대차 - 추돌,중앙선침범,건조,맑음,교차로 - 교차로부근,이륜,남,54세,상해없음,화물,남,51세,경상
2022031700100217,2022년 3월 17일 15시,목요일,충청북도 충주시 칠금동,경상사고,0,0,1,0,차대차 - 측면충돌,교차로운행방법위반,건조,맑음,교차로 - 교차로안,승용,남,74세,상해없음,승용,남,35세,경상
2022031700100243,2022년 3월 17일 16시,목요일,충청북도 청주시 서원구 수곡동,경상사고,0,0,1,0,차대차 - 측면충돌,안전거리미확보,젖음/습기,비,단일로 - 기타,승합,남,59세,상해없음,승용,남,34세,경상
2022031700100294,2022년 3월 17일 18시,목요일,충청북도 청주시 청원구 외평동,경상사고,0,0,1,0,차대차 - 측면충돌,안전운전불이행,젖음/습기,비,단일로 - 기타,기타불명,기타불명,미분류,기타불명,승합,남,54세,상해없음
2022031700100295,2022년 3월 17일 18시,목요일,충청북도 청주시 흥덕구 봉명동,경상사고,0,0,1,0,차대사람 - 횡단중,보행자보호의무위반,젖음/습기,비,교차로 - 교차로횡단보도내,승합,남,67세,상해없음,보행자,여,23세,경상
2022031700100296,2022년 3월 17일 18시,목요일,충청북도 청주시 상당구 탑동,경상사고,0,0,2,0,차대차 - 추돌,안전운전불이행,젖음/습기,비,단일로 - 기타,승용,남,49세,상해없음,승용,남,65세,경상
2022031700100343,2022년 3월 17일 19시,목요일,충청북도 청주시 서원구 사창동,경상사고,0,0,2,0,차대차 - 추돌,안전운전불이행,젖음/습기,비,교차로 - 교차로부근,승용,남,26세,상해없음,이륜,남,53세,경상
2022031700100344,2022년 3월 17일 19시,목요일,충청북도 청주시 상당구 용암동,경상사고,0,0,1,0,차대차 - 기타,안전운전불이행,건조,맑음,교차로 - 교차로안,승용,남,45세,상해없음,승합,남,43세,상해없음
2022031700100386,2022년 3월 17일 20시,목요일,충청북도 청주시 흥덕구 비하동,경상사고,0,0,1,0,차대사람 - 차도통행중,교차로운행방법위반,젖음/습기,비,단일로 - 기타,승용,남,24세,상해없음,보행자,남,51세,경상
2022031700100421,2022년 3월 17일 21시,목요일,충청북도 청주시 청원구 내덕동,경상사고,0,0,1,0,차대차 - 측면충돌,안전거리미확보,젖음/습기,비,단일로 - 교량,이륜,남,35세,경상,승용,남,29세,상해없음
2022031700100446,2022년 3월 17일 22시,목요일,충청북도 음성군 금왕읍,경상사고,0,0,1,0,차대차 - 추돌,안전운전불이행,젖음/습기,비,단일로 - 기타,승용,남,54세,상해없음,승용,여,32세,경상
2022031700100472,2022년 3월 17일 23시,목요일,충청북도 청주시 흥덕구 복대동,경상사고,0,0,1,0,차대사람 - 횡단중,안전운전불이행,젖음/습기,비,교차로 - 교차로횡단보도내,승용,여,44세,상해없음,보행자,남,28세,경상
2022031800100007,2022년 3월 18일 00시,금요일,충청북도 음성군 맹동면,경상사고,0,0,2,0,차대차 - 추돌,안전운전불이행,젖음/습기,비,교차로 - 교차로부근,승용,남,57세,상해없음,승용,여,30세,경상
2022031800100014,2022년 3월 18일 01시,금요일,충청북도 청주시 상당구 방서동,중상사고,0,1,3,0,차대차 - 추돌,안전운전불이행,건조,맑음,교차로 - 교차로부근,승용,남,27세,상해없음,승용,남,47세,중상
2022031800100016,2022년 3월 18일 02시,금요일,충청북도 청주시 청원구 사천동,경상사고,0,0,1,0,차대차 - 추돌,안전운전불이행,건조,맑음,단일로 - 기타,승용,여,46세,상해없음,승용,남,64세,상해없음
2022031800100029,2022년 3월 18일 05시,금요일,충청북도 진천군 진천읍,경상사고,0,0,1,0,차대차 - 측면충돌,중앙선침범,젖음/습기,비,단일로 - 지하차도(도로)내,화물,남,68세,상해없음,승용,남,66세,경상
2022031800100090,2022년 3월 18일 10시,금요일,충청북도 청주시 흥덕구 휴암동,경상사고,0,0,6,1,차대차 - 추돌,안전거리미확보,건조,맑음,단일로 - 기타,승합,남,60세,상해없음,승합,남,47세,상해없음
2022031800100108,2022년 3월 18일 11시,금요일,충청북도 청주시 흥덕구 가경동,중상사고,0,1,0,0,차대차 - 측면충돌,중앙선침범,젖음/습기,흐림,단일로 - 기타,승용,남,72세,상해없음,이륜,남,28세,중상
2022031800100152,2022년 3월 18일 13시,금요일,충청북도 진천군 진천읍,경상사고,0,0,1,0,차대차 - 측면충돌,직진우회전진행방해,건조,맑음,교차로 - 교차로안,승용,남,66세,상해없음,승용,여,51세,경상
2022031800100171,2022년 3월 18일 14시,금요일,충청북도 진천군 진천읍,경상사고,0,0,1,0,차대차 - 측면충돌,안전운전불이행,건조,맑음,교차로 - 교차로안,승용,남,58세,상해없음,화물,여,58세,경상
2022031800100172,2022년 3월 18일 14시,금요일,충청북도 청주시 상당구 서운동,경상사고,0,0,1,0,차대차 - 측면충돌,안전운전불이행,건조,맑음,단일로 - 기타,화물,남,54세,상해없음,화물,남,24세,경상
2022031800100173,2022년 3월 18일 14시,금요일,충청북도 충주시 산척면,중상사고,0,2,1,0,차대차 - 추돌,안전운전불이행,건조,맑음,단일로 - 기타,화물,남,53세,상해없음,건설기계,남,49세,중상
2022031800100186,2022년 3월 18일 15시,금요일,충청북도 청주시 청원구 우암동,경상사고,0,0,2,0,차대차 - 기타,안전운전불이행,건조,기타,기타 - 기타,승용,여,56세,상해없음,승용,남,38세,경상
2022031800100217,2022년 3월 18일 16시,금요일,충청북도 청주시 흥덕구 서촌동,경상사고,0,0,1,0,차대차 - 추돌,안전운전불이행,젖음/습기,비,교차로 - 교차로부근,승용,남,35세,상해없음,승용,여,35세,경상
2022031800100244,2022년 3월 18일 17시,금요일,충청북도 진천군 초평면,경상사고,0,0,1,0,차대차 - 측면충돌,신호위반,건조,맑음,교차로 - 교차로안,승용,여,57세,상해없음,승용,남,45세,경상
2022031800100270,2022년 3월 18일 18시,금요일,충청북도 청주시 서원구 사창동,경상사고,0,0,1,0,차대차 - 기타,안전거리미확보,건조,맑음,교차로 - 교차로부근,승용,여,42세,상해없음,이륜,남,42세,경상
2022031800100271,2022년 3월 18일 18시,금요일,충청북도 청주시 흥덕구 복대동,경상사고,0,0,1,0,차대차 - 기타,신호위반,건조,맑음,교차로 - 교차로안,승용,여,56세,상해없음,이륜,남,21세,경상
2022031800100309,2022년 3월 18일 19시,금요일,충청북도 청주시 서원구 사창동,경상사고,0,0,1,0,차대차 - 정면충돌,안전운전불이행,젖음/습기,흐림,교차로 - 교차로부근,승용,남,27세,상해없음,이륜,남,26세,경상
2022031800100310,2022년 3월 18일 19시,금요일,충청북도 청주시 상당구 용암동,경상사고,0,0,2,0,차대차 - 추돌,안전운전불이행,건조,맑음,단일로 - 지하차도(도로)내,승용,여,23세,상해없음,승용,남,47세,경상
2022031800100386,2022년 3월 18일 22시,금요일,충청북도 청주시 서원구 산남동,중상사고,0,1,0,0,차대차 - 기타,신호위반,건조,맑음,교차로 - 교차로안,승용,여,55세,상해없음,이륜,남,27세,중상
2022031800100415,2022년 3월 18일 23시,금요일,충청북도 옥천군 이원면,경상사고,0,0,1,0,차대차 - 기타,안전운전불이행,젖음/습기,흐림,기타 - 기타,화물,남,62세,상해없음,특수,남,55세,경상
2022031800100416,2022년 3월 18일 23시,금요일,충청북도 청주시 흥덕구 오송읍,경상사고,0,0,1,0,차대차 - 정면충돌,신호위반,건조,맑음,단일로 - 기타,승용,남,51세,상해없음,승용,남,60세,경상
2022031800100417,2022년 3월 18일 23시,금요일,충청북도 청주시 상당구 용암동,경상사고,0,0,1,0,차대차 - 측면충돌,안전운전불이행,건조,맑음,교차로 - 교차로부근,승용,남,39세,상해없음,승합,남,47세,경상
2022031900100023,2022년 3월 19일 02시,토요일,충청북도 증평군 증평읍,경상사고,0,0,2,0,차대차 - 측면충돌,신호위반,건조,맑음,교차로 - 교차로안,승용,남,34세,경상,화물,남,49세,경상
2022031900100086,2022년 3월 19일 10시,토요일,충청북도 청주시 흥덕구 복대동,경상사고,0,0,1,0,차대차 - 측면충돌,직진우회전진행방해,젖음/습기,비,교차로 - 교차로안,승용,여,29세,경상,승용,남,32세,상해없음
2022031900100114,2022년 3월 19일 11시,토요일,충청북도 충주시 용산동,경상사고,0,0,1,0,차대차 - 측면충돌,안전거리미확보,젖음/습기,비,단일로 - 기타,승용,여,68세,상해없음,승용,남,29세,경상
2022031900100146,2022년 3월 19일 12시,토요일,충청북도 청주시 청원구 내덕동,경상사고,0,0,1,0,차대차 - 기타,안전운전불이행,건조,맑음,단일로 - 기타,승용,남,46세,기타불명,승용,여,56세,경상
2022031900100147,2022년 3월 19일 12시,토요일,충청북도 청주시 서원구 수곡동,경상사고,0,0,1,0,차대차 - 기타,교차로운행방법위반,건조,맑음,교차로 - 교차로안,승용,여,61세,상해없음,이륜,남,23세,경상
2022031900100208,2022년 3월 19일 14시,토요일,충청북도 진천군 진천읍,경상사고,0,0,3,0,차대차 - 측면충돌,직진우회전진행방해,건조,맑음,교차로 - 교차로안,승용,남,30세,상해없음,승용,여,41세,경상
2022031900100209,2022년 3월 19일 14시,토요일,충청북도 청주시 흥덕구 가경동,경상사고,0,0,1,0,차대차 - 측면충돌,안전운전불이행,건조,맑음,교차로 - 교차로안,승용,남,43세,상해없음,이륜,남,26세,경상
2022031900100226,2022년 3월 19일 15시,토요일,충청북도 충주시 용산동,중상사고,0,1,0,0,차대차 - 측면충돌,안전운전불이행,젖음/습기,흐림,교차로 - 교차로안,승합,남,61세,상해없음,자전거,남,8세,중상
2022031900100255,2022년 3월 19일 16시,토요일,충청북도 충주시 용탄동,경상사고,0,0,2,0,차대차 - 기타,신호위반,건조,맑음,교차로 - 교차로안,승용,남,63세,상해없음,화물,남,38세,경상
2022031900100256,2022년 3월 19일 16시,토요일,충청북도 청주시 상당구 금천동,경상사고,0,0,1,0,차대차 - 측면충돌,안전운전불이행,건조,맑음,단일로 - 기타,승용,남,49세,기타불명,화물,남,45세,경상
2022031900100307,2022년 3월 19일 18시,토요일,충청북도 청주시 흥덕구 복대동,중상사고,0,1,0,0,차대차 - 기타,신호위반,건조,맑음,교차로 - 교차로부근,승용,남,40세,상해없음,이륜,남,31세,중상
2022031900100328,2022년 3월 19일 19시,토요일,충청북도 청주시 청원구 율량동,경상사고,0,0,3,0,차대차 - 추돌,안전운전불이행,건조,맑음,단일로 - 기타,승용,여,61세,기타불명,승용,남,49세,경상
2022031900100384,2022년 3월 19일 21시,토요일,충청북도 진천군 진천읍,중상사고,0,1,0,0,차대사람 - 차도통행중,안전운전불이행,건조,맑음,단일로 - 지하차도(도로)내,승용,여,44세,상해없음,보행자,여,56세,중상
2022032000100049,2022년 3월 20일 10시,일요일,충청북도 충주시 문화동,경상사고,0,0,1,0,차대차 - 측면충돌,신호위반,건조,맑음,교차로 - 교차로안,승용,남,50세,상해없음,승용,남,51세,경상
2022032000100062,2022년 3월 20일 11시,일요일,충청북도 보은군 보은읍,경상사고,0,0,3,0,차대차 - 추돌,교차로운행방법위반,건조,맑음,교차로 - 교차로안,승용,남,60세,상해없음,승용,남,69세,경상
2022032000100097,2022년 3월 20일 13시,일요일,충청북도 청주시 흥덕구 외북동,경상사고,0,0,1,0,차대차 - 추돌,안전운전불이행,건조,맑음,교차로 - 교차로부근,승용,남,33세,상해없음,승용,여,65세,경상
2022032000100173,2022년 3월 20일 16시,일요일,충청북도 영동군 영동읍,경상사고,0,0,2,0,차대차 - 후진중충돌,안전운전불이행,건조,맑음,주차장 - 주차장,화물,남,72세,상해없음,승용,여,32세,경상
2022032000100230,2022년 3월 20일 19시,일요일,충청북도 충주시 호암동,중상사고,0,1,0,0,차대차 - 측면충돌,안전거리미확보,건조,맑음,교차로 - 교차로부근,승용,남,34세,상해없음,승용,여,54세,중상
2022032000100231,2022년 3월 20일 19시,일요일,충청북도 청주시 상당구 금천동,경상사고,0,0,1,0,차대차 - 기타,안전운전불이행,건조,맑음,교차로 - 교차로안,이륜,남,33세,경상,승용,남,68세,상해없음
2022032000100254,2022년 3월 20일 20시,일요일,충청북도 청주시 흥덕구 가경동,경상사고,0,0,2,0,차대차 - 기타,안전거리미확보,건조,맑음,단일로 - 기타,승용,남,60세,상해없음,승용,여,59세,경상
2022032000100255,2022년 3월 20일 20시,일요일,충청북도 청주시 상당구 용암동,경상사고,0,0,1,0,차대차 - 기타,신호위반,건조,흐림,교차로 - 교차로안,이륜,남,15세,상해없음,이륜,여,17세,경상
2022032000100275,2022년 3월 20일 21시,일요일,충청북도 청주시 흥덕구 복대동,경상사고,0,0,1,0,차대차 - 측면충돌,안전운전불이행,건조,맑음,교차로 - 교차로안,승용,여,44세,상해없음,승용,남,23세,경상
2022032000100291,2022년 3월 20일 22시,일요일,충청북도 청주시 흥덕구 오송읍,중상사고,0,1,0,0,차대차 - 기타,안전운전불이행,건조,맑음,단일로 - 기타,승용,남,54세,상해없음,개인형이동수단(PM),남,56세,중상
2022032100100014,2022년 3월 21일 02시,월요일,충청북도 옥천군 옥천읍,경상사고,0,0,1,0,차대사람 - 횡단중,보행자보호의무위반,건조,맑음,교차로 - 교차로안,화물,남,69세,상해없음,보행자,여,75세,경상
2022032100100032,2022년 3월 21일 06시,월요일,충청북도 음성군 금왕읍,중상사고,0,1,0,0,차대사람 - 차도통행중,중앙선침범,건조,맑음,단일로 - 기타,승용,남,67세,상해없음,보행자,남,74세,중상
2022032100100039,2022년 3월 21일 07시,월요일,충청북도 청주시 청원구 북이면,경상사고,0,0,3,0,차대차 - 추돌,안전거리미확보,건조,맑음,단일로 - 기타,승용,남,27세,경상,승용,남,43세,경상
2022032100100063,2022년 3월 21일 08시,월요일,충청북도 청주시 상당구 북문로3가,중상사고,0,1,0,0,차대사람 - 기타,안전운전불이행,건조,맑음,단일로 - 기타,자전거,남,68세,상해없음,보행자,여,80세,중상
2022032100100064,2022년 3월 21일 08시,월요일,충청북도 진천군 광혜원면,중상사고,0,1,0,0,차대차 - 추돌,직진우회전진행방해,건조,맑음,교차로 - 교차로안,승용,남,43세,상해없음,승용,여,53세,중상
2022032100100092,2022년 3월 21일 09시,월요일,충청북도 청주시 상당구 용암동,중상사고,0,1,1,0,차대차 - 추돌,안전거리미확보,건조,맑음,단일로 - 지하차도(도로)내,승용,남,28세,상해없음,승용,남,25세,경상
2022032100100115,2022년 3월 21일 10시,월요일,충청북도 진천군 덕산읍,경상사고,0,0,2,0,차대차 - 측면충돌,신호위반,건조,맑음,교차로 - 교차로안,사륜오토바이(ATV),남,81세,경상,승용,남,73세,경상
2022032100100214,2022년 3월 21일 14시,월요일,충청북도 충주시 용탄동,경상사고,0,0,2,0,차대차 - 추돌,신호위반,건조,맑음,교차로 - 교차로안,화물,남,64세,상해없음,화물,남,56세,경상
2022032100100215,2022년 3월 21일 14시,월요일,충청북도 충주시 목행동,경상사고,0,0,1,0,차대차 - 기타,안전운전불이행,건조,맑음,교차로 - 교차로안,승용,여,54세,상해없음,자전거,남,69세,경상
2022032100100216,2022년 3월 21일 14시,월요일,충청북도 청주시 흥덕구 송정동,경상사고,0,0,1,0,차대차 - 측면충돌,교차로운행방법위반,건조,맑음,교차로 - 교차로안,승용,여,27세,상해없음,승용,여,24세,경상
2022032100100242,2022년 3월 21일 15시,월요일,충청북도 충주시 용산동,중상사고,0,1,0,0,차대사람 - 횡단중,보행자보호의무위반,건조,맑음,단일로 - 기타,승용,남,70세,상해없음,보행자,남,15세,중상
2022032100100274,2022년 3월 21일 16시,월요일,충청북도 충주시 주덕읍,중상사고,0,1,1,0,차대차 - 측면충돌,교차로운행방법위반,건조,맑음,교차로 - 교차로안,화물,남,62세,상해없음,화물,남,76세,경상
2022032100100330,2022년 3월 21일 18시,월요일,충청북도 충주시 수안보면,경상사고,0,0,2,0,차대차 - 정면충돌,직진우회전진행방해,건조,맑음,교차로 - 교차로안,승용,남,62세,경상,승용,여,21세,경상
2022032100100372,2022년 3월 21일 20시,월요일,충청북도 청주시 서원구 개신동,부상신고사고,0,0,0,1,차대사람 - 차도통행중,안전운전불이행,건조,맑음,단일로 - 기타,기타불명,기타불명,미분류,기타불명,보행자,남,60세,부상신고
2022032100100426,2022년 3월 21일 23시,월요일,충청북도 청주시 서원구 사창동,경상사고,0,0,2,0,차대차 - 정면충돌,신호위반,건조,맑음,교차로 - 교차로부근,승용,남,42세,상해없음,승용,남,62세,경상
2022032100100427,2022년 3월 21일 23시,월요일,충청북도 충주시 대소원면,경상사고,0,0,1,0,차대차 - 측면충돌,안전운전불이행,건조,맑음,단일로 - 기타,승용,남,53세,상해없음,화물,남,41세,경상
2022032100100428,2022년 3월 21일 23시,월요일,충청북도 청주시 서원구 분평동,중상사고,0,1,0,0,차대사람 - 횡단중,안전운전불이행,건조,맑음,교차로 - 교차로횡단보도내,승용,남,49세,상해없음,보행자,남,49세,중상
2022032200100026,2022년 3월 22일 07시,화요일,충청북도 청주시 흥덕구 복대동,경상사고,0,0,1,0,차대사람 - 횡단중,안전운전불이행,건조,맑음,교차로 - 교차로안,승용,남,49세,상해없음,보행자,여,41세,경상
2022032200100047,2022년 3월 22일 08시,화요일,충청북도 청주시 청원구 내덕동,경상사고,0,0,1,0,차대사람 - 기타,안전운전불이행,건조,맑음,단일로 - 기타,승용,여,31세,기타불명,보행자,남,58세,경상
2022032200100048,2022년 3월 22일 08시,화요일,충청북도 음성군 금왕읍,중상사고,0,1,2,0,차대차 - 추돌,안전거리미확보,건조,맑음,단일로 - 기타,화물,남,57세,상해없음,화물,남,65세,중상
2022032200100067,2022년 3월 22일 09시,화요일,충청북도 청주시 서원구 남이면,경상사고,0,0,1,1,차대차 - 후진중충돌,안전운전불이행,건조,맑음,단일로 - 기타,화물,남,54세,부상신고,특수,남,47세,경상
2022032200100095,2022년 3월 22일 10시,화요일,충청북도 증평군 증평읍,경상사고,0,0,1,0,차대차 - 측면충돌,직진우회전진행방해,건조,맑음,교차로 - 교차로안,승용,남,58세,기타불명,승용,여,50세,경상
2022032200100119,2022년 3월 22일 11시,화요일,충청북도 충주시 금릉동,중상사고,0,2,0,0,차대차 - 측면충돌,안전운전불이행,건조,맑음,교차로 - 교차로부근,화물,남,75세,상해없음,이륜,남,74세,중상
2022032200100120,2022년 3월 22일 11시,화요일,충청북도 괴산군 감물면,부상신고사고,0,0,0,1,차량단독 - 도로외이탈 - 추락,안전운전불이행,건조,맑음,교차로 - 교차로부근,특수,남,50세,부상신고,,,,
2022032200100121,2022년 3월 22일 11시,화요일,충청북도 청주시 흥덕구 석곡동,경상사고,0,0,1,0,차대차 - 추돌,안전운전불이행,건조,맑음,교차로 - 교차로부근,화물,남,57세,상해없음,승용,여,50세,경상
2022032200100122,2022년 3월 22일 11시,화요일,충청북도 청주시 서원구 남이면,경상사고,0,0,3,0,차대차 - 측면충돌,교차로운행방법위반,건조,맑음,교차로 - 교차로안,승용,여,73세,상해없음,승합,남,57세,경상
2022032200100138,2022년 3월 22일 12시,화요일,충청북도 진천군 덕산읍,중상사고,0,1,0,0,차량단독 - 전도전복 - 전도,안전운전불이행,건조,맑음,단일로 - 지하차도(도로)내,이륜,남,31세,중상,,,,
2022032200100174,2022년 3월 22일 13시,화요일,충청북도 영동군 양강면,경상사고,0,0,1,0,차대차 - 추돌,안전운전불이행,건조,맑음,단일로 - 기타,화물,남,56세,상해없음,화물,남,73세,경상
2022032200100259,2022년 3월 22일 16시,화요일,충청북도 괴산군 괴산읍,경상사고,0,0,2,0,차대차 - 측면충돌,직진우회전진행방해,건조,맑음,교차로 - 교차로안,승용,남,32세,상해없음,승용,남,68세,경상
2022032200100260,2022년 3월 22일 16시,화요일,충청북도 음성군 맹동면,중상사고,0,1,0,0,차대차 - 측면충돌,교차로운행방법위반,건조,맑음,교차로 - 교차로안,승용,남,48세,상해없음,이륜,남,28세,중상
2022032200100261,2022년 3월 22일 16시,화요일,충청북도 옥천군 옥천읍,경상사고,0,0,1,0,차대차 - 측면충돌,안전운전불이행,건조,맑음,기타 - 기타,승용,남,80세,상해없음,이륜,남,70세,경상
2022032200100295,2022년 3월 22일 17시,화요일,충청북도 청주시 청원구 사천동,경상사고,0,0,1,0,차대사람 - 기타,안전운전불이행,건조,맑음,교차로 - 교차로안,승용,남,60세,상해없음,보행자,여,8세,경상