사고번호,사고일시,요일,시군구,사고내용,사망자수,중상자수,경상자수,부상신고자수,사고유형,법규위반,노면상태,기상상태,도로형태,가해운전자 차종,가해운전자 성별,가해운전자 연령,가해운전자 상해정도,피해운전자 차종,피해운전자 성별,피해운전자 연령,피해운전자 상해정도
2022040400100307,2022년 4월 4일 15시,월요일,충청북도 청주시 상당구 용담동,경상사고,0,0,3,0,차대차 - 측면충돌,안전운전불이행,건조,맑음,교차로 - 교차로부근,승용,남,46세,상해없음,승용,남,34세,경상
2022040400100343,2022년 4월 4일 16시,월요일,충청북도 청주시 청원구 내수읍,중상사고,0,2,1,0,차대차 - 기타,교차로운행방법위반,건조,맑음,교차로 - 교차로부근,특수,남,29세,상해없음,화물,남,45세,경상
2022040400100344,2022년 4월 4일 16시,월요일,충청북도 진천군 이월면,중상사고,0,1,0,0,차대차 - 추돌,안전거리미확보,건조,맑음,단일로 - 지하차도(도로)내,특수,남,49세,상해없음,승용,남,39세,중상
2022040400100379,2022년 4월 4일 17시,월요일,충청북도 청주시 서원구 사창동,경상사고,0,0,1,0,차대차 - 기타,신호위반,건조,맑음,교차로 - 교차로안,승용,여,46세,기타불명,승용,남,27세,경상
2022040400100380,2022년 4월 4일 17시,월요일,충청북도 충주시 살미면,경상사고,0,0,2,0,차대차 - 기타,안전운전불이행,건조,맑음,단일로 - 기타,특수,남,45세,상해없음,화물,남,53세,경상
2022040400100381,2022년 4월 4일 17시,월요일,충청북도 진천군 진천읍,경상사고,0,0,1,0,차대사람 - 횡단중,보행자보호의무위반,건조,맑음,단일로 - 지하차도(도로)내,화물,남,73세,상해없음,보행자,여,66세,경상
2022040400100486,2022년 4월 4일 20시,월요일,충청북도 음성군 대소면,경상사고,0,0,1,0,차대차 - 측면충돌,안전운전불이행,건조,맑음,교차로 - 교차로안,승용,남,52세,상해없음,승용,남,45세,경상
2022040400100487,2022년 4월 4일 20시,월요일,충청북도 청주시 상당구 남일면,중상사고,0,1,0,0,차대차 - 측면충돌,안전운전불이행,건조,맑음,단일로 - 기타,승합,남,54세,상해없음,이륜,남,53세,중상
2022040400100535,2022년 4월 4일 23시,월요일,충청북도 청주시 서원구 산남동,경상사고,0,0,1,0,차대사람 - 횡단중,안전운전불이행,건조,맑음,단일로 - 지하차도(도로)내,기타불명,기타불명,미분류,기타불명,보행자,남,17세,경상
2022040500100024,2022년 4월 5일 03시,화요일,충청북도 청주시 흥덕구 복대동,중상사고,0,1,0,0,차대사람 - 기타,안전운전불이행,건조,맑음,교차로 - 교차로부근,화물,남,53세,상해없음,보행자,남,55세,중상
2022040500100054,2022년 4월 5일 07시,화요일,충청북도 청주시 상당구 용암동,경상사고,0,0,1,0,차대차 - 추돌,안전운전불이행,건조,맑음,단일로 - 기타,승용,남,61세,상해없음,승용,남,33세,경상
2022040500100085,2022년 4월 5일 08시,화요일,충청북도 청주시 흥덕구 정봉동,경상사고,0,0,1,0,차대차 - 측면충돌,교차로운행방법위반,건조,맑음,교차로 - 교차로안,화물,남,61세,상해없음,승용,여,62세,경상
2022040500100122,2022년 4월 5일 09시,화요일,충청북도 충주시 봉방동,경상사고,0,0,1,0,차대차 - 측면충돌,안전운전불이행,건조,맑음,단일로 - 지하차도(도로)내,승용,남,74세,상해없음,승용,여,45세,경상
2022040500100123,2022년 4월 5일 09시,화요일,충청북도 제천시 백운면,중상사고,0,1,0,0,차대사람 - 기타,안전운전불이행,건조,맑음,단일로 - 기타,건설기계,남,53세,상해없음,보행자,남,66세,중상
2022040500100124,2022년 4월 5일 09시,화요일,충청북도 음성군 금왕읍,경상사고,0,0,1,0,차량단독 - 공작물충돌,안전운전불이행,건조,맑음,교차로 - 교차로안,승용,여,62세,경상,,,,
2022040500100152,2022년 4월 5일 10시,화요일,충청북도 청주시 서원구 모충동,경상사고,0,0,1,0,차대사람 - 기타,안전운전불이행,건조,맑음,교차로 - 교차로부근,승용,여,31세,상해없음,보행자,여,39세,경상
2022040500100179,2022년 4월 5일 11시,화요일,충청북도 청주시 서원구 사직동,경상사고,0,0,2,0,차대차 - 기타,안전거리미확보,건조,맑음,기타 - 기타,승용,남,51세,상해없음,승용,여,56세,경상
2022040500100180,2022년 4월 5일 11시,화요일,충청북도 충주시 문화동,경상사고,0,0,1,0,차대차 - 측면충돌,안전운전불이행,건조,맑음,단일로 - 기타,승합,남,66세,상해없음,승용,여,57세,경상
2022040500100181,2022년 4월 5일 11시,화요일,충청북도 청주시 흥덕구 강내면,부상신고사고,0,0,0,1,차대차 - 추돌,안전운전불이행,건조,맑음,단일로 - 기타,화물,남,56세,상해없음,이륜,남,86세,부상신고
2022040500100219,2022년 4월 5일 12시,화요일,충청북도 충주시 충의동,경상사고,0,0,1,0,차대사람 - 차도통행중,안전운전불이행,건조,맑음,단일로 - 기타,승용,남,69세,상해없음,보행자,여,71세,경상
2022040500100220,2022년 4월 5일 12시,화요일,충청북도 충주시 동량면,중상사고,0,1,0,0,차대차 - 측면충돌,중앙선침범,건조,맑음,단일로 - 기타,승용,여,52세,상해없음,이륜,남,34세,중상
2022040500100251,2022년 4월 5일 13시,화요일,충청북도 옥천군 옥천읍,경상사고,0,0,1,0,차대사람 - 기타,안전운전불이행,건조,맑음,교차로 - 교차로부근,승용,남,82세,상해없음,보행자,남,84세,경상
2022040500100252,2022년 4월 5일 13시,화요일,충청북도 청주시 흥덕구 가경동,경상사고,0,0,1,0,차대차 - 기타,안전운전불이행,건조,맑음,기타 - 기타,승합,남,40세,상해없음,승합,남,69세,상해없음
2022040500100286,2022년 4월 5일 14시,화요일,충청북도 청주시 흥덕구 가경동,경상사고,0,0,1,0,차대차 - 측면충돌,안전운전불이행,건조,맑음,교차로 - 교차로안,승용,여,56세,상해없음,이륜,남,44세,경상
2022040500100317,2022년 4월 5일 15시,화요일,충청북도 제천시 청풍면,경상사고,0,0,4,0,차대차 - 측면충돌,직진우회전진행방해,건조,맑음,교차로 - 교차로안,승용,여,64세,상해없음,승합,남,68세,경상
2022040500100379,2022년 4월 5일 17시,화요일,충청북도 청주시 흥덕구 가경동,중상사고,0,1,0,0,차대차 - 측면충돌,안전운전불이행,건조,맑음,교차로 - 교차로안,승용,남,43세,상해없음,개인형이동수단(PM),남,16세,중상
2022040500100415,2022년 4월 5일 18시,화요일,충청북도 제천시 두학동,경상사고,0,0,1,0,차량단독 - 공작물충돌,안전운전불이행,건조,맑음,단일로 - 기타,승용,남,33세,경상,,,,
2022040500100416,2022년 4월 5일 18시,화요일,충청북도 음성군 대소면,경상사고,0,0,3,0,차대차 - 기타,교차로운행방법위반,건조,맑음,교차로 - 교차로안,승용,여,53세,상해없음,승용,여,20세,경상
2022040500100451,2022년 4월 5일 19시,화요일,충청북도 제천시 왕암동,중상사고,0,1,0,0,차대차 - 측면충돌,안전운전불이행,건조,맑음,교차로 - 교차로부근,승용,여,41세,상해없음,승용,남,43세,중상
2022040500100452,2022년 4월 5일 19시,화요일,충청북도 보은군 산외면,경상사고,0,0,1,0,차대차 - 측면충돌,기타,건조,맑음,단일로 - 고가도로위,승용,남,51세,상해없음,승용,남,38세,경상
2022040500100475,2022년 4월 5일 20시,화요일,충청북도 청주시 흥덕구 복대동,부상신고사고,0,0,0,1,차대사람 - 보도통행중,안전운전불이행,건조,맑음,단일로 - 기타,승합,남,61세,상해없음,보행자,남,48세,부상신고
2022040500100504,2022년 4월 5일 21시,화요일,충청북도 청주시 상당구 용담동,경상사고,0,0,1,0,차대차 - 기타,안전거리미확보,건조,흐림,교차로 - 교차로부근,승용,남,59세,상해없음,이륜,남,33세,경상
2022040500100529,2022년 4월 5일 22시,화요일,충청북도 진천군 문백면,중상사고,0,1,1,0,차대차 - 측면충돌,직진우회전진행방해,건조,맑음,교차로 - 교차로안,승용,남,27세,기타불명,승용,남,62세,경상
2022040500100555,2022년 4월 5일 23시,화요일,충청북도 청주시 서원구 수곡동,중상사고,0,1,0,0,차대차 - 추돌,안전운전불이행,건조,흐림,교차로 - 교차로부근,승용,남,47세,상해없음,승용,남,68세,중상
2022040600100043,2022년 4월 6일 06시,수요일,충청북도 청주시 흥덕구 오송읍,경상사고,0,0,1,0,차대차 - 기타,안전운전불이행,건조,맑음,단일로 - 기타,승용,남,62세,상해없음,승용,남,50세,경상
2022040600100084,2022년 4월 6일 08시,수요일,충청북도 청주시 청원구 오창읍,경상사고,0,0,1,0,차대차 - 측면충돌,교차로운행방법위반,건조,맑음,교차로 - 교차로안,승용,남,28세,상해없음,승용,남,30세,경상
2022040600100133,2022년 4월 6일 10시,수요일,충청북도 괴산군 불정면,경상사고,0,0,1,0,차대차 - 측면충돌,직진우회전진행방해,건조,맑음,교차로 - 교차로안,승용,남,78세,상해없음,건설기계,남,50세,경상
2022040600100162,2022년 4월 6일 11시,수요일,충청북도 음성군 맹동면,경상사고,0,0,1,0,차대차 - 기타,안전거리미확보,건조,맑음,단일로 - 기타,화물,남,53세,상해없음,승용,남,40세,경상
2022040600100215,2022년 4월 6일 13시,수요일,충청북도 제천시 고명동,경상사고,0,0,2,0,차대차 - 정면충돌,신호위반,건조,맑음,교차로 - 교차로안,승용,남,40세,상해없음,승용,남,45세,경상
2022040600100216,2022년 4월 6일 13시,수요일,충청북도 청주시 서원구 개신동,경상사고,0,0,1,0,차대차 - 측면충돌,신호위반,건조,맑음,교차로 - 교차로안,승용,남,74세,상해없음,이륜,남,28세,경상
2022040600100267,2022년 4월 6일 15시,수요일,충청북도 청주시 흥덕구 송정동,경상사고,0,0,3,0,차대차 - 측면충돌,안전운전불이행,건조,맑음,교차로 - 교차로안,화물,남,66세,경상,승용,남,29세,경상
2022040600100308,2022년 4월 6일 16시,수요일,충청북도 영동군 상촌면,중상사고,0,3,1,0,차량단독 - 공작물충돌,안전운전불이행,건조,맑음,단일로 - 기타,화물,남,73세,경상,,,,
2022040600100351,2022년 4월 6일 17시,수요일,충청북도 영동군 심천면,중상사고,0,3,1,0,차대차 - 정면충돌,중앙선침범,건조,맑음,단일로 - 기타,화물,남,33세,상해없음,승용,남,61세,경상
2022040600100398,2022년 4월 6일 18시,수요일,충청북도 청주시 서원구 사창동,경상사고,0,0,1,0,차대차 - 측면충돌,기타,건조,맑음,단일로 - 기타,화물,남,25세,상해없음,승용,여,52세,경상
2022040600100399,2022년 4월 6일 18시,수요일,충청북도 청주시 흥덕구 오송읍,중상사고,0,1,0,0,차대차 - 기타,기타,건조,맑음,단일로 - 기타,승용,남,70세,상해없음,자전거,남,68세,중상
2022040600100439,2022년 4월 6일 19시,수요일,충청북도 청주시 흥덕구 복대동,중상사고,0,1,0,0,차대차 - 측면충돌,안전운전불이행,건조,맑음,교차로 - 교차로안,승용,남,22세,상해없음,이륜,남,16세,중상
2022040700100015,2022년 4월 7일 00시,목요일,충청북도 청주시 흥덕구 오송읍,중상사고,0,1,0,0,차대차 - 추돌,안전운전불이행,건조,맑음,단일로 - 기타,승용,남,30세,상해없음,승용,남,42세,중상
2022040700100025,2022년 4월 7일 01시,목요일,충청북도 청주시 서원구 사창동,중상사고,0,1,0,0,차대차 - 측면충돌,신호위반,건조,맑음,교차로 - 교차로안,이륜,남,26세,상해없음,화물,남,48세,중상
2022040700100050,2022년 4월 7일 07시,목요일,충청북도 충주시 지현동,사망사고,1,0,1,0,차대차 - 정면충돌,안전운전불이행,건조,맑음,교차로 - 교차로안,승용,여,39세,경상,이륜,남,58세,사망
2022040700100051,2022년 4월 7일 07시,목요일,충청북도 음성군 금왕읍,중상사고,0,1,0,0,차대차 - 측면충돌,안전운전불이행,건조,맑음,교차로 - 교차로안,승용,남,62세,상해없음,승용,남,29세,중상
2022040700100084,2022년 4월 7일 08시,목요일,충청북도 청주시 흥덕구 복대동,중상사고,0,1,0,0,차대차 - 추돌,안전운전불이행,건조,맑음,단일로 - 기타,승용,여,57세,기타불명,승용,남,64세,중상
2022040700100114,2022년 4월 7일 09시,목요일,충청북도 청주시 청원구 내수읍,경상사고,0,0,1,0,차량단독 - 기타,안전운전불이행,건조,맑음,단일로 - 기타,농기계,남,75세,경상,,,,
2022040700100115,2022년 4월 7일 09시,목요일,충청북도 청주시 서원구 죽림동,중상사고,0,1,0,0,차대차 - 측면충돌,신호위반,건조,맑음,교차로 - 교차로안,승용,여,22세,상해없음,승용,여,29세,중상
2022040700100116,2022년 4월 7일 09시,목요일,충청북도 청주시 서원구 장암동,중상사고,0,2,0,0,차대차 - 정면충돌,중앙선침범,건조,맑음,단일로 - 지하차도(도로)내,화물,남,46세,상해없음,승용,남,59세,중상
2022040700100140,2022년 4월 7일 10시,목요일,충청북도 청주시 청원구 내수읍,중상사고,0,1,0,0,차대차 - 정면충돌,안전운전불이행,건조,맑음,단일로 - 기타,이륜,남,79세,중상,화물,남,59세,상해없음
2022040700100141,2022년 4월 7일 10시,목요일,충청북도 청주시 흥덕구 복대동,경상사고,0,0,2,0,차대차 - 기타,교차로운행방법위반,건조,맑음,교차로 - 교차로안,승용,여,24세,경상,승용,남,22세,상해없음
2022040700100142,2022년 4월 7일 10시,목요일,충청북도 청주시 서원구 남이면,경상사고,0,0,1,0,차대사람 - 차도통행중,안전운전불이행,건조,맑음,단일로 - 기타,승용,남,67세,상해없음,보행자,여,25세,경상
2022040700100169,2022년 4월 7일 11시,목요일,충청북도 진천군 진천읍,경상사고,0,0,1,0,차대차 - 측면충돌,교차로운행방법위반,건조,맑음,교차로 - 교차로안,승용,남,32세,상해없음,승용,남,31세,경상
2022040700100203,2022년 4월 7일 12시,목요일,충청북도 옥천군 옥천읍,경상사고,0,0,1,0,차대차 - 측면충돌,안전운전불이행,건조,맑음,단일로 - 기타,승용,남,65세,상해없음,승용,여,50세,경상
2022040700100260,2022년 4월 7일 14시,목요일,충청북도 청주시 상당구 서문동,중상사고,0,1,0,0,차대차 - 측면충돌,안전운전불이행,건조,맑음,교차로 - 교차로안,승용,여,54세,상해없음,이륜,남,37세,중상
2022040700100281,2022년 4월 7일 15시,목요일,충청북도 음성군 맹동면,중상사고,0,1,0,0,차대차 - 측면충돌,교차로운행방법위반,건조,맑음,교차로 - 교차로안,승용,여,54세,중상,화물,남,43세,상해없음
2022040700100313,2022년 4월 7일 16시,목요일,충청북도 청주시 청원구 내덕동,경상사고,0,0,1,0,차대차 - 기타,직진우회전진행방해,건조,맑음,교차로 - 교차로안,승용,여,40세,상해없음,승용,남,35세,경상
2022040700100314,2022년 4월 7일 16시,목요일,충청북도 충주시 칠금동,경상사고,0,0,2,0,차대차 - 측면충돌,안전운전불이행,건조,맑음,단일로 - 기타,승용,남,49세,상해없음,승용,남,53세,경상
2022040700100315,2022년 4월 7일 16시,목요일,충청북도 청주시 상당구 북문로2가,경상사고,0,0,2,0,차대차 - 측면충돌,교차로운행방법위반,건조,맑음,교차로 - 교차로부근,승용,여,56세,경상,승용,남,53세,상해없음
2022040700100369,2022년 4월 7일 17시,목요일,충청북도 증평군 증평읍,중상사고,0,1,0,0,차량단독 - 도로외이탈 - 추락,안전운전불이행,건조,맑음,단일로 - 기타,승용,남,71세,상해없음,,,,
2022040700100417,2022년 4월 7일 18시,목요일,충청북도 영동군 영동읍,경상사고,0,0,1,0,차대차 - 추돌,안전운전불이행,건조,맑음,단일로 - 기타,이륜,남,63세,상해없음,승용,여,61세,경상
2022040700100465,2022년 4월 7일 19시,목요일,충청북도 충주시 연수동,경상사고,0,0,3,0,차대차 - 후진중충돌,안전운전불이행,건조,흐림,단일로 - 기타,화물,남,71세,상해없음,승용,남,36세,경상
2022040700100466,2022년 4월 7일 19시,목요일,충청북도 증평군 증평읍,경상사고,0,0,1,0,차대사람 - 횡단중,보행자보호의무위반,건조,맑음,교차로 - 교차로안,승용,남,37세,상해없음,보행자,남,51세,경상
2022040700100551,2022년 4월 7일 22시,목요일,충청북도 청주시 상당구 용암동,경상사고,0,0,2,0,차대차 - 측면충돌,안전운전불이행,건조,맑음,단일로 - 기타,승용,여,52세,상해없음,승용,여,34세,경상
2022040700100571,2022년 4월 7일 23시,목요일,충청북도 청주시 상당구 용암동,부상신고사고,0,0,0,1,차량단독 - 공작물충돌,신호위반,건조,맑음,단일로 - 기타,승용,남,37세,부상신고,,,,
2022040800100012,2022년 4월 8일 00시,금요일,충청북도 청주시 흥덕구 봉명동,경상사고,0,0,2,0,차대차 - 추돌,안전운전불이행,건조,맑음,단일로 - 기타,승용,남,38세,상해없음,승용,남,59세,경상
2022040800100098,2022년 4월 8일 08시,금요일,충청북도 충주시 대소원면,경상사고,0,0,3,0,차대차 - 측면충돌,신호위반,건조,맑음,교차로 - 교차로안,승용,남,34세,경상,승용,여,18세,경상
2022040800100099,2022년 4월 8일 08시,금요일,충청북도 제천시 청전동,중상사고,0,1,0,0,차대사람 - 기타,안전운전불이행,건조,맑음,기타 - 기타,승용,여,55세,상해없음,보행자,남,41세,중상
2022040800100100,2022년 4월 8일 08시,금요일,충청북도 청주시 흥덕구 복대동,경상사고,0,0,2,0,차대차 - 측면충돌,안전운전불이행,건조,맑음,단일로 - 기타,승용,남,45세,경상,승용,남,31세,경상
2022040800100228,2022년 4월 8일 12시,금요일,충청북도 청주시 흥덕구 봉명동,경상사고,0,0,1,0,차대차 - 측면충돌,안전운전불이행,건조,맑음,단일로 - 기타,원동기,남,31세,상해없음,자전거,여,46세,경상
2022040800100283,2022년 4월 8일 14시,금요일,충청북도 청주시 흥덕구 복대동,부상신고사고,0,0,0,1,차대사람 - 차도통행중,안전운전불이행,건조,맑음,단일로 - 기타,승용,여,48세,상해없음,보행자,남,34세,부상신고
2022040800100284,2022년 4월 8일 14시,금요일,충청북도 청주시 상당구 용암동,중상사고,0,1,0,0,차대차 - 추돌,안전운전불이행,건조,맑음,교차로 - 교차로부근,승용,남,29세,상해없음,화물,남,29세,중상
2022040800100335,2022년 4월 8일 15시,금요일,충청북도 음성군 금왕읍,경상사고,0,0,1,0,차대차 - 추돌,안전운전불이행,건조,맑음,교차로 - 교차로안,승용,남,57세,상해없음,이륜,남,81세,경상
2022040800100336,2022년 4월 8일 15시,금요일,충청북도 옥천군 옥천읍,경상사고,0,0,1,0,차대차 - 기타,안전운전불이행,건조,맑음,교차로 - 교차로안,승용,여,40세,상해없음,이륜,여,59세,경상
2022040800100337,2022년 4월 8일 15시,금요일,충청북도 청주시 서원구 분평동,경상사고,0,0,2,0,차대차 - 추돌,신호위반,건조,맑음,단일로 - 기타,화물,남,55세,상해없음,승용,여,27세,경상
2022040800100379,2022년 4월 8일 16시,금요일,충청북도 청주시 흥덕구 오송읍,경상사고,0,0,1,0,차대차 - 측면충돌,교차로운행방법위반,건조,맑음,교차로 - 교차로부근,승용,남,29세,기타불명,화물,남,55세,경상
2022040800100486,2022년 4월 8일 18시,금요일,충청북도 청주시 청원구 율량동,중상사고,0,1,0,0,차대차 - 기타,교차로운행방법위반,건조,맑음,교차로 - 교차로안,승합,남,62세,상해없음,자전거,남,20세,중상
2022040800100487,2022년 4월 8일 18시,금요일,충청북도 청주시 흥덕구 가경동,부상신고사고,0,0,0,1,차대사람 - 횡단중,안전운전불이행,건조,맑음,교차로 - 교차로횡단보도내,화물,남,60세,상해없음,보행자,남,8세,부상신고
2022040800100603,2022년 4월 8일 20시,금요일,충청북도 청주시 청원구 율량동,경상사고,0,0,1,0,차대사람 - 기타,보행자보호의무위반,건조,맑음,교차로 - 교차로횡단보도내,승용,남,57세,상해없음,보행자,남,54세,경상
2022040800100660,2022년 4월 8일 22시,금요일,충청북도 청주시 흥덕구 옥산면,경상사고,0,0,1,0,차대차 - 추돌,안전운전불이행,건조,맑음,교차로 - 교차로부근,승용,여,36세,기타불명,승용,여,45세,경상
2022040900100034,2022년 4월 9일 01시,토요일,충청북도 청주시 상당구 북문로3가,경상사고,0,0,3,0,차대차 - 기타,안전운전불이행,건조,맑음,교차로 - 교차로부근,승용,남,25세,상해없음,승용,여,55세,경상
2022040900100035,2022년 4월 9일 01시,토요일,충청북도 청주시 흥덕구 서촌동,경상사고,0,0,1,0,차대차 - 추돌,안전거리미확보,건조,맑음,단일로 - 기타,승용,남,32세,상해없음,승용,여,47세,경상
2022040900100043,2022년 4월 9일 02시,토요일,충청북도 청주시 흥덕구 신촌동,경상사고,0,0,2,0,차대차 - 기타,중앙선침범,건조,맑음,단일로 - 고가도로위,기타불명,기타불명,미분류,기타불명,승용,남,27세,경상
2022040900100105,2022년 4월 9일 09시,토요일,충청북도 청주시 흥덕구 봉명동,경상사고,0,0,1,0,차대차 - 기타,안전운전불이행,건조,맑음,교차로 - 교차로부근,승용,남,64세,상해없음,승용,남,39세,경상
2022040900100134,2022년 4월 9일 10시,토요일,충청북도 진천군 덕산읍,중상사고,0,1,1,0,차대차 - 정면충돌,안전운전불이행,건조,맑음,교차로 - 교차로안,승용,남,52세,상해없음,승용,남,22세,중상
2022040900100202,2022년 4월 9일 12시,토요일,충청북도 청주시 청원구 북이면,중상사고,0,1,0,0,차대차 - 추돌,안전운전불이행,건조,맑음,단일로 - 기타,화물,남,53세,상해없음,이륜,남,78세,중상
2022040900100248,2022년 4월 9일 13시,토요일,충청북도 충주시 중앙탑면,경상사고,0,0,1,0,차대차 - 측면충돌,안전운전불이행,건조,맑음,단일로 - 지하차도(도로)내,승용,남,38세,상해없음,승용,여,28세,경상
2022040900100249,2022년 4월 9일 13시,토요일,충청북도 괴산군 칠성면,경상사고,0,0,1,0,차대차 - 기타,안전운전불이행,건조,맑음,교차로 - 교차로안,이륜,남,66세,경상,승용,남,29세,상해없음
2022040900100250,2022년 4월 9일 13시,토요일,충청북도 청주시 상당구 북문로1가,경상사고,0,0,1,0,차대사람 - 기타,안전운전불이행,건조,맑음,교차로 - 교차로안,승용,여,32세,상해없음,보행자,여,68세,경상
2022040900100251,2022년 4월 9일 13시,토요일,충청북도 청주시 상당구 용암동,경상사고,0,0,1,0,차대차 - 측면충돌,신호위반,건조,맑음,교차로 - 교차로안,승용,여,39세,상해없음,이륜,남,18세,경상
2022040900100388,2022년 4월 9일 16시,토요일,충청북도 청주시 흥덕구 봉명동,경상사고,0,0,1,0,차대차 - 측면충돌,신호위반,건조,맑음,교차로 - 교차로부근,승용,남,21세,상해없음,이륜,남,28세,경상
2022040900100433,2022년 4월 9일 17시,토요일,충청북도 음성군 금왕읍,경상사고,0,0,1,0,차대차 - 추돌,안전운전불이행,건조,맑음,교차로 - 교차로안,승합,남,64세,상해없음,승용,여,53세,경상
2022040900100434,2022년 4월 9일 17시,토요일,충청북도 청주시 상당구 용정동,경상사고,0,0,4,0,차대차 - 추돌,안전운전불이행,건조,맑음,단일로 - 지하차도(도로)내,승용,여,61세,상해없음,승용,여,42세,경상
2022040900100503,2022년 4월 9일 19시,토요일,충청북도 청주시 상당구 용암동,경상사고,0,0,1,0,차대차 - 측면충돌,신호위반,건조,맑음,교차로 - 교차로횡단보도내,이륜,남,16세,상해없음,개인형이동수단(PM),남,21세,경상
2022040900100504,2022년 4월 9일 19시,토요일,충청북도 청주시 상당구 남일면,경상사고,0,0,5,0,차대차 - 추돌,안전운전불이행,건조,맑음,단일로 - 지하차도(도로)내,승용,남,38세,경상,승용,남,30세,경상
2022040900100604,2022년 4월 9일 23시,토요일,충청북도 청주시 서원구 분평동,경상사고,0,0,1,0,차대차 - 측면충돌,안전운전불이행,건조,맑음,단일로 - 기타,승용,남,62세,상해없음,승용,남,41세,경상
2022041000100063,2022년 4월 10일 08시,일요일,충청북도 영동군 영동읍,중상사고,0,1,1,0,차대차 - 측면충돌,직진우회전진행방해,건조,맑음,교차로 - 교차로안,승용,여,23세,중상,승용,여,22세,경상
2022041000100076,2022년 4월 10일 09시,일요일,충청북도 청주시 서원구 분평동,경상사고,0,0,1,0,차대차 - 측면충돌,안전운전불이행,건조,맑음,단일로 - 기타,이륜,남,16세,상해없음,승용,남,48세,경상
2022041000100140,2022년 4월 10일 12시,일요일,충청북도 충주시 교현동,경상사고,0,0,2,0,차대차 - 정면충돌,직진우회전진행방해,건조,맑음,교차로 - 교차로안,승용,남,32세,경상,승용,남,70세,상해없음
2022041000100141,2022년 4월 10일 12시,일요일,충청북도 청주시 서원구 산남동,경상사고,0,0,2,0,차대차 - 측면충돌,교차로운행방법위반,건조,맑음,교차로 - 교차로안,이륜,남,30세,경상,승용,남,50세,경상
2022041000100171,2022년 4월 10일 13시,일요일,충청북도 진천군 백곡면,중상사고,0,2,2,0,차대차 - 정면충돌,중앙선침범,건조,맑음,교차로 - 교차로안,승용,남,73세,상해없음,승용,남,21세,경상
2022041000100215,2022년 4월 10일 14시,일요일,충청북도 옥천군 옥천읍,경상사고,0,0,1,0,차대사람 - 차도통행중,안전운전불이행,건조,맑음,단일로 - 기타,승용,여,58세,상해없음,보행자,남,81세,경상
2022041000100279,2022년 4월 10일 16시,일요일,충청북도 증평군 증평읍,경상사고,0,0,1,1,차대차 - 측면충돌,차로위반,건조,맑음,교차로 - 교차로부근,승용,여,65세,부상신고,승용,남,31세,경상
2022041000100280,2022년 4월 10일 16시,일요일,충청북도 보은군 내북면,중상사고,0,1,0,0,차량단독 - 전도전복 - 전도,안전운전불이행,건조,맑음,교차로 - 교차로부근,사륜오토바이(ATV),남,85세,중상,,,,
2022041000100317,2022년 4월 10일 17시,일요일,충청북도 청주시 상당구 용암동,경상사고,0,0,1,0,차대사람 - 보도통행중,안전운전불이행,건조,맑음,단일로 - 기타,개인형이동수단(PM),여,12세,상해없음,보행자,여,23세,경상
2022041000100344,2022년 4월 10일 18시,일요일,충청북도 청주시 청원구 오창읍,경상사고,0,0,3,0,차대차 - 추돌,신호위반,건조,흐림,교차로 - 교차로안,이륜,여,19세,상해없음,승용,남,25세,경상
2022041000100345,2022년 4월 10일 18시,일요일,충청북도 충주시 호암동,경상사고,0,0,4,0,차대차 - 측면충돌,안전거리미확보,건조,맑음,교차로 - 교차로안,승용,남,53세,상해없음,승용,남,47세,경상
2022041000100346,2022년 4월 10일 18시,일요일,충청북도 보은군 보은읍,경상사고,0,0,1,0,차대차 - 추돌,안전운전불이행,건조,맑음,단일로 - 기타,승용,남,63세,상해없음,승용,남,57세,경상
2022041000100392,2022년 4월 10일 20시,일요일,충청북도 충주시 동량면,경상사고,0,0,2,0,차대차 - 추돌,안전거리미확보,건조,맑음,기타 - 기타,승용,남,59세,상해없음,승용,여,31세,경상
2022041000100414,2022년 4월 10일 21시,일요일,충청북도 청주시 흥덕구 비하동,경상사고,0,0,3,0,차대차 - 추돌,안전운전불이행,건조,맑음,기타 - 기타,승용,남,60세,상해없음,승용,여,48세,경상
2022041100100022,2022년 4월 11일 03시,월요일,충청북도 청주시 서원구 모충동,경상사고,0,0,1,0,차량단독 - 전도전복 - 전도,기타,건조,맑음,단일로 - 기타,개인형이동수단(PM),남,25세,경상,,,,
2022041100100040,2022년 4월 11일 06시,월요일,충청북도 충주시 대소원면,경상사고,0,0,3,0,차대차 - 측면충돌,신호위반,건조,맑음,교차로 - 교차로안,승용,여,31세,경상,승합,남,56세,경상
2022041100100057,2022년 4월 11일 07시,월요일,충청북도 청주시 흥덕구 송정동,중상사고,0,1,0,0,차대차 - 정면충돌,중앙선침범,건조,맑음,단일로 - 기타,승용,남,63세,상해없음,원동기,남,42세,중상
2022041100100091,2022년 4월 11일 08시,월요일,충청북도 청주시 청원구 내덕동,경상사고,0,0,1,0,차대차 - 측면충돌,직진우회전진행방해,건조,맑음,교차로 - 교차로안,승용,남,56세,상해없음,승용,여,47세,경상
2022041100100092,2022년 4월 11일 08시,월요일,충청북도 충주시 칠금동,경상사고,0,0,1,0,차대차 - 측면충돌,안전운전불이행,건조,맑음,교차로 - 교차로부근,화물,남,51세,상해없음,승용,남,24세,경상