사고번호,사고일시,요일,시군구,사고내용,사망자수,중상자수,경상자수,부상신고자수,사고유형,법규위반,노면상태,기상상태,도로형태,가해운전자 차종,가해운전자 성별,가해운전자 연령,가해운전자 상해정도,피해운전자 차종,피해운전자 성별,피해운전자 연령,피해운전자 상해정도
2022041100100093,2022년 4월 11일 08시,월요일,충청북도 음성군 삼성면,경상사고,0,0,1,0,차대차 - 측면충돌,안전운전불이행,건조,맑음,주차장 - 주차장,승용,여,65세,상해없음,승용,여,51세,경상
2022041100100138,2022년 4월 11일 09시,월요일,충청북도 단양군 단양읍,중상사고,0,1,0,0,차대사람 - 기타,보행자보호의무위반,건조,맑음,단일로 - 기타,화물,남,67세,상해없음,보행자,남,63세,중상
2022041100100171,2022년 4월 11일 10시,월요일,충청북도 충주시 칠금동,경상사고,0,0,1,0,차대차 - 측면충돌,안전거리미확보,건조,맑음,단일로 - 기타,승용,여,69세,상해없음,승용,여,31세,경상
2022041100100172,2022년 4월 11일 10시,월요일,충청북도 괴산군 칠성면,부상신고사고,0,0,0,1,차대차 - 정면충돌,안전운전불이행,건조,맑음,단일로 - 교량,자전거,남,65세,부상신고,화물,기타불명,미분류,기타불명
2022041100100173,2022년 4월 11일 10시,월요일,충청북도 괴산군 연풍면,경상사고,0,0,2,0,차대차 - 측면충돌,직진우회전진행방해,건조,맑음,교차로 - 교차로안,건설기계,남,62세,상해없음,화물,남,76세,경상
2022041100100174,2022년 4월 11일 10시,월요일,충청북도 청주시 흥덕구 송절동,중상사고,0,1,1,0,차대차 - 기타,안전운전불이행,건조,맑음,교차로 - 교차로부근,승용,남,64세,경상,승용,여,36세,중상
2022041100100229,2022년 4월 11일 12시,월요일,충청북도 충주시 지현동,경상사고,0,0,1,0,차대차 - 추돌,안전운전불이행,건조,맑음,단일로 - 기타,승용,남,36세,상해없음,승용,여,36세,경상
2022041100100230,2022년 4월 11일 12시,월요일,충청북도 제천시 고암동,중상사고,0,1,0,0,차대차 - 측면충돌,기타,건조,맑음,교차로 - 교차로부근,이륜,남,78세,중상,승용,여,59세,상해없음
2022041100100231,2022년 4월 11일 12시,월요일,충청북도 증평군 증평읍,경상사고,0,0,1,0,차대차 - 정면충돌,안전운전불이행,건조,맑음,단일로 - 기타,승용,남,70세,상해없음,승용,남,59세,상해없음
2022041100100232,2022년 4월 11일 12시,월요일,충청북도 청주시 서원구 모충동,경상사고,0,0,1,0,차대차 - 측면충돌,안전운전불이행,건조,맑음,단일로 - 기타,승용,여,46세,상해없음,이륜,남,52세,경상
2022041100100269,2022년 4월 11일 13시,월요일,충청북도 음성군 금왕읍,중상사고,0,1,0,0,차대차 - 추돌,안전운전불이행,건조,맑음,단일로 - 기타,화물,남,42세,상해없음,이륜,남,77세,중상
2022041100100338,2022년 4월 11일 15시,월요일,충청북도 청주시 흥덕구 복대동,경상사고,0,0,1,0,차대차 - 측면충돌,안전운전불이행,건조,맑음,주차장 - 주차장,승합,남,56세,상해없음,승용,여,57세,경상
2022041100100339,2022년 4월 11일 15시,월요일,충청북도 청주시 흥덕구 복대동,경상사고,0,0,2,0,차대차 - 측면충돌,안전운전불이행,건조,맑음,단일로 - 기타,승용,남,70세,경상,승용,여,48세,경상
2022041100100380,2022년 4월 11일 16시,월요일,충청북도 청주시 서원구 남이면,경상사고,0,0,2,0,차대차 - 추돌,안전운전불이행,건조,맑음,교차로 - 교차로부근,승용,남,69세,상해없음,승용,남,61세,경상
2022041100100417,2022년 4월 11일 17시,월요일,충청북도 제천시 장락동,중상사고,0,2,3,0,차대차 - 기타,신호위반,건조,맑음,교차로 - 교차로안,승용,여,64세,경상,승용,남,42세,중상
2022041100100418,2022년 4월 11일 17시,월요일,충청북도 음성군 소이면,경상사고,0,0,1,0,차대차 - 측면충돌,신호위반,건조,흐림,교차로 - 교차로안,승용,여,53세,상해없음,승용,여,54세,경상
2022041100100461,2022년 4월 11일 18시,월요일,충청북도 청주시 청원구 율량동,경상사고,0,0,1,0,차대차 - 기타,중앙선침범,건조,맑음,단일로 - 기타,승용,여,65세,상해없음,승용,남,43세,경상
2022041100100535,2022년 4월 11일 20시,월요일,충청북도 충주시 지현동,경상사고,0,0,3,0,차대차 - 측면충돌,직진우회전진행방해,건조,맑음,교차로 - 교차로안,승용,남,47세,경상,승용,여,53세,경상
2022041100100563,2022년 4월 11일 21시,월요일,충청북도 제천시 청전동,경상사고,0,0,2,0,차대차 - 측면충돌,신호위반,건조,흐림,교차로 - 교차로부근,승용,여,64세,상해없음,승용,여,37세,경상
2022041100100582,2022년 4월 11일 22시,월요일,충청북도 청주시 청원구 내수읍,경상사고,0,0,2,0,차대차 - 기타,안전운전불이행,건조,맑음,단일로 - 기타,승용,남,48세,상해없음,이륜,남,16세,경상
2022041100100583,2022년 4월 11일 22시,월요일,충청북도 충주시 연수동,경상사고,0,0,1,0,차대사람 - 횡단중,안전운전불이행,건조,맑음,교차로 - 교차로횡단보도내,승합,여,21세,상해없음,보행자,남,36세,경상
2022041100100584,2022년 4월 11일 22시,월요일,충청북도 청주시 서원구 분평동,중상사고,0,1,1,0,차대차 - 정면충돌,신호위반,건조,맑음,교차로 - 교차로안,이륜,남,42세,경상,이륜,남,34세,중상
2022041200100043,2022년 4월 12일 05시,화요일,충청북도 청주시 흥덕구 봉명동,경상사고,0,0,2,0,차대차 - 후진중충돌,안전운전불이행,건조,맑음,교차로 - 교차로부근,승용,남,63세,상해없음,승용,남,34세,경상
2022041200100135,2022년 4월 12일 09시,화요일,충청북도 괴산군 괴산읍,경상사고,0,0,1,0,차대사람 - 길가장자리구역통행중,안전운전불이행,건조,맑음,교차로 - 교차로부근,승용,여,42세,상해없음,보행자,여,77세,경상
2022041200100136,2022년 4월 12일 09시,화요일,충청북도 진천군 광혜원면,경상사고,0,0,1,0,차대사람 - 횡단중,안전운전불이행,건조,맑음,교차로 - 교차로부근,승용,남,82세,상해없음,보행자,남,38세,경상
2022041200100137,2022년 4월 12일 09시,화요일,충청북도 청주시 상당구 미원면,중상사고,0,1,0,0,차대차 - 정면충돌,중앙선침범,건조,맑음,단일로 - 지하차도(도로)내,화물,남,64세,상해없음,승용,여,55세,중상
2022041200100167,2022년 4월 12일 10시,화요일,충청북도 충주시 대소원면,경상사고,0,0,1,0,차대차 - 추돌,안전운전불이행,건조,맑음,단일로 - 기타,승용,남,28세,상해없음,승용,여,61세,경상
2022041200100168,2022년 4월 12일 10시,화요일,충청북도 충주시 대소원면,경상사고,0,0,1,0,차대차 - 측면충돌,직진우회전진행방해,건조,맑음,교차로 - 교차로안,승용,남,72세,상해없음,승용,남,42세,경상
2022041200100169,2022년 4월 12일 10시,화요일,충청북도 청주시 상당구 미원면,중상사고,0,1,0,0,차대사람 - 기타,안전운전불이행,건조,맑음,단일로 - 기타,화물,남,66세,상해없음,보행자,남,80세,중상
2022041200100195,2022년 4월 12일 11시,화요일,충청북도 충주시 성남동,중상사고,0,1,0,0,차대차 - 측면충돌,안전거리미확보,건조,맑음,단일로 - 기타,승용,남,34세,상해없음,이륜,남,51세,중상
2022041200100227,2022년 4월 12일 12시,화요일,충청북도 제천시 영천동,경상사고,0,0,1,0,차대차 - 측면충돌,신호위반,건조,맑음,교차로 - 교차로횡단보도내,승용,여,53세,상해없음,자전거,남,25세,경상
2022041200100228,2022년 4월 12일 12시,화요일,충청북도 보은군 회인면,경상사고,0,0,1,0,차대차 - 추돌,안전운전불이행,건조,맑음,단일로 - 기타,승용,여,64세,상해없음,승용,남,42세,경상
2022041200100281,2022년 4월 12일 14시,화요일,충청북도 괴산군 괴산읍,중상사고,0,1,0,0,차대사람 - 길가장자리구역통행중,안전운전불이행,건조,맑음,단일로 - 기타,승합,여,64세,상해없음,보행자,남,63세,중상
2022041200100337,2022년 4월 12일 16시,화요일,충청북도 청주시 서원구 모충동,경상사고,0,0,1,0,차대차 - 기타,교차로운행방법위반,건조,맑음,교차로 - 교차로안,승용,남,72세,상해없음,승용,여,36세,경상
2022041200100338,2022년 4월 12일 16시,화요일,충청북도 음성군 감곡면,중상사고,0,1,0,0,차대차 - 추돌,안전운전불이행,건조,맑음,단일로 - 기타,화물,남,41세,상해없음,승용,남,77세,중상
2022041200100339,2022년 4월 12일 16시,화요일,충청북도 청주시 흥덕구 옥산면,중상사고,0,1,0,0,차대차 - 측면충돌,안전운전불이행,건조,맑음,단일로 - 기타,자전거,남,65세,중상,승용,여,48세,상해없음
2022041200100377,2022년 4월 12일 17시,화요일,충청북도 청주시 서원구 사직동,경상사고,0,0,1,0,차대차 - 기타,안전운전불이행,건조,맑음,기타 - 기타,승용,여,60세,상해없음,기타불명,남,78세,경상
2022041200100378,2022년 4월 12일 17시,화요일,충청북도 충주시 연수동,경상사고,0,0,1,0,차대차 - 측면충돌,안전거리미확보,건조,맑음,단일로 - 기타,승용,남,20세,상해없음,이륜,남,19세,경상
2022041200100379,2022년 4월 12일 17시,화요일,충청북도 진천군 진천읍,경상사고,0,0,2,0,차대차 - 측면충돌,교차로운행방법위반,건조,맑음,교차로 - 교차로안,승용,남,59세,상해없음,승용,여,45세,경상
2022041200100380,2022년 4월 12일 17시,화요일,충청북도 진천군 문백면,경상사고,0,0,1,0,차대차 - 기타,안전거리미확보,건조,맑음,단일로 - 지하차도(도로)내,화물,남,70세,상해없음,승합,남,48세,상해없음
2022041200100381,2022년 4월 12일 17시,화요일,충청북도 청주시 상당구 금천동,경상사고,0,0,1,0,차대사람 - 보도통행중,기타,건조,맑음,기타 - 기타,개인형이동수단(PM),남,14세,상해없음,보행자,남,8세,경상
2022041200100427,2022년 4월 12일 18시,화요일,충청북도 제천시 청전동,경상사고,0,0,1,0,차대차 - 측면충돌,안전운전불이행,건조,맑음,교차로 - 교차로부근,승용,남,70세,상해없음,승용,여,24세,경상
2022041200100459,2022년 4월 12일 19시,화요일,충청북도 청주시 청원구 율량동,경상사고,0,0,1,0,차대사람 - 기타,안전운전불이행,건조,맑음,단일로 - 기타,승용,여,40세,상해없음,보행자,남,20세,경상
2022041200100460,2022년 4월 12일 19시,화요일,충청북도 충주시 안림동,경상사고,0,0,1,0,차대차 - 측면충돌,교차로운행방법위반,건조,맑음,교차로 - 교차로안,승용,남,68세,상해없음,승용,남,45세,경상
2022041200100461,2022년 4월 12일 19시,화요일,충청북도 제천시 천남동,경상사고,0,0,2,0,차대차 - 추돌,안전운전불이행,건조,맑음,단일로 - 기타,승용,남,43세,상해없음,승용,여,42세,경상
2022041200100462,2022년 4월 12일 19시,화요일,충청북도 음성군 대소면,중상사고,0,1,1,0,차대차 - 추돌,안전거리미확보,건조,맑음,단일로 - 기타,승용,여,50세,상해없음,승용,여,46세,중상
2022041200100490,2022년 4월 12일 20시,화요일,충청북도 제천시 금성면,중상사고,0,1,1,0,차대차 - 추돌,안전운전불이행,건조,맑음,단일로 - 기타,승용,여,44세,경상,승용,남,57세,기타불명
2022041200100517,2022년 4월 12일 21시,화요일,충청북도 충주시 교현동,중상사고,0,2,0,0,차대차 - 측면충돌,직진우회전진행방해,건조,흐림,교차로 - 교차로안,승용,남,48세,상해없음,승용,남,28세,중상
2022041200100544,2022년 4월 12일 22시,화요일,충청북도 증평군 증평읍,경상사고,0,0,1,0,차대사람 - 차도통행중,안전운전불이행,건조,맑음,교차로 - 교차로부근,승용,남,62세,상해없음,보행자,남,27세,경상
2022041300100009,2022년 4월 13일 00시,수요일,충청북도 청주시 서원구 성화동,경상사고,0,0,1,0,차대차 - 기타,교차로운행방법위반,건조,맑음,교차로 - 교차로안,승용,남,27세,상해없음,승용,남,72세,경상
2022041300100057,2022년 4월 13일 07시,수요일,충청북도 충주시 교현동,경상사고,0,0,1,0,차대차 - 측면충돌,중앙선침범,건조,맑음,교차로 - 교차로부근,승용,여,28세,상해없음,승용,남,55세,경상
2022041300100058,2022년 4월 13일 07시,수요일,충청북도 음성군 맹동면,경상사고,0,0,1,0,차대차 - 기타,직진우회전진행방해,건조,맑음,교차로 - 교차로안,승용,남,48세,상해없음,승용,남,38세,경상
2022041300100059,2022년 4월 13일 07시,수요일,충청북도 청주시 흥덕구 복대동,중상사고,0,1,0,0,차대차 - 정면충돌,교차로운행방법위반,젖음/습기,비,교차로 - 교차로안,승용,여,52세,상해없음,이륜,남,41세,중상
2022041300100095,2022년 4월 13일 08시,수요일,충청북도 진천군 초평면,경상사고,0,0,6,0,차대차 - 측면충돌,안전운전불이행,젖음/습기,비,교차로 - 교차로안,승용,여,51세,경상,승용,남,47세,경상
2022041300100096,2022년 4월 13일 08시,수요일,충청북도 진천군 덕산읍,중상사고,0,1,0,0,차대차 - 정면충돌,안전운전불이행,건조,맑음,교차로 - 교차로안,승용,여,59세,상해없음,승용,여,62세,중상
2022041300100125,2022년 4월 13일 09시,수요일,충청북도 청주시 청원구 오창읍,경상사고,0,0,1,0,차대차 - 측면충돌,교차로운행방법위반,건조,맑음,교차로 - 교차로안,승용,남,50세,상해없음,승합,남,50세,경상
2022041300100169,2022년 4월 13일 11시,수요일,충청북도 충주시 지현동,중상사고,0,1,1,0,차대차 - 기타,직진우회전진행방해,젖음/습기,비,교차로 - 교차로안,승용,남,61세,중상,승용,여,52세,경상
2022041300100230,2022년 4월 13일 13시,수요일,충청북도 제천시 청전동,경상사고,0,0,1,1,차대차 - 측면충돌,직진우회전진행방해,젖음/습기,비,교차로 - 교차로안,승용,남,22세,상해없음,승용,여,24세,부상신고
2022041300100231,2022년 4월 13일 13시,수요일,충청북도 진천군 덕산읍,경상사고,0,0,1,0,차대차 - 측면충돌,안전운전불이행,건조,맑음,단일로 - 지하차도(도로)내,화물,남,53세,상해없음,승용,여,56세,경상
2022041300100232,2022년 4월 13일 13시,수요일,충청북도 청주시 흥덕구 봉명동,중상사고,0,1,0,0,차대차 - 추돌,안전운전불이행,젖음/습기,비,교차로 - 교차로부근,승용,남,61세,상해없음,승용,남,59세,중상
2022041300100280,2022년 4월 13일 15시,수요일,충청북도 음성군 대소면,중상사고,0,1,0,0,차대사람 - 횡단중,보행자보호의무위반,젖음/습기,비,교차로 - 교차로안,승용,여,71세,상해없음,보행자,여,6세,중상
2022041300100319,2022년 4월 13일 16시,수요일,충청북도 괴산군 청안면,경상사고,0,0,2,0,차대차 - 측면충돌,중앙선침범,젖음/습기,비,단일로 - 기타,화물,남,51세,경상,화물,남,73세,경상
2022041300100320,2022년 4월 13일 16시,수요일,충청북도 청주시 흥덕구 가경동,부상신고사고,0,0,0,1,차대차 - 측면충돌,안전운전불이행,건조,맑음,교차로 - 교차로부근,승용,남,25세,상해없음,이륜,남,27세,부상신고
2022041300100355,2022년 4월 13일 17시,수요일,충청북도 청주시 청원구 오창읍,경상사고,0,0,4,0,차대차 - 기타,안전운전불이행,젖음/습기,비,단일로 - 기타,이륜,남,33세,경상,승용,남,44세,경상
2022041300100356,2022년 4월 13일 17시,수요일,충청북도 옥천군 옥천읍,경상사고,0,0,2,0,차대차 - 기타,중앙선침범,젖음/습기,비,교차로 - 교차로안,화물,남,59세,상해없음,승용,남,48세,경상
2022041300100357,2022년 4월 13일 17시,수요일,충청북도 청주시 상당구 용암동,경상사고,0,0,1,0,차대차 - 측면충돌,안전운전불이행,건조,맑음,단일로 - 기타,승용,여,63세,상해없음,승용,여,51세,경상
2022041300100395,2022년 4월 13일 18시,수요일,충청북도 청주시 흥덕구 가경동,경상사고,0,0,1,0,차대차 - 측면충돌,안전운전불이행,젖음/습기,비,단일로 - 기타,승용,여,61세,상해없음,승용,남,27세,경상
2022041300100439,2022년 4월 13일 19시,수요일,충청북도 진천군 덕산읍,경상사고,0,0,2,0,차대차 - 측면충돌,안전운전불이행,젖음/습기,비,교차로 - 교차로안,승용,여,46세,상해없음,승용,남,33세,경상
2022041300100465,2022년 4월 13일 20시,수요일,충청북도 청주시 흥덕구 가경동,부상신고사고,0,0,0,1,차대사람 - 길가장자리구역통행중,안전운전불이행,젖음/습기,비,교차로 - 교차로안,승용,남,25세,상해없음,보행자,남,37세,부상신고
2022041300100466,2022년 4월 13일 20시,수요일,충청북도 청주시 서원구 분평동,경상사고,0,0,1,0,차대차 - 측면충돌,신호위반,건조,맑음,교차로 - 교차로부근,승용,남,33세,상해없음,승용,남,24세,경상
2022041300100505,2022년 4월 13일 21시,수요일,충청북도 충주시 용산동,경상사고,0,0,2,0,차대차 - 추돌,안전운전불이행,젖음/습기,비,단일로 - 기타,화물,남,59세,상해없음,승용,남,48세,경상
2022041300100506,2022년 4월 13일 21시,수요일,충청북도 충주시 칠금동,경상사고,0,0,3,0,차대차 - 측면충돌,안전운전불이행,젖음/습기,비,교차로 - 교차로부근,화물,남,41세,상해없음,승용,남,55세,경상
2022041300100539,2022년 4월 13일 22시,수요일,충청북도 영동군 양강면,중상사고,0,1,0,0,차대차 - 정면충돌,중앙선침범,젖음/습기,비,단일로 - 기타,승용,남,60세,상해없음,승용,남,61세,중상
2022041300100557,2022년 4월 13일 23시,수요일,충청북도 음성군 대소면,중상사고,0,1,1,0,차량단독 - 공작물충돌,안전운전불이행,젖음/습기,비,단일로 - 기타,화물,남,50세,경상,,,,
2022041300100558,2022년 4월 13일 23시,수요일,충청북도 청주시 흥덕구 복대동,경상사고,0,0,1,0,차대차 - 추돌,안전운전불이행,젖음/습기,비,단일로 - 기타,승용,남,47세,상해없음,승용,여,50세,경상
2022041400100007,2022년 4월 14일 00시,목요일,충청북도 충주시 안림동,경상사고,0,0,3,0,차대차 - 측면충돌,중앙선침범,젖음/습기,비,단일로 - 기타,승용,남,46세,상해없음,승용,남,30세,경상
2022041400100008,2022년 4월 14일 00시,목요일,충청북도 청주시 상당구 용암동,중상사고,0,2,0,0,차대차 - 측면충돌,중앙선침범,젖음/습기,비,단일로 - 기타,승용,남,30세,기타불명,승용,남,21세,중상
2022041400100023,2022년 4월 14일 01시,목요일,충청북도 제천시 강제동,경상사고,0,0,2,0,차대차 - 기타,안전운전불이행,젖음/습기,비,단일로 - 기타,특수,남,50세,상해없음,화물,남,63세,경상
2022041400100064,2022년 4월 14일 07시,목요일,충청북도 음성군 금왕읍,경상사고,0,0,1,0,차대차 - 측면충돌,교차로운행방법위반,젖음/습기,비,교차로 - 교차로안,승용,남,58세,상해없음,승용,남,70세,경상
2022041400100065,2022년 4월 14일 07시,목요일,충청북도 청주시 서원구 산남동,경상사고,0,0,2,0,차대차 - 측면충돌,신호위반,젖음/습기,비,교차로 - 교차로안,승용,여,26세,기타불명,승합,남,60세,경상
2022041400100099,2022년 4월 14일 08시,목요일,충청북도 청주시 서원구 분평동,경상사고,0,0,1,0,차대차 - 측면충돌,안전운전불이행,젖음/습기,비,교차로 - 교차로안,승용,여,44세,상해없음,승합,남,34세,경상
2022041400100210,2022년 4월 14일 12시,목요일,충청북도 음성군 생극면,중상사고,0,1,0,0,차대사람 - 보도통행중,기타,건조,맑음,단일로 - 기타,화물,남,34세,상해없음,보행자,남,52세,중상
2022041400100248,2022년 4월 14일 13시,목요일,충청북도 증평군 증평읍,경상사고,0,0,1,0,차대사람 - 차도통행중,안전운전불이행,건조,맑음,교차로 - 교차로부근,이륜,남,66세,상해없음,보행자,남,7세,경상
2022041400100275,2022년 4월 14일 14시,목요일,충청북도 충주시 대소원면,경상사고,0,0,1,0,차대차 - 추돌,안전운전불이행,건조,맑음,단일로 - 기타,화물,남,63세,상해없음,화물,남,53세,경상
2022041400100276,2022년 4월 14일 14시,목요일,충청북도 제천시 장락동,경상사고,0,0,1,0,차대사람 - 기타,안전운전불이행,건조,맑음,주차장 - 주차장,승용,남,58세,상해없음,보행자,남,37세,경상
2022041400100277,2022년 4월 14일 14시,목요일,충청북도 괴산군 괴산읍,중상사고,0,1,2,0,차대차 - 측면충돌,안전거리미확보,건조,맑음,교차로 - 교차로부근,승용,남,63세,경상,승용,남,47세,경상
2022041400100345,2022년 4월 14일 16시,목요일,충청북도 청주시 서원구 사창동,경상사고,0,0,1,0,차대차 - 기타,안전거리미확보,건조,맑음,단일로 - 기타,승용,남,56세,상해없음,승용,남,69세,상해없음
2022041400100346,2022년 4월 14일 16시,목요일,충청북도 청주시 청원구 오창읍,경상사고,0,0,1,0,차대사람 - 횡단중,안전운전불이행,건조,맑음,기타 - 기타,승용,남,38세,상해없음,보행자,남,7세,경상
2022041400100369,2022년 4월 14일 17시,목요일,충청북도 충주시 주덕읍,중상사고,0,1,0,0,차대차 - 측면충돌,중앙선침범,건조,맑음,교차로 - 교차로부근,승용,남,80세,상해없음,승용,여,58세,중상
2022041400100370,2022년 4월 14일 17시,목요일,충청북도 충주시 교현동,중상사고,0,1,0,0,차대차 - 기타,신호위반,건조,맑음,단일로 - 기타,승용,여,58세,상해없음,이륜,남,43세,중상
2022041400100371,2022년 4월 14일 17시,목요일,충청북도 청주시 흥덕구 복대동,부상신고사고,0,0,0,1,차대차 - 측면충돌,안전운전불이행,건조,맑음,단일로 - 기타,승용,남,65세,상해없음,승용,남,26세,부상신고
2022041400100440,2022년 4월 14일 19시,목요일,충청북도 청주시 서원구 사창동,경상사고,0,0,1,0,차대차 - 기타,교차로운행방법위반,건조,맑음,기타 - 기타,승용,남,64세,상해없음,이륜,남,51세,경상
2022041400100441,2022년 4월 14일 19시,목요일,충청북도 청주시 흥덕구 봉명동,경상사고,0,0,2,0,차대차 - 측면충돌,안전운전불이행,건조,맑음,교차로 - 교차로안,승용,남,67세,상해없음,승용,남,27세,경상
2022041400100510,2022년 4월 14일 23시,목요일,충청북도 증평군 증평읍,경상사고,0,0,2,0,차대차 - 정면충돌,안전운전불이행,건조,맑음,단일로 - 기타,승용,남,37세,상해없음,승용,남,55세,상해없음
2022041500100007,2022년 4월 15일 00시,금요일,충청북도 청주시 청원구 북이면,중상사고,0,1,0,0,차량단독 - 공작물충돌,안전운전불이행,건조,맑음,교차로 - 교차로부근,승용,남,37세,중상,,,,
2022041500100008,2022년 4월 15일 00시,금요일,충청북도 청주시 흥덕구 복대동,중상사고,0,1,0,0,차대차 - 기타,안전운전불이행,건조,맑음,교차로 - 교차로안,이륜,남,30세,중상,승용,남,28세,상해없음
2022041500100014,2022년 4월 15일 01시,금요일,충청북도 청주시 서원구 수곡동,경상사고,0,0,1,0,차대사람 - 횡단중,안전운전불이행,건조,맑음,단일로 - 기타,원동기,남,32세,상해없음,보행자,여,82세,경상
2022041500100024,2022년 4월 15일 04시,금요일,충청북도 청주시 흥덕구 오송읍,경상사고,0,0,1,0,차대차 - 측면충돌,신호위반,건조,맑음,교차로 - 교차로안,화물,남,52세,상해없음,승용,남,55세,경상
2022041500100057,2022년 4월 15일 07시,금요일,충청북도 청주시 청원구 내덕동,경상사고,0,0,1,0,차대차 - 측면충돌,안전운전불이행,건조,맑음,단일로 - 기타,승합,남,65세,상해없음,승용,남,66세,경상
2022041500100058,2022년 4월 15일 07시,금요일,충청북도 진천군 진천읍,중상사고,0,1,0,0,차대사람 - 횡단중,보행자보호의무위반,건조,맑음,교차로 - 교차로횡단보도내,승용,여,52세,상해없음,보행자,여,80세,중상
2022041500100092,2022년 4월 15일 08시,금요일,충청북도 청주시 서원구 사창동,경상사고,0,0,1,0,차대차 - 기타,안전거리미확보,건조,맑음,교차로 - 교차로안,승용,남,30세,상해없음,승용,남,61세,경상
2022041500100093,2022년 4월 15일 08시,금요일,충청북도 청주시 청원구 율량동,경상사고,0,0,4,0,차대차 - 추돌,안전운전불이행,건조,맑음,단일로 - 기타,승용,남,72세,기타불명,승용,여,55세,경상
2022041500100138,2022년 4월 15일 09시,금요일,충청북도 제천시 고암동,중상사고,0,2,0,0,차대차 - 측면충돌,신호위반,건조,맑음,교차로 - 교차로안,승용,남,78세,상해없음,승용,여,43세,중상
2022041500100376,2022년 4월 15일 16시,금요일,충청북도 청주시 서원구 사직동,경상사고,0,0,1,1,차대차 - 기타,안전운전불이행,건조,맑음,단일로 - 기타,승용,남,76세,부상신고,이륜,남,40세,경상
2022041500100377,2022년 4월 15일 16시,금요일,충청북도 청주시 흥덕구 서촌동,경상사고,0,0,2,0,차대차 - 기타,신호위반,건조,맑음,교차로 - 교차로안,기타불명,기타불명,미분류,기타불명,승용,남,35세,경상
2022041500100378,2022년 4월 15일 16시,금요일,충청북도 음성군 감곡면,경상사고,0,0,2,0,차대차 - 추돌,안전운전불이행,건조,맑음,단일로 - 기타,승용,남,36세,상해없음,승용,남,55세,경상
2022041500100411,2022년 4월 15일 17시,금요일,충청북도 진천군 진천읍,중상사고,0,1,0,0,차대차 - 측면충돌,안전운전불이행,건조,맑음,교차로 - 교차로부근,승용,남,44세,상해없음,이륜,남,48세,중상
2022041500100412,2022년 4월 15일 17시,금요일,충청북도 진천군 문백면,경상사고,0,0,1,0,차대차 - 측면충돌,직진우회전진행방해,건조,맑음,교차로 - 교차로안,화물,남,63세,상해없음,승용,남,44세,경상
2022041500100466,2022년 4월 15일 18시,금요일,충청북도 청주시 상당구 북문로2가,경상사고,0,0,1,0,차대차 - 측면충돌,안전운전불이행,건조,맑음,단일로 - 기타,승용,남,58세,상해없음,승용,남,55세,경상
2022041500100467,2022년 4월 15일 18시,금요일,충청북도 음성군 맹동면,경상사고,0,0,1,0,차대차 - 측면충돌,중앙선침범,건조,맑음,단일로 - 기타,이륜,남,34세,상해없음,이륜,남,29세,경상
2022041500100468,2022년 4월 15일 18시,금요일,충청북도 청주시 흥덕구 강서동,경상사고,0,0,1,0,차대차 - 측면충돌,안전운전불이행,건조,맑음,교차로 - 교차로안,승용,여,42세,상해없음,자전거,여,64세,경상
2022041500100469,2022년 4월 15일 18시,금요일,충청북도 청주시 흥덕구 지동동,경상사고,0,0,1,0,차대차 - 측면충돌,안전운전불이행,건조,맑음,교차로 - 교차로안,승합,남,47세,상해없음,승용,남,54세,경상
2022041500100559,2022년 4월 15일 20시,금요일,충청북도 청주시 흥덕구 복대동,경상사고,0,0,2,0,차대차 - 측면충돌,신호위반,건조,맑음,교차로 - 교차로안,승합,남,65세,경상,승용,여,37세,경상
2022041500100617,2022년 4월 15일 22시,금요일,충청북도 충주시 대소원면,경상사고,0,0,4,0,차대차 - 추돌,안전운전불이행,건조,맑음,단일로 - 기타,승용,남,29세,상해없음,승용,남,24세,경상
2022041500100644,2022년 4월 15일 23시,금요일,충청북도 충주시 호암동,경상사고,0,0,1,0,차대차 - 측면충돌,신호위반,건조,맑음,교차로 - 교차로안,이륜,남,28세,상해없음,승용,남,67세,경상
2022041600100009,2022년 4월 16일 00시,토요일,충청북도 청주시 흥덕구 옥산면,경상사고,0,0,2,0,차대차 - 추돌,안전운전불이행,건조,맑음,단일로 - 기타,승용,여,29세,상해없음,승용,남,46세,경상
2022041600100010,2022년 4월 16일 00시,토요일,충청북도 청주시 서원구 산남동,경상사고,0,0,2,0,차대차 - 기타,안전운전불이행,건조,흐림,단일로 - 기타,승용,남,22세,상해없음,승용,남,25세,경상
2022041600100011,2022년 4월 16일 00시,토요일,충청북도 청주시 상당구 영운동,경상사고,0,0,1,0,차량단독 - 전도전복 - 전도,안전운전불이행,건조,흐림,기타 - 기타,이륜,남,20세,상해없음,,,,
2022041600100073,2022년 4월 16일 08시,토요일,충청북도 증평군 증평읍,경상사고,0,0,1,0,차대차 - 측면충돌,안전운전불이행,건조,맑음,교차로 - 교차로안,승합,남,62세,상해없음,승용,여,46세,경상
2022041600100094,2022년 4월 16일 09시,토요일,충청북도 충주시 문화동,경상사고,0,0,1,0,차대사람 - 기타,보행자보호의무위반,건조,맑음,단일로 - 기타,승용,남,69세,상해없음,보행자,여,78세,경상