사고번호,사고일시,요일,시군구,사고내용,사망자수,중상자수,경상자수,부상신고자수,사고유형,법규위반,노면상태,기상상태,도로형태,가해운전자 차종,가해운전자 성별,가해운전자 연령,가해운전자 상해정도,피해운전자 차종,피해운전자 성별,피해운전자 연령,피해운전자 상해정도
2022042100100153,2022년 4월 21일 10시,목요일,충청북도 영동군 학산면,중상사고,0,1,0,0,차대차 - 정면충돌,안전운전불이행,건조,맑음,기타 - 기타,승용,남,77세,상해없음,이륜,남,53세,중상
2022042100100181,2022년 4월 21일 11시,목요일,충청북도 청주시 청원구 오창읍,경상사고,0,0,1,0,차대차 - 측면충돌,신호위반,건조,맑음,교차로 - 교차로횡단보도내,승용,여,57세,상해없음,개인형이동수단(PM),남,25세,경상
2022042100100182,2022년 4월 21일 11시,목요일,충청북도 청주시 청원구 사천동,경상사고,0,0,1,0,차대차 - 기타,안전거리미확보,건조,맑음,기타 - 기타,승용,여,33세,상해없음,화물,남,25세,경상
2022042100100183,2022년 4월 21일 11시,목요일,충청북도 청주시 서원구 남이면,중상사고,0,1,1,0,차대차 - 측면충돌,안전운전불이행,건조,맑음,단일로 - 지하차도(도로)내,화물,남,61세,상해없음,승용,여,46세,중상
2022042100100233,2022년 4월 21일 13시,목요일,충청북도 청주시 서원구 사창동,경상사고,0,0,1,0,차대차 - 측면충돌,교차로운행방법위반,건조,맑음,교차로 - 교차로안,승용,여,44세,상해없음,승용,여,65세,경상
2022042100100258,2022년 4월 21일 14시,목요일,충청북도 영동군 영동읍,중상사고,0,1,0,0,차대차 - 측면충돌,안전운전불이행,건조,맑음,교차로 - 교차로부근,승용,남,51세,상해없음,자전거,여,34세,중상
2022042100100259,2022년 4월 21일 14시,목요일,충청북도 청주시 상당구 방서동,경상사고,0,0,1,0,차대차 - 추돌,안전거리미확보,건조,맑음,단일로 - 기타,화물,남,32세,상해없음,승합,남,26세,상해없음
2022042100100287,2022년 4월 21일 15시,목요일,충청북도 진천군 이월면,경상사고,0,0,1,0,차대차 - 측면충돌,안전운전불이행,건조,맑음,교차로 - 교차로안,건설기계,남,62세,상해없음,승용,여,50세,경상
2022042100100328,2022년 4월 21일 16시,목요일,충청북도 단양군 매포읍,경상사고,0,0,1,0,차대차 - 추돌,안전운전불이행,건조,맑음,기타 - 기타,화물,남,58세,상해없음,승용,남,42세,경상
2022042100100369,2022년 4월 21일 17시,목요일,충청북도 제천시 남천동,경상사고,0,0,1,0,차대차 - 측면충돌,안전운전불이행,건조,맑음,단일로 - 기타,화물,남,72세,상해없음,승용,여,40세,경상
2022042100100407,2022년 4월 21일 18시,목요일,충청북도 음성군 금왕읍,경상사고,0,0,1,0,차대차 - 측면충돌,교차로운행방법위반,건조,맑음,교차로 - 교차로안,승용,남,59세,상해없음,화물,여,54세,경상
2022042100100408,2022년 4월 21일 18시,목요일,충청북도 진천군 진천읍,경상사고,0,0,1,0,차대사람 - 횡단중,보행자보호의무위반,건조,맑음,교차로 - 교차로부근,승용,여,42세,상해없음,보행자,여,12세,경상
2022042100100409,2022년 4월 21일 18시,목요일,충청북도 청주시 상당구 금천동,경상사고,0,0,1,0,차대차 - 측면충돌,안전운전불이행,건조,맑음,교차로 - 교차로안,승용,남,59세,상해없음,승용,남,51세,경상
2022042100100540,2022년 4월 21일 22시,목요일,충청북도 청주시 흥덕구 송정동,중상사고,0,2,0,0,차대차 - 측면충돌,신호위반,건조,맑음,교차로 - 교차로안,승용,남,48세,상해없음,승용,남,27세,중상
2022042100100541,2022년 4월 21일 22시,목요일,충청북도 청주시 서원구 남이면,경상사고,0,0,1,0,차대차 - 추돌,안전운전불이행,건조,흐림,단일로 - 기타,승용,남,35세,상해없음,특수,남,48세,경상
2022042200100006,2022년 4월 22일 00시,금요일,충청북도 청주시 흥덕구 송정동,경상사고,0,0,1,0,차대차 - 추돌,안전운전불이행,건조,맑음,교차로 - 교차로부근,화물,남,47세,상해없음,승용,여,26세,상해없음
2022042200100046,2022년 4월 22일 05시,금요일,충청북도 청주시 서원구 사창동,경상사고,0,0,1,0,차대차 - 추돌,안전운전불이행,건조,맑음,단일로 - 기타,승용,남,19세,상해없음,자전거,남,77세,경상
2022042200100047,2022년 4월 22일 05시,금요일,충청북도 청주시 흥덕구 복대동,경상사고,0,0,1,0,차대차 - 기타,안전운전불이행,건조,맑음,단일로 - 기타,화물,남,67세,상해없음,승용,남,28세,경상
2022042200100066,2022년 4월 22일 07시,금요일,충청북도 충주시 대소원면,경상사고,0,0,1,0,차대차 - 측면충돌,직진우회전진행방해,건조,맑음,교차로 - 교차로안,승용,남,80세,경상,화물,남,50세,상해없음
2022042200100173,2022년 4월 22일 11시,금요일,충청북도 청주시 청원구 오창읍,경상사고,0,0,1,0,차대차 - 추돌,차로위반,건조,맑음,단일로 - 기타,화물,남,49세,상해없음,승용,여,36세,경상
2022042200100174,2022년 4월 22일 11시,금요일,충청북도 청주시 흥덕구 휴암동,경상사고,0,0,1,0,차대차 - 측면충돌,기타,건조,맑음,단일로 - 기타,화물,남,51세,기타불명,승용,남,31세,경상
2022042200100205,2022년 4월 22일 12시,금요일,충청북도 제천시 송학면,중상사고,0,1,0,0,차량단독 - 공작물충돌,안전운전불이행,건조,맑음,기타 - 기타,특수,남,52세,중상,,,,
2022042200100206,2022년 4월 22일 12시,금요일,충청북도 보은군 회남면,경상사고,0,0,1,0,차대차 - 측면충돌,안전운전불이행,건조,맑음,교차로 - 교차로안,이륜,남,66세,경상,승용,남,60세,상해없음
2022042200100207,2022년 4월 22일 12시,금요일,충청북도 청주시 흥덕구 봉명동,중상사고,0,1,0,0,차대차 - 측면충돌,안전운전불이행,건조,맑음,교차로 - 교차로부근,이륜,남,49세,중상,승용,여,39세,상해없음
2022042200100208,2022년 4월 22일 12시,금요일,충청북도 청주시 서원구 현도면,경상사고,0,0,1,0,차대차 - 측면충돌,안전거리미확보,건조,맑음,단일로 - 기타,화물,남,67세,상해없음,승용,남,44세,경상
2022042200100234,2022년 4월 22일 13시,금요일,충청북도 청주시 상당구 북문로1가,경상사고,0,0,1,0,차대차 - 측면충돌,안전운전불이행,건조,맑음,단일로 - 기타,화물,남,27세,상해없음,승용,여,40세,경상
2022042200100338,2022년 4월 22일 16시,금요일,충청북도 음성군 음성읍,경상사고,0,0,1,0,차대차 - 측면충돌,교차로운행방법위반,건조,맑음,교차로 - 교차로안,승용,남,73세,상해없음,승용,여,54세,경상
2022042200100339,2022년 4월 22일 16시,금요일,충청북도 청주시 흥덕구 복대동,경상사고,0,0,1,0,차대사람 - 보도통행중,안전운전불이행,건조,맑음,단일로 - 기타,개인형이동수단(PM),남,15세,상해없음,보행자,여,46세,경상
2022042200100378,2022년 4월 22일 17시,금요일,충청북도 충주시 봉방동,경상사고,0,0,1,0,차대차 - 추돌,안전운전불이행,건조,맑음,단일로 - 기타,승용,남,28세,상해없음,승용,여,51세,경상
2022042200100379,2022년 4월 22일 17시,금요일,충청북도 청주시 흥덕구 가경동,경상사고,0,0,1,0,차대사람 - 길가장자리구역통행중,안전운전불이행,건조,맑음,단일로 - 기타,승용,여,35세,상해없음,보행자,남,16세,경상
2022042200100380,2022년 4월 22일 17시,금요일,충청북도 청주시 서원구 수곡동,사망사고,1,0,0,0,차량단독 - 공작물충돌,안전운전불이행,건조,맑음,단일로 - 기타,사륜오토바이(ATV),남,76세,사망,,,,
2022042200100428,2022년 4월 22일 18시,금요일,충청북도 충주시 교현동,경상사고,0,0,1,0,차대차 - 추돌,교차로운행방법위반,건조,맑음,교차로 - 교차로안,승용,남,60세,상해없음,승용,여,25세,경상
2022042200100429,2022년 4월 22일 18시,금요일,충청북도 청주시 흥덕구 강서동,중상사고,0,1,0,0,차대사람 - 보도통행중,안전운전불이행,건조,맑음,단일로 - 기타,개인형이동수단(PM),남,14세,상해없음,보행자,남,50세,중상
2022042200100430,2022년 4월 22일 18시,금요일,충청북도 청주시 서원구 남이면,경상사고,0,0,1,0,차대차 - 후진중충돌,안전운전불이행,건조,맑음,교차로 - 교차로부근,승용,남,55세,상해없음,승용,남,40세,경상
2022042200100431,2022년 4월 22일 18시,금요일,충청북도 청주시 흥덕구 지동동,중상사고,0,1,0,0,차대차 - 측면충돌,안전운전불이행,건조,맑음,교차로 - 교차로안,화물,남,50세,상해없음,승용,남,49세,중상
2022042200100476,2022년 4월 22일 19시,금요일,충청북도 청주시 청원구 오창읍,중상사고,0,1,0,0,차대차 - 기타,안전거리미확보,건조,맑음,교차로 - 교차로부근,이륜,남,46세,중상,승용,남,43세,상해없음
2022042200100477,2022년 4월 22일 19시,금요일,충청북도 음성군 음성읍,중상사고,0,1,1,0,차대차 - 측면충돌,안전운전불이행,건조,맑음,교차로 - 교차로안,승용,여,67세,경상,승용,남,65세,중상
2022042200100478,2022년 4월 22일 19시,금요일,충청북도 청주시 흥덕구 복대동,경상사고,0,0,1,0,차대차 - 측면충돌,안전운전불이행,건조,맑음,교차로 - 교차로부근,승용,남,60세,상해없음,승용,남,33세,경상
2022042200100504,2022년 4월 22일 20시,금요일,충청북도 제천시 장락동,중상사고,0,1,0,0,차대차 - 측면충돌,신호위반,건조,맑음,교차로 - 교차로안,승용,여,38세,상해없음,승용,남,27세,중상
2022042200100505,2022년 4월 22일 20시,금요일,충청북도 청주시 흥덕구 강내면,경상사고,0,0,1,0,차대차 - 측면충돌,안전운전불이행,건조,맑음,기타 - 기타,기타불명,기타불명,미분류,기타불명,승합,남,43세,경상
2022042200100536,2022년 4월 22일 21시,금요일,충청북도 청주시 서원구 분평동,경상사고,0,0,2,0,차대차 - 측면충돌,안전거리미확보,건조,맑음,단일로 - 지하차도(도로)내,승용,남,28세,상해없음,승용,남,29세,경상
2022042200100559,2022년 4월 22일 22시,금요일,충청북도 청주시 흥덕구 복대동,중상사고,0,1,0,0,차대차 - 기타,안전운전불이행,건조,기타,기타 - 기타,개인형이동수단(PM),남,15세,중상,승용,남,50세,상해없음
2022042300100008,2022년 4월 23일 00시,토요일,충청북도 청주시 서원구 산남동,경상사고,0,0,1,0,차대차 - 측면충돌,안전운전불이행,건조,맑음,교차로 - 교차로부근,승용,남,55세,상해없음,승용,남,62세,경상
2022042300100042,2022년 4월 23일 03시,토요일,충청북도 제천시 모산동,경상사고,0,0,1,0,차량단독 - 공작물충돌,안전운전불이행,건조,맑음,단일로 - 기타,이륜,남,18세,경상,,,,
2022042300100056,2022년 4월 23일 05시,토요일,충청북도 충주시 달천동,중상사고,0,1,0,0,차대차 - 정면충돌,중앙선침범,건조,맑음,교차로 - 교차로부근,이륜,남,73세,중상,승용,남,53세,상해없음
2022042300100129,2022년 4월 23일 10시,토요일,충청북도 영동군 영동읍,경상사고,0,0,1,0,차대사람 - 차도통행중,안전운전불이행,건조,맑음,단일로 - 기타,승용,여,69세,상해없음,보행자,남,25세,경상
2022042300100162,2022년 4월 23일 11시,토요일,충청북도 괴산군 칠성면,경상사고,0,0,1,0,차대차 - 측면충돌,안전운전불이행,건조,맑음,단일로 - 기타,이륜,남,71세,경상,승용,여,31세,상해없음
2022042300100191,2022년 4월 23일 12시,토요일,충청북도 충주시 칠금동,경상사고,0,0,2,0,차대차 - 추돌,안전운전불이행,건조,맑음,단일로 - 기타,승용,남,27세,상해없음,승용,남,30세,경상
2022042300100219,2022년 4월 23일 13시,토요일,충청북도 제천시 장락동,중상사고,0,1,0,0,차대차 - 기타,안전운전불이행,건조,맑음,교차로 - 교차로안,승용,여,28세,상해없음,이륜,남,66세,중상
2022042300100221,2022년 4월 23일 13시,토요일,충청북도 청주시 서원구 미평동,경상사고,0,0,1,0,차대차 - 측면충돌,안전운전불이행,건조,맑음,교차로 - 교차로부근,건설기계,남,71세,상해없음,승용,남,43세,상해없음
2022042300100301,2022년 4월 23일 15시,토요일,충청북도 청주시 상당구 용담동,경상사고,0,0,1,0,차대차 - 후진중충돌,안전운전불이행,건조,맑음,단일로 - 기타,화물,남,67세,상해없음,승용,여,55세,경상
2022042300100341,2022년 4월 23일 16시,토요일,충청북도 청주시 흥덕구 신대동,경상사고,0,0,2,0,차대차 - 측면충돌,차로위반,건조,맑음,단일로 - 기타,화물,남,61세,상해없음,승용,남,33세,경상
2022042300100376,2022년 4월 23일 17시,토요일,충청북도 충주시 봉방동,중상사고,0,1,1,0,차대차 - 측면충돌,교차로운행방법위반,건조,맑음,교차로 - 교차로안,이륜,남,77세,중상,승용,여,56세,경상
2022042300100377,2022년 4월 23일 17시,토요일,충청북도 청주시 청원구 사천동,경상사고,0,0,2,0,차대차 - 추돌,안전운전불이행,건조,맑음,교차로 - 교차로안,승용,남,61세,기타불명,승용,남,32세,경상
2022042300100417,2022년 4월 23일 18시,토요일,충청북도 옥천군 옥천읍,중상사고,0,1,0,0,차대차 - 기타,안전운전불이행,건조,맑음,교차로 - 교차로부근,화물,남,51세,상해없음,이륜,여,59세,중상
2022042300100418,2022년 4월 23일 18시,토요일,충청북도 청주시 상당구 영동,경상사고,0,0,1,1,차대차 - 기타,안전운전불이행,건조,맑음,단일로 - 기타,원동기,남,17세,경상,승용,여,51세,상해없음
2022042300100455,2022년 4월 23일 19시,토요일,충청북도 청주시 청원구 내덕동,경상사고,0,0,4,0,차대차 - 기타,안전운전불이행,건조,맑음,기타 - 기타,승용,남,52세,상해없음,승용,여,23세,경상
2022042300100456,2022년 4월 23일 19시,토요일,충청북도 충주시 용산동,경상사고,0,0,2,0,차대차 - 측면충돌,기타,건조,흐림,교차로 - 교차로부근,승용,남,39세,상해없음,승용,남,38세,경상
2022042300100457,2022년 4월 23일 19시,토요일,충청북도 음성군 금왕읍,중상사고,0,1,1,0,차대차 - 측면충돌,안전운전불이행,건조,맑음,교차로 - 교차로안,승용,남,23세,상해없음,승용,남,49세,중상
2022042300100517,2022년 4월 23일 21시,토요일,충청북도 충주시 교현동,경상사고,0,0,1,0,차대사람 - 횡단중,안전운전불이행,건조,맑음,단일로 - 기타,승용,남,61세,기타불명,보행자,남,11세,경상
2022042300100536,2022년 4월 23일 22시,토요일,충청북도 충주시 대소원면,경상사고,0,0,1,0,차대차 - 측면충돌,신호위반,건조,흐림,교차로 - 교차로안,승용,남,29세,상해없음,승용,여,42세,경상
2022042400100067,2022년 4월 24일 07시,일요일,충청북도 청주시 청원구 율량동,중상사고,0,1,0,0,차대차 - 정면충돌,신호위반,건조,맑음,교차로 - 교차로안,승용,남,35세,상해없음,승용,남,39세,중상
2022042400100068,2022년 4월 24일 07시,일요일,충청북도 충주시 목행동,경상사고,0,0,2,0,차대차 - 측면충돌,안전거리미확보,건조,맑음,교차로 - 교차로부근,화물,남,48세,상해없음,승용,여,35세,경상
2022042400100112,2022년 4월 24일 10시,일요일,충청북도 충주시 엄정면,중상사고,0,1,0,0,차대사람 - 기타,안전운전불이행,건조,맑음,단일로 - 기타,승용,여,70세,상해없음,보행자,남,74세,중상
2022042400100154,2022년 4월 24일 12시,일요일,충청북도 청주시 서원구 남이면,경상사고,0,0,8,0,차대차 - 측면충돌,안전운전불이행,건조,맑음,교차로 - 교차로부근,승용,여,51세,경상,승용,여,38세,경상
2022042400100180,2022년 4월 24일 13시,일요일,충청북도 충주시 봉방동,경상사고,0,0,1,0,차대차 - 추돌,안전거리미확보,건조,맑음,단일로 - 기타,승용,여,71세,기타불명,승용,여,43세,경상
2022042400100247,2022년 4월 24일 15시,일요일,충청북도 증평군 증평읍,경상사고,0,0,1,0,차대차 - 후진중충돌,안전운전불이행,건조,맑음,교차로 - 교차로부근,승용,남,61세,상해없음,이륜,남,27세,경상
2022042400100279,2022년 4월 24일 16시,일요일,충청북도 충주시 대소원면,경상사고,0,0,1,0,차대차 - 정면충돌,직진우회전진행방해,건조,맑음,교차로 - 교차로안,승용,여,30세,상해없음,승용,남,57세,상해없음
2022042400100310,2022년 4월 24일 17시,일요일,충청북도 영동군 상촌면,경상사고,0,0,1,0,차량단독 - 공작물충돌,안전운전불이행,건조,맑음,단일로 - 기타,사륜오토바이(ATV),남,55세,경상,,,,
2022042400100341,2022년 4월 24일 18시,일요일,충청북도 청주시 청원구 율량동,중상사고,0,1,0,0,차대차 - 측면충돌,교차로운행방법위반,건조,맑음,교차로 - 교차로안,자전거,여,60세,중상,승용,남,55세,상해없음
2022042400100359,2022년 4월 24일 19시,일요일,충청북도 청주시 흥덕구 복대동,경상사고,0,0,4,0,차대차 - 추돌,안전운전불이행,건조,맑음,교차로 - 교차로부근,승용,남,59세,상해없음,승용,남,38세,경상
2022042400100445,2022년 4월 24일 23시,일요일,충청북도 청주시 흥덕구 가경동,경상사고,0,0,1,0,차대차 - 측면충돌,교차로운행방법위반,건조,맑음,교차로 - 교차로안,승용,여,41세,상해없음,자전거,남,31세,경상
2022042500100095,2022년 4월 25일 08시,월요일,충청북도 청주시 청원구 율량동,경상사고,0,0,3,0,차대차 - 기타,교차로운행방법위반,건조,맑음,교차로 - 교차로안,개인형이동수단(PM),여,23세,경상,승용,남,65세,경상
2022042500100096,2022년 4월 25일 08시,월요일,충청북도 제천시 청전동,경상사고,0,0,1,0,차대차 - 측면충돌,신호위반,건조,맑음,교차로 - 교차로안,승용,남,42세,상해없음,승용,여,55세,경상
2022042500100097,2022년 4월 25일 08시,월요일,충청북도 영동군 영동읍,경상사고,0,0,2,0,차대차 - 측면충돌,직진우회전진행방해,건조,맑음,교차로 - 교차로안,승용,남,74세,상해없음,승용,남,79세,경상
2022042500100158,2022년 4월 25일 10시,월요일,충청북도 청주시 흥덕구 신봉동,경상사고,0,0,2,0,차대차 - 측면충돌,차로위반,건조,맑음,단일로 - 기타,건설기계,남,57세,상해없음,승용,여,47세,경상
2022042500100159,2022년 4월 25일 10시,월요일,충청북도 청주시 서원구 수곡동,경상사고,0,0,1,0,차대차 - 측면충돌,안전운전불이행,건조,맑음,주차장 - 주차장,승용,여,36세,상해없음,승용,여,40세,경상
2022042500100160,2022년 4월 25일 10시,월요일,충청북도 충주시 대소원면,사망사고,1,0,4,0,차대차 - 추돌,안전운전불이행,건조,맑음,단일로 - 기타,화물,남,47세,상해없음,승용,여,55세,사망
2022042500100192,2022년 4월 25일 11시,월요일,충청북도 제천시 중앙로2가,경상사고,0,0,1,0,차대차 - 기타,안전운전불이행,건조,맑음,교차로 - 교차로안,승용,여,69세,상해없음,승용,남,42세,경상
2022042500100224,2022년 4월 25일 12시,월요일,충청북도 청주시 흥덕구 봉명동,경상사고,0,0,2,0,차대차 - 측면충돌,안전거리미확보,건조,맑음,단일로 - 기타,승용,여,50세,경상,화물,남,65세,경상
2022042500100259,2022년 4월 25일 13시,월요일,충청북도 충주시 금릉동,경상사고,0,0,1,0,차대차 - 기타,안전거리미확보,건조,맑음,교차로 - 교차로부근,승용,남,77세,기타불명,승용,여,41세,경상
2022042500100260,2022년 4월 25일 13시,월요일,충청북도 제천시 명동,경상사고,0,0,1,0,차대차 - 측면충돌,안전운전불이행,건조,맑음,단일로 - 기타,승용,남,80세,상해없음,승용,여,51세,상해없음
2022042500100261,2022년 4월 25일 13시,월요일,충청북도 청주시 상당구 용암동,경상사고,0,0,1,0,차대차 - 측면충돌,안전운전불이행,건조,맑음,기타 - 기타,승용,남,61세,상해없음,자전거,남,84세,경상
2022042500100262,2022년 4월 25일 13시,월요일,충청북도 청주시 서원구 모충동,경상사고,0,0,1,0,차대사람 - 길가장자리구역통행중,안전운전불이행,건조,맑음,단일로 - 지하차도(도로)내,승용,여,41세,상해없음,보행자,남,22세,경상
2022042500100435,2022년 4월 25일 17시,월요일,충청북도 괴산군 괴산읍,경상사고,0,0,1,0,차대차 - 정면충돌,직진우회전진행방해,건조,맑음,교차로 - 교차로안,이륜,여,74세,경상,승용,여,58세,상해없음
2022042500100510,2022년 4월 25일 19시,월요일,충청북도 제천시 장락동,경상사고,0,0,1,0,차대차 - 추돌,안전운전불이행,건조,맑음,교차로 - 교차로안,승용,남,52세,상해없음,화물,남,41세,상해없음
2022042500100511,2022년 4월 25일 19시,월요일,충청북도 음성군 대소면,중상사고,0,1,0,0,차대사람 - 길가장자리구역통행중,안전운전불이행,젖음/습기,비,단일로 - 기타,화물,남,46세,상해없음,보행자,여,83세,중상
2022042500100512,2022년 4월 25일 19시,월요일,충청북도 청주시 흥덕구 복대동,경상사고,0,0,1,0,차대사람 - 횡단중,보행자보호의무위반,건조,흐림,교차로 - 교차로횡단보도내,이륜,남,18세,상해없음,보행자,남,25세,경상
2022042500100513,2022년 4월 25일 19시,월요일,충청북도 청주시 상당구 낭성면,경상사고,0,0,1,0,차대차 - 측면충돌,중앙선침범,건조,흐림,단일로 - 고가도로위,승용,여,51세,상해없음,승용,남,73세,경상
2022042500100540,2022년 4월 25일 20시,월요일,충청북도 청주시 청원구 내덕동,중상사고,0,1,0,0,차대차 - 측면충돌,신호위반,젖음/습기,흐림,교차로 - 교차로안,승용,여,52세,상해없음,승용,남,30세,중상
2022042500100541,2022년 4월 25일 20시,월요일,충청북도 청주시 청원구 사천동,경상사고,0,0,1,0,차대차 - 측면충돌,안전운전불이행,건조,맑음,단일로 - 기타,승용,남,45세,상해없음,승용,남,41세,경상
2022042500100542,2022년 4월 25일 20시,월요일,충청북도 충주시 칠금동,경상사고,0,0,1,0,차대차 - 정면충돌,안전운전불이행,건조,맑음,교차로 - 교차로횡단보도내,승용,남,30세,상해없음,이륜,남,48세,경상
2022042500100543,2022년 4월 25일 20시,월요일,충청북도 괴산군 문광면,경상사고,0,0,2,0,차대차 - 측면충돌,신호위반,건조,맑음,교차로 - 교차로안,승용,여,51세,경상,승용,여,52세,경상
2022042500100565,2022년 4월 25일 21시,월요일,충청북도 청주시 서원구 개신동,경상사고,0,0,1,0,차대차 - 기타,안전운전불이행,젖음/습기,비,교차로 - 교차로안,승용,여,65세,상해없음,승용,남,52세,경상
2022042500100566,2022년 4월 25일 21시,월요일,충청북도 청주시 상당구 탑동,경상사고,0,0,1,0,차대사람 - 길가장자리구역통행중,안전운전불이행,건조,맑음,단일로 - 지하차도(도로)내,승용,여,45세,상해없음,보행자,여,16세,경상
2022042500100588,2022년 4월 25일 22시,월요일,충청북도 청주시 흥덕구 가경동,경상사고,0,0,1,0,차대차 - 측면충돌,안전운전불이행,건조,맑음,단일로 - 기타,승합,남,54세,상해없음,승용,남,24세,경상
2022042600100009,2022년 4월 26일 00시,화요일,충청북도 청주시 흥덕구 석소동,중상사고,0,1,0,0,차대차 - 정면충돌,안전운전불이행,젖음/습기,비,단일로 - 기타,화물,남,47세,상해없음,승용,남,31세,중상
2022042600100065,2022년 4월 26일 06시,화요일,충청북도 제천시 청풍면,중상사고,0,1,0,0,차량단독 - 공작물충돌,안전운전불이행,건조,맑음,단일로 - 기타,승용,남,44세,중상,,,,
2022042600100115,2022년 4월 26일 08시,화요일,충청북도 충주시 대소원면,경상사고,0,0,2,0,차대차 - 추돌,안전운전불이행,젖음/습기,비,단일로 - 기타,특수,남,64세,상해없음,승용,여,59세,경상
2022042600100163,2022년 4월 26일 09시,화요일,충청북도 음성군 금왕읍,경상사고,0,0,1,0,차대차 - 추돌,안전거리미확보,건조,맑음,교차로 - 교차로안,승용,남,48세,상해없음,승용,여,35세,경상
2022042600100164,2022년 4월 26일 09시,화요일,충청북도 진천군 백곡면,중상사고,0,1,0,0,차량단독 - 도로외이탈 - 추락,안전운전불이행,건조,맑음,단일로 - 지하차도(도로)내,승용,남,42세,상해없음,,,,
2022042600100233,2022년 4월 26일 11시,화요일,충청북도 음성군 원남면,경상사고,0,0,2,0,차대차 - 추돌,안전거리미확보,건조,맑음,교차로 - 교차로부근,화물,남,66세,상해없음,화물,남,54세,경상
2022042600100287,2022년 4월 26일 13시,화요일,충청북도 청주시 청원구 내수읍,경상사고,0,0,4,0,차대차 - 측면충돌,신호위반,건조,맑음,교차로 - 교차로안,승용,남,64세,상해없음,승용,남,73세,경상
2022042600100349,2022년 4월 26일 15시,화요일,충청북도 충주시 살미면,중상사고,0,1,0,0,차대차 - 측면충돌,중앙선침범,건조,맑음,단일로 - 기타,승용,남,61세,상해없음,이륜,남,44세,중상
2022042600100404,2022년 4월 26일 17시,화요일,충청북도 보은군 보은읍,경상사고,0,0,1,0,차대차 - 추돌,안전운전불이행,건조,맑음,단일로 - 교량,승용,여,44세,상해없음,이륜,남,77세,경상
2022042600100443,2022년 4월 26일 18시,화요일,충청북도 제천시 하소동,중상사고,0,1,2,0,차대차 - 추돌,안전운전불이행,건조,맑음,교차로 - 교차로부근,화물,남,62세,상해없음,승용,여,50세,경상
2022042600100491,2022년 4월 26일 20시,화요일,충청북도 증평군 증평읍,경상사고,0,0,2,0,차량단독 - 주/정차차량 충돌,안전운전불이행,건조,맑음,교차로 - 교차로부근,개인형이동수단(PM),여,14세,경상,,,,
2022042600100513,2022년 4월 26일 21시,화요일,충청북도 청주시 상당구 금천동,중상사고,0,1,0,0,차대사람 - 횡단중,신호위반,건조,맑음,교차로 - 교차로횡단보도내,승용,여,61세,상해없음,보행자,여,14세,중상
2022042600100555,2022년 4월 26일 23시,화요일,충청북도 음성군 대소면,경상사고,0,0,1,0,차대차 - 측면충돌,안전운전불이행,건조,맑음,교차로 - 교차로안,이륜,남,20세,상해없음,이륜,남,17세,경상
2022042700100070,2022년 4월 27일 07시,수요일,충청북도 청주시 서원구 개신동,경상사고,0,0,1,0,차대차 - 기타,안전운전불이행,건조,맑음,교차로 - 교차로부근,승용,남,58세,상해없음,승용,남,63세,경상
2022042700100106,2022년 4월 27일 08시,수요일,충청북도 청주시 서원구 분평동,경상사고,0,0,2,0,차대차 - 측면충돌,교차로운행방법위반,건조,맑음,교차로 - 교차로부근,승용,남,56세,경상,승용,남,59세,경상
2022042700100139,2022년 4월 27일 09시,수요일,충청북도 제천시 교동,경상사고,0,0,2,0,차대차 - 측면충돌,안전거리미확보,건조,맑음,교차로 - 교차로부근,승용,남,78세,상해없음,승용,남,67세,경상
2022042700100140,2022년 4월 27일 09시,수요일,충청북도 청주시 상당구 영운동,중상사고,0,1,0,0,차대차 - 측면충돌,교차로운행방법위반,건조,맑음,교차로 - 교차로안,이륜,남,69세,기타불명,이륜,남,37세,중상
2022042700100335,2022년 4월 27일 15시,수요일,충청북도 청주시 청원구 내덕동,부상신고사고,0,0,0,1,차대사람 - 기타,안전운전불이행,건조,맑음,기타 - 기타,기타불명,기타불명,미분류,기타불명,보행자,남,25세,부상신고
2022042700100336,2022년 4월 27일 15시,수요일,충청북도 청주시 흥덕구 가경동,경상사고,0,0,1,1,차대차 - 기타,안전운전불이행,건조,맑음,교차로 - 교차로부근,개인형이동수단(PM),남,12세,부상신고,화물,남,44세,상해없음
2022042700100378,2022년 4월 27일 16시,수요일,충청북도 제천시 장락동,중상사고,0,1,0,0,차대차 - 기타,안전운전불이행,건조,맑음,교차로 - 교차로횡단보도내,승용,남,56세,상해없음,자전거,남,13세,중상
2022042700100379,2022년 4월 27일 16시,수요일,충청북도 옥천군 군북면,경상사고,0,0,2,0,차대차 - 기타,중앙선침범,건조,맑음,기타 - 기타,화물,남,72세,상해없음,화물,남,56세,경상
2022042700100380,2022년 4월 27일 16시,수요일,충청북도 진천군 진천읍,경상사고,0,0,1,0,차대차 - 측면충돌,안전운전불이행,건조,맑음,교차로 - 교차로부근,승합,남,70세,기타불명,자전거,남,14세,경상
2022042700100466,2022년 4월 27일 18시,수요일,충청북도 청주시 청원구 율량동,경상사고,0,0,1,0,차대사람 - 차도통행중,안전운전불이행,건조,맑음,단일로 - 기타,자전거,남,14세,상해없음,보행자,여,73세,경상