사고번호,사고일시,요일,시군구,사고내용,사망자수,중상자수,경상자수,부상신고자수,사고유형,법규위반,노면상태,기상상태,도로형태,가해운전자 차종,가해운전자 성별,가해운전자 연령,가해운전자 상해정도,피해운전자 차종,피해운전자 성별,피해운전자 연령,피해운전자 상해정도
2022050200100342,2022년 5월 2일 15시,월요일,충청북도 충주시 살미면,경상사고,0,0,3,0,차대차 - 추돌,안전거리미확보,건조,맑음,교차로 - 교차로안,화물,남,59세,상해없음,승용,남,54세,경상
2022050200100343,2022년 5월 2일 15시,월요일,충청북도 청주시 서원구 모충동,중상사고,0,1,0,0,차대차 - 측면충돌,안전운전불이행,건조,맑음,단일로 - 지하차도(도로)내,승용,남,63세,상해없음,승용,남,52세,중상
2022050200100382,2022년 5월 2일 16시,월요일,충청북도 청주시 청원구 오창읍,중상사고,0,1,0,0,차대사람 - 기타,안전운전불이행,건조,맑음,단일로 - 기타,자전거,남,13세,상해없음,보행자,여,32세,중상
2022050200100383,2022년 5월 2일 16시,월요일,충청북도 청주시 청원구 오창읍,경상사고,0,0,1,0,차대차 - 기타,안전운전불이행,건조,맑음,주차장 - 주차장,승합,여,43세,상해없음,승용,여,37세,경상
2022050200100384,2022년 5월 2일 16시,월요일,충청북도 제천시 영천동,경상사고,0,0,1,0,차대차 - 측면충돌,안전거리미확보,건조,맑음,단일로 - 기타,화물,남,69세,상해없음,승용,남,40세,경상
2022050200100385,2022년 5월 2일 16시,월요일,충청북도 제천시 고암동,경상사고,0,0,2,0,차대차 - 기타,안전운전불이행,건조,맑음,교차로 - 교차로부근,자전거,남,64세,경상,승용,남,54세,상해없음
2022050200100386,2022년 5월 2일 16시,월요일,충청북도 음성군 감곡면,중상사고,0,1,1,0,차대차 - 측면충돌,교차로운행방법위반,건조,맑음,교차로 - 교차로안,개인형이동수단(PM),남,19세,경상,승용,남,24세,상해없음
2022050200100434,2022년 5월 2일 17시,월요일,충청북도 청주시 청원구 율량동,중상사고,0,1,0,0,차대차 - 기타,직진우회전진행방해,건조,맑음,교차로 - 교차로안,승용,남,44세,상해없음,자전거,남,82세,중상
2022050200100435,2022년 5월 2일 17시,월요일,충청북도 음성군 음성읍,경상사고,0,0,1,0,차대사람 - 기타,안전운전불이행,건조,맑음,주차장 - 주차장,화물,남,66세,상해없음,보행자,여,79세,경상
2022050200100436,2022년 5월 2일 17시,월요일,충청북도 청주시 흥덕구 봉명동,경상사고,0,0,2,0,차대차 - 기타,교차로운행방법위반,건조,맑음,교차로 - 교차로부근,승용,여,49세,경상,승용,남,61세,경상
2022050200100476,2022년 5월 2일 18시,월요일,충청북도 충주시 교현동,경상사고,0,0,1,0,차대차 - 정면충돌,신호위반,건조,맑음,교차로 - 교차로안,승용,남,62세,상해없음,자전거,남,39세,경상
2022050200100477,2022년 5월 2일 18시,월요일,충청북도 청주시 상당구 용암동,경상사고,0,0,1,0,차대차 - 측면충돌,안전거리미확보,건조,맑음,교차로 - 교차로부근,승용,남,61세,상해없음,승용,남,57세,경상
2022050200100506,2022년 5월 2일 19시,월요일,충청북도 청주시 청원구 내덕동,경상사고,0,0,1,0,차대차 - 기타,안전운전불이행,건조,맑음,기타 - 기타,승용,남,56세,경상,승용,여,53세,상해없음
2022050200100507,2022년 5월 2일 19시,월요일,충청북도 영동군 학산면,중상사고,0,1,1,0,차대차 - 후진중충돌,안전운전불이행,건조,맑음,단일로 - 기타,승용,남,41세,상해없음,이륜,남,49세,경상
2022050200100508,2022년 5월 2일 19시,월요일,충청북도 진천군 덕산읍,경상사고,0,0,1,0,차대사람 - 보도통행중,안전운전불이행,건조,맑음,기타 - 기타,자전거,남,14세,상해없음,보행자,여,33세,경상
2022050300100040,2022년 5월 3일 06시,화요일,충청북도 음성군 삼성면,중상사고,0,1,0,0,차대차 - 정면충돌,교차로운행방법위반,건조,맑음,교차로 - 교차로안,화물,남,60세,상해없음,화물,남,61세,중상
2022050300100062,2022년 5월 3일 07시,화요일,충청북도 청주시 흥덕구 봉명동,경상사고,0,0,1,0,차대차 - 측면충돌,안전운전불이행,건조,맑음,단일로 - 기타,승용,여,54세,상해없음,승용,남,49세,경상
2022050300100140,2022년 5월 3일 09시,화요일,충청북도 충주시 문화동,중상사고,0,1,0,0,차대차 - 정면충돌,안전거리미확보,건조,맑음,단일로 - 기타,승용,여,56세,상해없음,이륜,남,61세,중상
2022050300100141,2022년 5월 3일 09시,화요일,충청북도 충주시 목행동,경상사고,0,0,2,0,차대차 - 측면충돌,안전운전불이행,건조,맑음,단일로 - 기타,화물,남,58세,상해없음,승용,여,37세,경상
2022050300100142,2022년 5월 3일 09시,화요일,충청북도 증평군 증평읍,중상사고,0,1,0,0,차대차 - 측면충돌,신호위반,건조,맑음,교차로 - 교차로안,화물,남,46세,상해없음,화물,남,72세,중상
2022050300100143,2022년 5월 3일 09시,화요일,충청북도 청주시 상당구 용암동,경상사고,0,0,1,0,차대차 - 측면충돌,안전운전불이행,건조,맑음,단일로 - 기타,승용,여,36세,상해없음,승합,남,40세,경상
2022050300100168,2022년 5월 3일 10시,화요일,충청북도 청주시 청원구 율량동,경상사고,0,0,2,0,차대차 - 측면충돌,신호위반,건조,맑음,교차로 - 교차로안,승용,남,64세,경상,승용,여,65세,경상
2022050300100169,2022년 5월 3일 10시,화요일,충청북도 청주시 흥덕구 봉명동,경상사고,0,0,1,0,차대사람 - 차도통행중,안전운전불이행,건조,맑음,단일로 - 기타,승용,여,70세,상해없음,보행자,남,53세,경상
2022050300100272,2022년 5월 3일 13시,화요일,충청북도 청주시 청원구 오창읍,경상사고,0,0,1,0,차대차 - 후진중충돌,기타,건조,맑음,단일로 - 기타,화물,남,68세,상해없음,승용,남,31세,경상
2022050300100273,2022년 5월 3일 13시,화요일,충청북도 영동군 영동읍,중상사고,0,1,0,0,차대사람 - 기타,안전운전불이행,건조,맑음,교차로 - 교차로안,화물,남,60세,상해없음,보행자,남,47세,중상
2022050300100303,2022년 5월 3일 14시,화요일,충청북도 충주시 성서동,경상사고,0,0,1,0,차대차 - 기타,안전거리미확보,건조,맑음,교차로 - 교차로부근,승용,남,70세,상해없음,승합,남,58세,상해없음
2022050300100304,2022년 5월 3일 14시,화요일,충청북도 음성군 금왕읍,중상사고,0,1,0,0,차대사람 - 횡단중,안전운전불이행,건조,맑음,교차로 - 교차로부근,승용,여,29세,상해없음,보행자,여,54세,중상
2022050300100434,2022년 5월 3일 17시,화요일,충청북도 청주시 상당구 용암동,경상사고,0,0,2,0,차대차 - 측면충돌,교차로운행방법위반,건조,맑음,교차로 - 교차로안,승용,남,58세,상해없음,승용,여,42세,경상
2022050300100488,2022년 5월 3일 18시,화요일,충청북도 청주시 흥덕구 오송읍,경상사고,0,0,1,0,차대차 - 측면충돌,안전운전불이행,건조,맑음,교차로 - 교차로부근,승용,남,69세,상해없음,승용,남,73세,경상
2022050300100489,2022년 5월 3일 18시,화요일,충청북도 청주시 흥덕구 복대동,경상사고,0,0,3,0,차대차 - 기타,안전거리미확보,건조,맑음,교차로 - 교차로부근,승용,여,48세,상해없음,승용,여,38세,경상
2022050300100490,2022년 5월 3일 18시,화요일,충청북도 청주시 상당구 용암동,경상사고,0,0,2,0,차대차 - 측면충돌,안전운전불이행,건조,맑음,교차로 - 교차로안,개인형이동수단(PM),남,23세,경상,승용,여,38세,경상
2022050300100527,2022년 5월 3일 19시,화요일,충청북도 충주시 성내동,경상사고,0,0,1,0,차대차 - 측면충돌,직진우회전진행방해,건조,맑음,교차로 - 교차로안,화물,남,42세,상해없음,개인형이동수단(PM),남,17세,경상
2022050300100553,2022년 5월 3일 20시,화요일,충청북도 청주시 청원구 오창읍,중상사고,0,1,0,0,차대차 - 측면충돌,교차로운행방법위반,건조,맑음,교차로 - 교차로안,개인형이동수단(PM),남,33세,중상,승용,여,45세,상해없음
2022050300100554,2022년 5월 3일 20시,화요일,충청북도 제천시 명동,중상사고,0,1,0,0,차대사람 - 차도통행중,안전운전불이행,건조,맑음,단일로 - 기타,승용,남,57세,상해없음,보행자,남,55세,중상
2022050300100555,2022년 5월 3일 20시,화요일,충청북도 음성군 맹동면,경상사고,0,0,2,0,차대차 - 측면충돌,안전운전불이행,건조,맑음,교차로 - 교차로안,승용,여,41세,상해없음,승용,남,37세,경상
2022050300100579,2022년 5월 3일 21시,화요일,충청북도 청주시 서원구 분평동,경상사고,0,0,1,0,차량단독 - 전도전복 - 전도,안전운전불이행,건조,맑음,교차로 - 교차로부근,자전거,남,48세,경상,,,,
2022050300100609,2022년 5월 3일 23시,화요일,충청북도 청주시 서원구 분평동,경상사고,0,0,1,0,차대차 - 기타,직진우회전진행방해,건조,맑음,교차로 - 교차로안,승용,남,31세,상해없음,개인형이동수단(PM),남,30세,경상
2022050400100046,2022년 5월 4일 04시,수요일,충청북도 제천시 화산동,경상사고,0,0,1,0,차대사람 - 길가장자리구역통행중,안전운전불이행,건조,맑음,주차장 - 주차장,화물,여,62세,상해없음,보행자,남,50세,경상
2022050400100047,2022년 5월 4일 04시,수요일,충청북도 음성군 삼성면,중상사고,0,1,1,0,차대차 - 추돌,안전운전불이행,건조,맑음,단일로 - 기타,화물,남,54세,중상,화물,남,68세,경상
2022050400100081,2022년 5월 4일 07시,수요일,충청북도 제천시 하소동,경상사고,0,0,1,0,차대차 - 측면충돌,안전거리미확보,건조,맑음,교차로 - 교차로안,승용,여,55세,상해없음,승용,남,34세,경상
2022050400100082,2022년 5월 4일 07시,수요일,충청북도 음성군 대소면,경상사고,0,0,1,0,차대차 - 측면충돌,중앙선침범,건조,맑음,단일로 - 기타,승합,남,30세,상해없음,화물,남,34세,경상
2022050400100083,2022년 5월 4일 07시,수요일,충청북도 청주시 상당구 금천동,경상사고,0,0,1,0,차대사람 - 횡단중,보행자보호의무위반,건조,맑음,교차로 - 교차로횡단보도내,개인형이동수단(PM),남,14세,상해없음,보행자,남,75세,경상
2022050400100121,2022년 5월 4일 08시,수요일,충청북도 청주시 흥덕구 복대동,중상사고,0,1,0,0,차대차 - 측면충돌,안전운전불이행,건조,맑음,교차로 - 교차로횡단보도내,승용,여,43세,상해없음,자전거,남,23세,중상
2022050400100224,2022년 5월 4일 10시,수요일,충청북도 청주시 흥덕구 신봉동,중상사고,0,1,0,0,차량단독 - 전도전복 - 전도,안전운전불이행,건조,맑음,단일로 - 기타,이륜,남,49세,중상,,,,
2022050400100225,2022년 5월 4일 10시,수요일,충청북도 청주시 상당구 금천동,중상사고,0,4,0,0,차대차 - 정면충돌,교차로운행방법위반,건조,맑음,교차로 - 교차로안,승용,여,68세,중상,승용,여,30세,중상
2022050400100226,2022년 5월 4일 10시,수요일,충청북도 제천시 금성면,경상사고,0,0,2,0,차대차 - 측면충돌,안전운전불이행,건조,맑음,단일로 - 기타,승용,남,66세,경상,승용,남,59세,경상
2022050400100357,2022년 5월 4일 14시,수요일,충청북도 청주시 상당구 남일면,경상사고,0,0,4,0,차대차 - 기타,교차로운행방법위반,건조,맑음,교차로 - 교차로안,승용,남,74세,경상,화물,남,35세,경상
2022050400100395,2022년 5월 4일 15시,수요일,충청북도 충주시 문화동,중상사고,0,1,2,0,차대차 - 측면충돌,안전거리미확보,건조,맑음,단일로 - 기타,승용,여,39세,상해없음,승용,여,56세,경상
2022050400100396,2022년 5월 4일 15시,수요일,충청북도 단양군 단양읍,경상사고,0,0,1,0,차량단독 - 전도전복 - 전도,안전운전불이행,건조,맑음,단일로 - 기타,사륜오토바이(ATV),남,27세,경상,,,,
2022050400100429,2022년 5월 4일 16시,수요일,충청북도 청주시 흥덕구 가경동,경상사고,0,0,1,0,차대차 - 측면충돌,직진우회전진행방해,건조,맑음,교차로 - 교차로안,이륜,남,41세,경상,승용,여,27세,상해없음
2022050400100550,2022년 5월 4일 18시,수요일,충청북도 청주시 흥덕구 가경동,경상사고,0,0,2,0,차대차 - 측면충돌,안전운전불이행,건조,맑음,단일로 - 기타,이륜,남,28세,경상,승용,남,26세,경상
2022050400100551,2022년 5월 4일 18시,수요일,충청북도 청주시 흥덕구 신촌동,경상사고,0,0,3,0,차대차 - 측면충돌,안전운전불이행,건조,맑음,교차로 - 교차로부근,건설기계,남,58세,경상,승용,남,33세,경상
2022050400100552,2022년 5월 4일 18시,수요일,충청북도 청주시 상당구 가덕면,경상사고,0,0,1,0,차량단독 - 공작물충돌,안전운전불이행,건조,맑음,단일로 - 기타,화물,남,86세,경상,,,,
2022050400100607,2022년 5월 4일 19시,수요일,충청북도 괴산군 괴산읍,경상사고,0,0,1,0,차대차 - 측면충돌,직진우회전진행방해,건조,맑음,교차로 - 교차로안,승용,남,63세,상해없음,승용,남,33세,경상
2022050400100608,2022년 5월 4일 19시,수요일,충청북도 청주시 흥덕구 강서동,경상사고,0,0,1,0,차대차 - 측면충돌,안전운전불이행,건조,맑음,단일로 - 기타,승용,여,53세,상해없음,승용,여,54세,경상
2022050400100640,2022년 5월 4일 20시,수요일,충청북도 충주시 교현동,경상사고,0,0,3,0,차대차 - 측면충돌,신호위반,건조,맑음,교차로 - 교차로안,승용,남,62세,경상,승용,남,59세,경상
2022050400100641,2022년 5월 4일 20시,수요일,충청북도 청주시 상당구 금천동,경상사고,0,0,1,0,차대차 - 정면충돌,중앙선침범,건조,흐림,교차로 - 교차로부근,승용,남,18세,상해없음,승용,여,41세,경상
2022050400100642,2022년 5월 4일 20시,수요일,충청북도 청주시 서원구 산남동,경상사고,0,0,1,0,차대차 - 기타,안전거리미확보,건조,맑음,단일로 - 지하차도(도로)내,승용,여,49세,상해없음,원동기,남,34세,경상
2022050400100677,2022년 5월 4일 21시,수요일,충청북도 청주시 서원구 분평동,중상사고,0,1,0,0,차대사람 - 횡단중,안전운전불이행,건조,맑음,단일로 - 기타,이륜,남,26세,상해없음,보행자,여,80세,중상
2022050400100703,2022년 5월 4일 22시,수요일,충청북도 음성군 대소면,경상사고,0,0,1,0,차대사람 - 차도통행중,안전운전불이행,건조,맑음,단일로 - 기타,승용,남,35세,상해없음,보행자,남,58세,경상
2022050400100704,2022년 5월 4일 22시,수요일,충청북도 진천군 진천읍,경상사고,0,0,3,1,차대차 - 측면충돌,안전운전불이행,건조,맑음,단일로 - 지하차도(도로)내,이륜,남,22세,상해없음,승용,남,22세,부상신고
2022050500100045,2022년 5월 5일 03시,목요일,충청북도 청주시 청원구 율량동,경상사고,0,0,1,0,차대차 - 추돌,안전운전불이행,건조,맑음,단일로 - 기타,승용,남,49세,상해없음,승용,남,27세,경상
2022050500100066,2022년 5월 5일 06시,목요일,충청북도 옥천군 옥천읍,경상사고,0,0,1,0,차대차 - 측면충돌,안전운전불이행,건조,맑음,교차로 - 교차로부근,화물,남,64세,상해없음,승용,남,52세,경상
2022050500100153,2022년 5월 5일 11시,목요일,충청북도 제천시 금성면,경상사고,0,0,3,0,차대차 - 측면충돌,신호위반,건조,맑음,단일로 - 터널,승용,남,22세,상해없음,승용,남,37세,경상
2022050500100219,2022년 5월 5일 13시,목요일,충청북도 제천시 청전동,경상사고,0,0,1,0,차대차 - 기타,신호위반,건조,맑음,교차로 - 교차로부근,승용,여,34세,기타불명,이륜,남,47세,경상
2022050500100336,2022년 5월 5일 16시,목요일,충청북도 충주시 중앙탑면,경상사고,0,0,2,0,차대차 - 정면충돌,신호위반,건조,맑음,교차로 - 교차로안,승용,남,45세,상해없음,승용,남,76세,경상
2022050500100337,2022년 5월 5일 16시,목요일,충청북도 청주시 흥덕구 송정동,경상사고,0,0,1,0,차대차 - 추돌,안전운전불이행,건조,맑음,교차로 - 교차로부근,승용,남,36세,상해없음,승용,남,31세,경상
2022050500100376,2022년 5월 5일 17시,목요일,충청북도 단양군 영춘면,경상사고,0,0,5,1,차대차 - 추돌,안전운전불이행,건조,맑음,주차장 - 주차장,승용,남,82세,경상,화물,남,62세,경상
2022050500100377,2022년 5월 5일 17시,목요일,충청북도 청주시 흥덕구 비하동,경상사고,0,0,1,0,차대차 - 측면충돌,안전운전불이행,건조,맑음,교차로 - 교차로안,승용,남,41세,상해없음,승용,남,63세,경상
2022050500100378,2022년 5월 5일 17시,목요일,충청북도 청주시 상당구 지북동,경상사고,0,0,2,0,차대차 - 기타,안전운전불이행,건조,맑음,단일로 - 기타,승용,여,49세,상해없음,승용,여,45세,경상
2022050500100412,2022년 5월 5일 18시,목요일,충청북도 청주시 흥덕구 송절동,경상사고,0,0,1,0,차대차 - 추돌,안전운전불이행,건조,맑음,단일로 - 기타,승용,남,22세,상해없음,화물,여,66세,경상
2022050500100413,2022년 5월 5일 18시,목요일,충청북도 청주시 흥덕구 석곡동,경상사고,0,0,1,0,차대차 - 측면충돌,안전운전불이행,건조,맑음,교차로 - 교차로안,화물,남,59세,상해없음,승용,남,49세,경상
2022050500100414,2022년 5월 5일 18시,목요일,충청북도 청주시 서원구 미평동,경상사고,0,0,1,0,차대차 - 측면충돌,중앙선침범,건조,맑음,단일로 - 기타,승용,남,49세,상해없음,승용,여,45세,경상
2022050500100445,2022년 5월 5일 19시,목요일,충청북도 제천시 장락동,경상사고,0,0,1,0,차대차 - 측면충돌,직진우회전진행방해,건조,맑음,단일로 - 기타,승용,남,26세,경상,승용,남,52세,상해없음
2022050500100471,2022년 5월 5일 20시,목요일,충청북도 진천군 초평면,경상사고,0,0,1,0,차대차 - 측면충돌,안전운전불이행,건조,맑음,단일로 - 지하차도(도로)내,승용,남,64세,상해없음,농기계,남,57세,경상
2022050500100472,2022년 5월 5일 20시,목요일,충청북도 청주시 흥덕구 가경동,경상사고,0,0,1,0,차대차 - 측면충돌,안전거리미확보,건조,맑음,단일로 - 기타,승용,여,28세,상해없음,승용,남,56세,경상
2022050500100521,2022년 5월 5일 22시,목요일,충청북도 제천시 천남동,경상사고,0,0,1,0,차대차 - 측면충돌,안전거리미확보,건조,맑음,교차로 - 교차로부근,승용,남,52세,상해없음,승용,여,23세,경상
2022050600100026,2022년 5월 6일 05시,금요일,충청북도 충주시 달천동,경상사고,0,0,1,0,차대차 - 추돌,안전운전불이행,건조,맑음,교차로 - 교차로부근,화물,남,46세,상해없음,화물,남,60세,경상
2022050600100054,2022년 5월 6일 07시,금요일,충청북도 영동군 상촌면,중상사고,0,1,2,0,차대차 - 측면충돌,기타,건조,맑음,교차로 - 교차로안,승용,여,61세,상해없음,농기계,남,78세,중상
2022050600100055,2022년 5월 6일 07시,금요일,충청북도 괴산군 문광면,경상사고,0,0,1,0,차대차 - 측면충돌,기타,건조,맑음,교차로 - 교차로안,승용,남,77세,경상,승용,남,34세,상해없음
2022050600100056,2022년 5월 6일 07시,금요일,충청북도 청주시 흥덕구 강서동,경상사고,0,0,1,0,차대사람 - 기타,안전운전불이행,건조,맑음,단일로 - 기타,승용,남,39세,상해없음,보행자,여,64세,경상
2022050600100078,2022년 5월 6일 08시,금요일,충청북도 청주시 청원구 사천동,중상사고,0,1,0,0,차대차 - 기타,중앙선침범,건조,맑음,단일로 - 기타,화물,남,62세,상해없음,승용,남,31세,중상
2022050600100079,2022년 5월 6일 08시,금요일,충청북도 청주시 서원구 성화동,경상사고,0,0,2,0,차대차 - 추돌,안전운전불이행,건조,맑음,단일로 - 기타,승용,남,24세,상해없음,승용,남,46세,경상
2022050600100112,2022년 5월 6일 09시,금요일,충청북도 충주시 연수동,중상사고,0,1,0,0,차대차 - 측면충돌,직진우회전진행방해,건조,맑음,교차로 - 교차로안,승용,여,46세,상해없음,승용,남,67세,중상
2022050600100186,2022년 5월 6일 11시,금요일,충청북도 청주시 청원구 내수읍,경상사고,0,0,1,0,차대차 - 기타,신호위반,건조,맑음,교차로 - 교차로안,승용,남,59세,기타불명,승용,남,26세,경상
2022050600100187,2022년 5월 6일 11시,금요일,충청북도 제천시 청전동,경상사고,0,0,2,1,차대차 - 기타,직진우회전진행방해,건조,맑음,교차로 - 교차로안,승용,여,35세,부상신고,화물,남,67세,경상
2022050600100188,2022년 5월 6일 11시,금요일,충청북도 보은군 내북면,중상사고,0,1,2,0,차대차 - 기타,중앙선침범,건조,맑음,단일로 - 기타,승용,남,69세,상해없음,자전거,남,33세,중상
2022050600100189,2022년 5월 6일 11시,금요일,충청북도 청주시 서원구 수곡동,경상사고,0,0,4,0,차대차 - 기타,직진우회전진행방해,건조,맑음,교차로 - 교차로안,승용,남,64세,경상,승용,여,59세,경상
2022050600100234,2022년 5월 6일 12시,금요일,충청북도 청주시 흥덕구 신봉동,경상사고,0,0,2,0,차대차 - 측면충돌,신호위반,건조,맑음,교차로 - 교차로안,승용,남,53세,상해없음,승용,남,38세,경상
2022050600100235,2022년 5월 6일 12시,금요일,충청북도 청주시 흥덕구 비하동,경상사고,0,0,1,0,차대차 - 기타,안전운전불이행,건조,맑음,교차로 - 교차로부근,승용,여,45세,상해없음,승용,남,72세,상해없음
2022050600100269,2022년 5월 6일 13시,금요일,충청북도 제천시 송학면,경상사고,0,0,1,0,차대차 - 정면충돌,중앙선침범,건조,맑음,단일로 - 기타,승용,여,70세,상해없음,특수,남,50세,경상
2022050600100314,2022년 5월 6일 14시,금요일,충청북도 제천시 의림동,경상사고,0,0,1,0,차대차 - 측면충돌,안전운전불이행,건조,맑음,단일로 - 기타,승용,남,71세,상해없음,원동기,남,23세,경상
2022050600100315,2022년 5월 6일 14시,금요일,충청북도 제천시 동현동,경상사고,0,0,1,0,차대차 - 측면충돌,안전거리미확보,건조,맑음,단일로 - 기타,승용,남,57세,상해없음,승용,여,44세,경상
2022050600100316,2022년 5월 6일 14시,금요일,충청북도 청주시 흥덕구 강서동,경상사고,0,0,1,0,차량단독 - 기타,기타,건조,맑음,단일로 - 기타,승합,남,61세,상해없음,,,,
2022050600100366,2022년 5월 6일 15시,금요일,충청북도 청주시 청원구 주중동,경상사고,0,0,2,0,차대차 - 기타,안전운전불이행,건조,맑음,기타 - 기타,승용,남,64세,상해없음,승용,남,32세,경상
2022050600100367,2022년 5월 6일 15시,금요일,충청북도 충주시 용관동,경상사고,0,0,3,1,차대차 - 추돌,안전거리미확보,건조,맑음,단일로 - 교량,승용,남,59세,상해없음,승용,남,70세,부상신고
2022050600100411,2022년 5월 6일 16시,금요일,충청북도 청주시 상당구 남주동,경상사고,0,0,1,0,차대차 - 기타,안전운전불이행,건조,맑음,단일로 - 기타,자전거,남,33세,상해없음,자전거,여,57세,경상
2022050600100412,2022년 5월 6일 16시,금요일,충청북도 괴산군 청천면,경상사고,0,0,1,0,차량단독 - 공작물충돌,안전운전불이행,건조,맑음,단일로 - 고가도로위,승용,여,51세,상해없음,,,,
2022050600100455,2022년 5월 6일 17시,금요일,충청북도 청주시 서원구 사직동,경상사고,0,0,1,0,차대차 - 추돌,안전운전불이행,건조,맑음,단일로 - 기타,승용,남,75세,상해없음,승용,여,40세,경상
2022050600100456,2022년 5월 6일 17시,금요일,충청북도 청주시 청원구 사천동,경상사고,0,0,1,0,차대차 - 기타,안전운전불이행,건조,맑음,단일로 - 기타,승용,남,64세,상해없음,승용,남,23세,경상
2022050600100457,2022년 5월 6일 17시,금요일,충청북도 진천군 광혜원면,경상사고,0,0,1,0,차대차 - 기타,안전운전불이행,건조,맑음,교차로 - 교차로부근,화물,남,61세,상해없음,승용,남,36세,경상
2022050600100515,2022년 5월 6일 18시,금요일,충청북도 충주시 대소원면,경상사고,0,0,1,0,차대사람 - 기타,안전운전불이행,건조,맑음,기타 - 기타,승용,남,56세,상해없음,보행자,남,64세,경상
2022050600100562,2022년 5월 6일 19시,금요일,충청북도 청주시 흥덕구 복대동,경상사고,0,0,1,0,차대차 - 기타,안전운전불이행,건조,맑음,교차로 - 교차로부근,이륜,남,37세,경상,승용,여,57세,상해없음
2022050600100563,2022년 5월 6일 19시,금요일,충청북도 청주시 상당구 용암동,경상사고,0,0,1,0,차대차 - 추돌,안전운전불이행,건조,맑음,단일로 - 기타,승용,남,66세,상해없음,이륜,남,33세,경상
2022050600100590,2022년 5월 6일 20시,금요일,충청북도 제천시 하소동,경상사고,0,0,2,0,차대차 - 측면충돌,안전운전불이행,건조,맑음,교차로 - 교차로부근,화물,남,62세,상해없음,승용,남,38세,경상
2022050600100619,2022년 5월 6일 21시,금요일,충청북도 청주시 청원구 주성동,경상사고,0,0,1,0,차대사람 - 기타,안전운전불이행,건조,맑음,단일로 - 기타,승용,남,59세,상해없음,보행자,여,21세,경상
2022050600100647,2022년 5월 6일 22시,금요일,충청북도 청주시 청원구 내덕동,경상사고,0,0,4,0,차대차 - 기타,안전운전불이행,건조,맑음,교차로 - 교차로안,승용,남,34세,기타불명,승용,남,62세,경상
2022050600100662,2022년 5월 6일 23시,금요일,충청북도 충주시 연수동,중상사고,0,1,1,0,차대차 - 정면충돌,안전거리미확보,건조,맑음,단일로 - 기타,승용,남,52세,상해없음,승용,남,50세,경상
2022050700100005,2022년 5월 7일 00시,토요일,충청북도 음성군 대소면,중상사고,0,1,0,0,차대사람 - 차도통행중,신호위반,건조,맑음,교차로 - 교차로안,승용,남,61세,상해없음,보행자,여,47세,중상
2022050700100029,2022년 5월 7일 03시,토요일,충청북도 충주시 호암동,경상사고,0,0,4,0,차대차 - 측면충돌,안전운전불이행,건조,맑음,교차로 - 교차로부근,승용,여,31세,상해없음,승용,남,39세,경상
2022050700100061,2022년 5월 7일 07시,토요일,충청북도 청주시 상당구 석교동,중상사고,0,1,0,0,차대사람 - 기타,안전운전불이행,건조,맑음,단일로 - 기타,승합,남,59세,상해없음,보행자,여,85세,중상
2022050700100074,2022년 5월 7일 08시,토요일,충청북도 괴산군 칠성면,중상사고,0,1,0,0,차대사람 - 기타,안전운전불이행,건조,맑음,기타 - 기타,승합,남,65세,상해없음,보행자,여,84세,중상
2022050700100111,2022년 5월 7일 10시,토요일,충청북도 제천시 왕암동,경상사고,0,0,4,0,차대차 - 측면충돌,안전거리미확보,젖음/습기,비,교차로 - 교차로안,승용,여,59세,상해없음,승합,남,46세,경상
2022050700100112,2022년 5월 7일 10시,토요일,충청북도 진천군 백곡면,부상신고사고,0,0,0,1,차대차 - 기타,안전운전불이행,건조,맑음,단일로 - 지하차도(도로)내,승용,남,50세,기타불명,이륜,남,33세,부상신고
2022050700100140,2022년 5월 7일 11시,토요일,충청북도 제천시 청전동,경상사고,0,0,1,0,차대차 - 측면충돌,안전운전불이행,건조,맑음,교차로 - 교차로안,자전거,남,68세,경상,승용,여,64세,상해없음
2022050700100141,2022년 5월 7일 11시,토요일,충청북도 음성군 감곡면,경상사고,0,0,2,0,차대차 - 추돌,교차로운행방법위반,건조,맑음,교차로 - 교차로안,승용,남,75세,상해없음,승합,남,65세,경상
2022050700100174,2022년 5월 7일 12시,토요일,충청북도 음성군 대소면,경상사고,0,0,1,0,차대차 - 추돌,안전운전불이행,건조,맑음,교차로 - 교차로부근,승용,남,60세,상해없음,승용,여,51세,경상
2022050700100175,2022년 5월 7일 12시,토요일,충청북도 옥천군 옥천읍,경상사고,0,0,1,0,차대차 - 기타,안전운전불이행,건조,맑음,단일로 - 기타,화물,남,62세,상해없음,승용,남,46세,경상
2022050700100176,2022년 5월 7일 12시,토요일,충청북도 청주시 흥덕구 봉명동,경상사고,0,0,3,0,차대차 - 추돌,안전운전불이행,건조,맑음,단일로 - 기타,승용,남,36세,상해없음,승용,남,40세,경상
2022050700100225,2022년 5월 7일 13시,토요일,충청북도 증평군 증평읍,부상신고사고,0,0,0,1,차대차 - 기타,교차로운행방법위반,건조,맑음,교차로 - 교차로안,승용,남,78세,기타불명,자전거,남,12세,부상신고