사고번호,사고일시,요일,시군구,사고내용,사망자수,중상자수,경상자수,부상신고자수,사고유형,법규위반,노면상태,기상상태,도로형태,가해운전자 차종,가해운전자 성별,가해운전자 연령,가해운전자 상해정도,피해운전자 차종,피해운전자 성별,피해운전자 연령,피해운전자 상해정도
2022050700100226,2022년 5월 7일 13시,토요일,충청북도 음성군 원남면,경상사고,0,0,4,0,차대차 - 추돌,안전운전불이행,건조,맑음,교차로 - 교차로부근,화물,남,58세,기타불명,승용,남,54세,경상
2022050700100227,2022년 5월 7일 13시,토요일,충청북도 옥천군 옥천읍,경상사고,0,0,4,0,차대차 - 정면충돌,중앙선침범,건조,맑음,단일로 - 기타,승용,남,77세,상해없음,승용,남,45세,경상
2022050700100266,2022년 5월 7일 14시,토요일,충청북도 청주시 청원구 오창읍,중상사고,0,1,1,0,차대차 - 기타,직진우회전진행방해,건조,맑음,교차로 - 교차로안,승용,남,52세,경상,승용,남,27세,중상
2022050700100267,2022년 5월 7일 14시,토요일,충청북도 음성군 원남면,중상사고,0,1,2,0,차대차 - 추돌,안전운전불이행,건조,맑음,교차로 - 교차로부근,승용,남,29세,상해없음,승용,여,63세,중상
2022050700100268,2022년 5월 7일 14시,토요일,충청북도 청주시 흥덕구 오송읍,경상사고,0,0,1,0,차대차 - 추돌,안전운전불이행,건조,맑음,교차로 - 교차로부근,승용,남,61세,상해없음,승용,남,68세,경상
2022050700100342,2022년 5월 7일 16시,토요일,충청북도 진천군 문백면,경상사고,0,0,3,0,차대차 - 측면충돌,안전거리미확보,건조,맑음,단일로 - 지하차도(도로)내,승용,남,70세,기타불명,승용,남,53세,경상
2022050700100381,2022년 5월 7일 17시,토요일,충청북도 괴산군 문광면,경상사고,0,0,1,0,차대차 - 기타,기타,건조,맑음,단일로 - 기타,화물,남,62세,상해없음,승용,여,48세,경상
2022050700100415,2022년 5월 7일 18시,토요일,충청북도 청주시 청원구 우암동,경상사고,0,0,3,0,차대차 - 기타,기타,건조,맑음,단일로 - 기타,승용,남,54세,상해없음,승용,남,68세,경상
2022050700100416,2022년 5월 7일 18시,토요일,충청북도 단양군 단양읍,경상사고,0,0,2,0,차대차 - 기타,안전운전불이행,건조,맑음,기타 - 기타,승용,남,67세,상해없음,승용,여,31세,경상
2022050700100480,2022년 5월 7일 20시,토요일,충청북도 청주시 청원구 내덕동,경상사고,0,0,1,0,차대차 - 기타,안전운전불이행,건조,맑음,단일로 - 기타,승용,남,79세,상해없음,이륜,남,49세,경상
2022050800100035,2022년 5월 8일 03시,일요일,충청북도 청주시 서원구 사창동,경상사고,0,0,1,0,차대사람 - 기타,보행자보호의무위반,건조,맑음,교차로 - 교차로안,승용,남,74세,상해없음,보행자,남,20세,경상
2022050800100046,2022년 5월 8일 05시,일요일,충청북도 보은군 보은읍,중상사고,0,1,1,0,차대차 - 측면충돌,교차로운행방법위반,건조,맑음,교차로 - 교차로안,승용,남,55세,경상,승용,남,52세,중상
2022050800100077,2022년 5월 8일 09시,일요일,충청북도 청주시 상당구 용암동,경상사고,0,0,1,0,차대차 - 측면충돌,안전운전불이행,건조,맑음,교차로 - 교차로부근,승용,여,61세,상해없음,승용,여,48세,경상
2022050800100151,2022년 5월 8일 12시,일요일,충청북도 청주시 상당구 금천동,경상사고,0,0,1,0,차대사람 - 길가장자리구역통행중,안전운전불이행,건조,맑음,주차장 - 주차장,승용,남,36세,상해없음,보행자,남,61세,경상
2022050800100191,2022년 5월 8일 13시,일요일,충청북도 청주시 상당구 용담동,경상사고,0,0,1,0,차대차 - 측면충돌,차로위반,건조,맑음,교차로 - 교차로부근,승용,남,59세,상해없음,승용,남,48세,경상
2022050800100227,2022년 5월 8일 14시,일요일,충청북도 제천시 중앙로1가,경상사고,0,0,1,0,차대사람 - 기타,안전운전불이행,건조,맑음,기타 - 기타,승용,남,62세,상해없음,보행자,여,51세,경상
2022050800100256,2022년 5월 8일 15시,일요일,충청북도 제천시 중앙로1가,경상사고,0,0,2,0,차대차 - 측면충돌,신호위반,건조,흐림,교차로 - 교차로부근,승용,남,72세,상해없음,승용,여,49세,경상
2022050800100286,2022년 5월 8일 16시,일요일,충청북도 제천시 고암동,중상사고,0,2,0,0,차대차 - 기타,안전운전불이행,건조,맑음,교차로 - 교차로부근,화물,남,57세,상해없음,승용,여,59세,중상
2022050800100351,2022년 5월 8일 18시,일요일,충청북도 진천군 진천읍,중상사고,0,1,3,0,차대차 - 측면충돌,중앙선침범,건조,맑음,단일로 - 지하차도(도로)내,이륜,남,80세,중상,승용,남,51세,경상
2022050800100408,2022년 5월 8일 20시,일요일,충청북도 청주시 상당구 용암동,부상신고사고,0,0,0,1,차대차 - 기타,안전운전불이행,건조,맑음,단일로 - 기타,이륜,남,52세,부상신고,자전거,남,12세,상해없음
2022050800100409,2022년 5월 8일 20시,일요일,충청북도 청주시 서원구 현도면,경상사고,0,0,3,0,차대차 - 추돌,안전운전불이행,건조,흐림,단일로 - 기타,승용,남,48세,상해없음,승용,남,38세,경상
2022050800100448,2022년 5월 8일 21시,일요일,충청북도 청주시 청원구 오창읍,중상사고,0,1,0,0,차대차 - 정면충돌,안전운전불이행,젖음/습기,비,교차로 - 교차로부근,승용,여,30세,기타불명,승용,남,24세,중상
2022050900100069,2022년 5월 9일 07시,월요일,충청북도 음성군 맹동면,경상사고,0,0,3,0,차대차 - 측면충돌,안전운전불이행,건조,맑음,교차로 - 교차로안,승용,남,44세,상해없음,화물,남,58세,경상
2022050900100102,2022년 5월 9일 08시,월요일,충청북도 청주시 상당구 용담동,부상신고사고,0,0,0,1,차대차 - 측면충돌,직진우회전진행방해,건조,맑음,교차로 - 교차로안,승용,남,64세,상해없음,자전거,남,78세,부상신고
2022050900100172,2022년 5월 9일 10시,월요일,충청북도 충주시 충의동,경상사고,0,0,1,0,차대사람 - 기타,안전운전불이행,건조,맑음,기타 - 기타,승용,여,33세,상해없음,보행자,여,43세,경상
2022050900100173,2022년 5월 9일 10시,월요일,충청북도 청주시 흥덕구 옥산면,경상사고,0,0,1,0,차대차 - 측면충돌,중앙선침범,건조,맑음,단일로 - 기타,승용,여,71세,상해없음,특수,남,47세,경상
2022050900100174,2022년 5월 9일 10시,월요일,충청북도 청주시 상당구 용정동,경상사고,0,0,1,0,차대차 - 추돌,안전거리미확보,건조,맑음,교차로 - 교차로부근,승합,여,43세,상해없음,승합,기타불명,미분류,기타불명
2022050900100203,2022년 5월 9일 11시,월요일,충청북도 충주시 살미면,경상사고,0,0,3,0,차대차 - 측면충돌,안전거리미확보,건조,맑음,단일로 - 기타,농기계,남,76세,경상,승용,여,65세,경상
2022050900100204,2022년 5월 9일 11시,월요일,충청북도 충주시 목행동,경상사고,0,0,1,0,차대차 - 추돌,안전운전불이행,건조,맑음,단일로 - 기타,화물,남,57세,상해없음,승용,남,70세,경상
2022050900100205,2022년 5월 9일 11시,월요일,충청북도 청주시 흥덕구 복대동,경상사고,0,0,1,0,차대사람 - 보도통행중,기타,건조,맑음,단일로 - 기타,개인형이동수단(PM),여,16세,상해없음,보행자,여,62세,경상
2022050900100206,2022년 5월 9일 11시,월요일,충청북도 청주시 흥덕구 복대동,중상사고,0,1,0,0,차대차 - 정면충돌,안전운전불이행,건조,맑음,교차로 - 교차로부근,개인형이동수단(PM),남,14세,상해없음,자전거,여,70세,중상
2022050900100207,2022년 5월 9일 11시,월요일,충청북도 청주시 서원구 개신동,경상사고,0,0,1,0,차대차 - 측면충돌,안전운전불이행,건조,맑음,교차로 - 교차로안,이륜,여,67세,경상,승용,남,78세,상해없음
2022050900100269,2022년 5월 9일 13시,월요일,충청북도 청주시 청원구 내덕동,경상사고,0,0,2,0,차대차 - 측면충돌,신호위반,건조,맑음,교차로 - 교차로안,이륜,남,35세,상해없음,승용,남,48세,경상
2022050900100270,2022년 5월 9일 13시,월요일,충청북도 단양군 어상천면,중상사고,0,1,0,0,차량단독 - 전도전복 - 전도,안전운전불이행,건조,맑음,단일로 - 기타,승용,여,70세,중상,,,,
2022050900100403,2022년 5월 9일 16시,월요일,충청북도 충주시 중앙탑면,중상사고,0,1,1,0,차대차 - 측면충돌,신호위반,건조,맑음,교차로 - 교차로안,승용,남,55세,중상,승용,여,42세,경상
2022050900100404,2022년 5월 9일 16시,월요일,충청북도 충주시 교현동,경상사고,0,0,1,0,차대사람 - 횡단중,보행자보호의무위반,젖음/습기,맑음,교차로 - 교차로횡단보도내,승용,여,46세,상해없음,보행자,남,12세,경상
2022050900100405,2022년 5월 9일 16시,월요일,충청북도 제천시 하소동,경상사고,0,0,1,0,차대사람 - 횡단중,안전운전불이행,건조,맑음,단일로 - 기타,화물,남,67세,상해없음,보행자,여,19세,경상
2022050900100407,2022년 5월 9일 16시,월요일,충청북도 청주시 서원구 분평동,경상사고,0,0,1,0,차대사람 - 횡단중,안전운전불이행,건조,맑음,기타 - 기타,승용,여,44세,상해없음,보행자,남,13세,경상
2022050900100408,2022년 5월 9일 16시,월요일,충청북도 청주시 흥덕구 옥산면,경상사고,0,0,1,0,차대사람 - 기타,안전운전불이행,건조,맑음,주차장 - 주차장,승용,남,49세,상해없음,보행자,남,40세,경상
2022050900100444,2022년 5월 9일 17시,월요일,충청북도 청주시 청원구 주중동,경상사고,0,0,4,0,차대차 - 추돌,안전거리미확보,건조,맑음,기타 - 기타,승용,남,26세,경상,승용,남,39세,경상
2022050900100445,2022년 5월 9일 17시,월요일,충청북도 청주시 청원구 내덕동,경상사고,0,0,3,0,차대차 - 기타,안전운전불이행,건조,맑음,기타 - 기타,승용,여,37세,상해없음,승용,남,63세,경상
2022050900100446,2022년 5월 9일 17시,월요일,충청북도 청주시 상당구 남주동,중상사고,0,1,0,0,차대사람 - 길가장자리구역통행중,안전운전불이행,건조,맑음,단일로 - 기타,승용,남,75세,상해없음,보행자,여,71세,중상
2022050900100493,2022년 5월 9일 18시,월요일,충청북도 청주시 청원구 오창읍,경상사고,0,0,1,0,차대사람 - 횡단중,보행자보호의무위반,건조,맑음,교차로 - 교차로부근,승용,남,29세,상해없음,보행자,남,31세,경상
2022050900100494,2022년 5월 9일 18시,월요일,충청북도 옥천군 옥천읍,경상사고,0,0,1,0,차대사람 - 차도통행중,안전운전불이행,건조,맑음,교차로 - 교차로안,승용,여,42세,상해없음,보행자,여,85세,경상
2022050900100495,2022년 5월 9일 18시,월요일,충청북도 옥천군 옥천읍,경상사고,0,0,1,0,차대차 - 추돌,안전거리미확보,건조,맑음,단일로 - 기타,승용,남,28세,상해없음,승용,여,28세,경상
2022050900100496,2022년 5월 9일 18시,월요일,충청북도 청주시 흥덕구 강서동,경상사고,0,0,1,0,차대차 - 측면충돌,교차로운행방법위반,건조,맑음,교차로 - 교차로부근,승용,남,57세,상해없음,승용,여,52세,경상
2022050900100530,2022년 5월 9일 19시,월요일,충청북도 충주시 중앙탑면,중상사고,0,1,2,0,차대차 - 기타,교차로운행방법위반,건조,맑음,교차로 - 교차로부근,화물,남,47세,상해없음,승용,여,31세,경상
2022050900100560,2022년 5월 9일 20시,월요일,충청북도 청주시 흥덕구 송절동,경상사고,0,0,1,0,차대차 - 추돌,안전거리미확보,건조,맑음,단일로 - 기타,승용,여,26세,상해없음,승용,여,48세,경상
2022050900100580,2022년 5월 9일 21시,월요일,충청북도 청주시 상당구 용암동,경상사고,0,0,1,0,차대사람 - 횡단중,안전운전불이행,건조,맑음,단일로 - 기타,승용,여,56세,상해없음,보행자,남,33세,경상
2022050900100613,2022년 5월 9일 23시,월요일,충청북도 청주시 청원구 율량동,중상사고,0,1,0,0,차대사람 - 기타,안전운전불이행,건조,맑음,기타 - 기타,승합,여,26세,기타불명,보행자,여,50세,중상
2022050900100614,2022년 5월 9일 23시,월요일,충청북도 청주시 흥덕구 옥산면,중상사고,0,1,0,0,차대사람 - 차도통행중,안전운전불이행,건조,맑음,단일로 - 기타,승용,여,63세,상해없음,보행자,여,82세,중상
2022051000100006,2022년 5월 10일 00시,화요일,충청북도 진천군 진천읍,경상사고,0,0,1,0,차량단독 - 전도전복 - 전도,안전운전불이행,건조,맑음,단일로 - 지하차도(도로)내,이륜,남,20세,경상,,,,
2022051000100007,2022년 5월 10일 00시,화요일,충청북도 진천군 덕산읍,중상사고,0,1,4,0,차대차 - 측면충돌,신호위반,건조,맑음,교차로 - 교차로안,승용,여,30세,상해없음,승용,남,83세,경상
2022051000100020,2022년 5월 10일 01시,화요일,충청북도 영동군 용산면,사망사고,1,0,1,0,차대차 - 추돌,안전운전불이행,건조,맑음,단일로 - 기타,화물,남,59세,상해없음,승용,여,49세,사망
2022051000100063,2022년 5월 10일 07시,화요일,충청북도 청주시 청원구 내덕동,중상사고,0,1,0,0,차대차 - 기타,신호위반,건조,맑음,교차로 - 교차로안,승합,남,47세,상해없음,이륜,여,81세,중상
2022051000100064,2022년 5월 10일 07시,화요일,충청북도 청주시 흥덕구 송정동,경상사고,0,0,1,0,차대차 - 측면충돌,중앙선침범,건조,맑음,교차로 - 교차로안,이륜,남,38세,상해없음,승용,남,28세,경상
2022051000100102,2022년 5월 10일 08시,화요일,충청북도 청주시 청원구 내덕동,경상사고,0,0,1,0,차대차 - 기타,차로위반,건조,맑음,기타 - 기타,승용,남,37세,기타불명,화물,남,38세,상해없음
2022051000100103,2022년 5월 10일 08시,화요일,충청북도 제천시 신백동,경상사고,0,0,3,0,차대차 - 측면충돌,직진우회전진행방해,건조,맑음,교차로 - 교차로안,승용,여,47세,경상,화물,남,48세,경상
2022051000100104,2022년 5월 10일 08시,화요일,충청북도 청주시 서원구 모충동,경상사고,0,0,1,0,차대차 - 측면충돌,교차로운행방법위반,건조,맑음,교차로 - 교차로안,자전거,남,15세,경상,승용,남,59세,상해없음
2022051000100217,2022년 5월 10일 11시,화요일,충청북도 증평군 도안면,경상사고,0,0,1,0,차대차 - 정면충돌,안전운전불이행,건조,맑음,단일로 - 기타,승용,여,50세,상해없음,이륜,남,31세,경상
2022051000100256,2022년 5월 10일 12시,화요일,충청북도 증평군 증평읍,중상사고,0,1,0,0,차대차 - 정면충돌,중앙선침범,건조,맑음,교차로 - 교차로안,승용,여,47세,상해없음,이륜,남,72세,중상
2022051000100257,2022년 5월 10일 12시,화요일,충청북도 청주시 흥덕구 송절동,경상사고,0,0,1,0,차대차 - 추돌,기타,건조,맑음,기타 - 기타,화물,남,30세,경상,승용,남,25세,기타불명
2022051000100329,2022년 5월 10일 14시,화요일,충청북도 진천군 진천읍,중상사고,0,1,0,0,차대차 - 측면충돌,교차로운행방법위반,건조,맑음,교차로 - 교차로부근,화물,남,50세,상해없음,승용,여,56세,중상
2022051000100408,2022년 5월 10일 16시,화요일,충청북도 청주시 청원구 오창읍,경상사고,0,0,2,0,차대차 - 추돌,안전운전불이행,건조,맑음,단일로 - 기타,화물,남,40세,상해없음,승용,남,24세,경상
2022051000100409,2022년 5월 10일 16시,화요일,충청북도 제천시 청전동,경상사고,0,0,1,0,차대차 - 측면충돌,직진우회전진행방해,건조,맑음,교차로 - 교차로안,이륜,남,59세,경상,승용,남,32세,상해없음
2022051000100410,2022년 5월 10일 16시,화요일,충청북도 제천시 모산동,중상사고,0,1,2,0,차대차 - 측면충돌,안전운전불이행,건조,맑음,교차로 - 교차로부근,승용,여,59세,상해없음,승용,남,61세,중상
2022051000100454,2022년 5월 10일 17시,화요일,충청북도 청주시 청원구 오창읍,중상사고,0,1,0,0,차대차 - 기타,교차로운행방법위반,건조,맑음,교차로 - 교차로안,승용,남,33세,상해없음,자전거,남,78세,중상
2022051000100486,2022년 5월 10일 18시,화요일,충청북도 청주시 상당구 수동,경상사고,0,0,1,0,차대차 - 기타,신호위반,건조,맑음,교차로 - 교차로안,승용,남,62세,기타불명,승용,남,39세,경상
2022051000100487,2022년 5월 10일 18시,화요일,충청북도 청주시 청원구 율량동,경상사고,0,0,2,0,차대차 - 측면충돌,안전운전불이행,건조,맑음,기타 - 기타,승용,여,49세,상해없음,승용,남,19세,경상
2022051000100488,2022년 5월 10일 18시,화요일,충청북도 충주시 안림동,경상사고,0,0,3,0,차대차 - 정면충돌,신호위반,건조,맑음,교차로 - 교차로안,승용,여,68세,경상,승용,남,58세,경상
2022051000100489,2022년 5월 10일 18시,화요일,충청북도 영동군 영동읍,중상사고,0,1,0,0,차대차 - 측면충돌,안전운전불이행,건조,맑음,교차로 - 교차로안,승용,남,37세,상해없음,이륜,남,74세,중상
2022051000100490,2022년 5월 10일 18시,화요일,충청북도 단양군 적성면,중상사고,0,1,0,0,차량단독 - 전도전복 - 전복,안전운전불이행,건조,맑음,기타 - 기타,승용,남,60세,중상,,,,
2022051000100491,2022년 5월 10일 18시,화요일,충청북도 진천군 이월면,경상사고,0,0,1,0,차대차 - 측면충돌,안전운전불이행,건조,맑음,교차로 - 교차로안,화물,남,62세,상해없음,승용,여,21세,경상
2022051000100523,2022년 5월 10일 19시,화요일,충청북도 청주시 흥덕구 복대동,중상사고,0,1,0,0,차대사람 - 횡단중,보행자보호의무위반,건조,맑음,교차로 - 교차로안,승합,여,62세,상해없음,보행자,남,14세,중상
2022051000100554,2022년 5월 10일 20시,화요일,충청북도 청주시 서원구 사창동,중상사고,0,1,0,0,차대차 - 기타,중앙선침범,건조,맑음,기타 - 기타,승용,여,53세,상해없음,이륜,남,44세,중상
2022051000100596,2022년 5월 10일 22시,화요일,충청북도 제천시 화산동,경상사고,0,0,1,0,차대차 - 추돌,안전운전불이행,건조,흐림,교차로 - 교차로부근,승용,남,55세,상해없음,승용,여,28세,경상
2022051100100022,2022년 5월 11일 03시,수요일,충청북도 충주시 연수동,부상신고사고,0,0,0,1,차대차 - 측면충돌,신호위반,건조,맑음,교차로 - 교차로안,화물,남,57세,부상신고,승용,남,25세,상해없음
2022051100100061,2022년 5월 11일 07시,수요일,충청북도 충주시 대소원면,경상사고,0,0,1,0,차대차 - 측면충돌,신호위반,건조,맑음,교차로 - 교차로안,화물,남,70세,상해없음,건설기계,남,61세,경상
2022051100100089,2022년 5월 11일 08시,수요일,충청북도 제천시 장락동,중상사고,0,1,1,0,차대차 - 측면충돌,기타,건조,맑음,교차로 - 교차로안,승용,여,25세,경상,승용,여,48세,중상
2022051100100090,2022년 5월 11일 08시,수요일,충청북도 청주시 흥덕구 강서동,경상사고,0,0,1,0,차대차 - 측면충돌,안전운전불이행,건조,맑음,기타 - 기타,승용,여,47세,상해없음,화물,남,52세,경상
2022051100100091,2022년 5월 11일 08시,수요일,충청북도 청주시 흥덕구 신전동,중상사고,0,1,0,0,차대차 - 기타,신호위반,건조,맑음,교차로 - 교차로안,승용,여,25세,상해없음,승용,여,50세,중상
2022051100100244,2022년 5월 11일 13시,수요일,충청북도 청주시 청원구 오창읍,경상사고,0,0,1,0,차대차 - 추돌,안전운전불이행,건조,맑음,단일로 - 기타,화물,여,67세,상해없음,승용,남,21세,경상
2022051100100245,2022년 5월 11일 13시,수요일,충청북도 충주시 봉방동,중상사고,0,1,0,0,차대차 - 기타,신호위반,건조,맑음,교차로 - 교차로부근,화물,남,45세,상해없음,이륜,남,21세,중상
2022051100100246,2022년 5월 11일 13시,수요일,충청북도 청주시 서원구 남이면,사망사고,1,0,1,0,차대차 - 추돌,안전운전불이행,건조,맑음,교차로 - 교차로부근,화물,남,63세,사망,화물,남,32세,상해없음
2022051100100247,2022년 5월 11일 13시,수요일,충청북도 청주시 흥덕구 강내면,경상사고,0,0,1,0,차대사람 - 차도통행중,안전운전불이행,건조,맑음,단일로 - 기타,화물,남,67세,상해없음,보행자,남,62세,경상
2022051100100272,2022년 5월 11일 14시,수요일,충청북도 진천군 덕산읍,경상사고,0,0,2,0,차대차 - 측면충돌,교차로운행방법위반,건조,맑음,교차로 - 교차로안,승합,남,47세,상해없음,승용,남,45세,경상
2022051100100307,2022년 5월 11일 15시,수요일,충청북도 청주시 청원구 오창읍,경상사고,0,0,1,0,차대차 - 기타,교차로운행방법위반,건조,맑음,단일로 - 기타,승용,남,37세,상해없음,이륜,남,31세,경상
2022051100100308,2022년 5월 11일 15시,수요일,충청북도 충주시 용산동,중상사고,0,1,0,0,차대차 - 정면충돌,신호위반,건조,맑음,단일로 - 기타,자전거,남,12세,상해없음,자전거,남,14세,중상
2022051100100309,2022년 5월 11일 15시,수요일,충청북도 제천시 신월동,중상사고,0,1,0,0,차대차 - 정면충돌,신호위반,건조,맑음,교차로 - 교차로안,건설기계,남,65세,상해없음,승용,남,45세,중상
2022051100100310,2022년 5월 11일 15시,수요일,충청북도 청주시 서원구 남이면,경상사고,0,0,1,0,차대차 - 측면충돌,신호위반,건조,맑음,교차로 - 교차로안,승용,남,77세,상해없음,승용,여,44세,경상
2022051100100338,2022년 5월 11일 16시,수요일,충청북도 청주시 청원구 우암동,경상사고,0,0,1,0,차대사람 - 길가장자리구역통행중,신호위반,건조,맑음,교차로 - 교차로횡단보도내,이륜,남,23세,상해없음,보행자,여,77세,경상
2022051100100339,2022년 5월 11일 16시,수요일,충청북도 제천시 중앙로1가,중상사고,0,1,0,0,차대사람 - 기타,기타,건조,맑음,기타 - 기타,승합,남,53세,상해없음,보행자,여,81세,중상
2022051100100340,2022년 5월 11일 16시,수요일,충청북도 청주시 흥덕구 오송읍,중상사고,0,1,1,0,차대차 - 추돌,안전운전불이행,건조,맑음,단일로 - 기타,화물,남,46세,상해없음,화물,남,52세,중상
2022051100100341,2022년 5월 11일 16시,수요일,충청북도 청주시 흥덕구 복대동,경상사고,0,0,1,0,차대차 - 추돌,안전운전불이행,건조,맑음,교차로 - 교차로부근,승용,여,41세,상해없음,이륜,남,41세,경상
2022051100100342,2022년 5월 11일 16시,수요일,충청북도 청주시 서원구 모충동,중상사고,0,1,0,0,차대사람 - 보도통행중,안전운전불이행,건조,맑음,단일로 - 지하차도(도로)내,개인형이동수단(PM),여,16세,상해없음,보행자,남,61세,중상
2022051100100439,2022년 5월 11일 18시,수요일,충청북도 청주시 청원구 오창읍,경상사고,0,0,1,0,차대차 - 추돌,안전운전불이행,건조,맑음,단일로 - 기타,승용,남,65세,상해없음,승용,남,34세,경상
2022051100100440,2022년 5월 11일 18시,수요일,충청북도 진천군 진천읍,경상사고,0,0,1,0,차대차 - 측면충돌,신호위반,건조,맑음,교차로 - 교차로안,승용,여,61세,상해없음,승용,여,60세,경상
2022051100100509,2022년 5월 11일 20시,수요일,충청북도 청주시 청원구 오창읍,경상사고,0,0,2,0,차대차 - 측면충돌,안전거리미확보,건조,맑음,단일로 - 기타,승용,남,45세,상해없음,승용,남,30세,경상
2022051100100510,2022년 5월 11일 20시,수요일,충청북도 영동군 영동읍,경상사고,0,0,1,0,차대차 - 측면충돌,직진우회전진행방해,건조,맑음,교차로 - 교차로안,승용,여,55세,상해없음,승용,여,51세,경상
2022051100100558,2022년 5월 11일 22시,수요일,충청북도 청주시 서원구 사창동,중상사고,0,3,0,0,차대차 - 기타,교차로운행방법위반,건조,맑음,교차로 - 교차로안,승용,남,42세,중상,승용,남,60세,중상
2022051100100559,2022년 5월 11일 22시,수요일,충청북도 충주시 호암동,경상사고,0,0,1,0,차대차 - 추돌,안전운전불이행,건조,흐림,단일로 - 기타,승용,여,46세,상해없음,자전거,남,68세,경상
2022051200100045,2022년 5월 12일 05시,목요일,충청북도 청주시 흥덕구 가경동,경상사고,0,0,1,0,차대차 - 측면충돌,안전운전불이행,건조,맑음,단일로 - 기타,승용,남,57세,상해없음,승용,남,69세,경상
2022051200100059,2022년 5월 12일 06시,목요일,충청북도 청주시 청원구 오창읍,경상사고,0,0,2,0,차대차 - 추돌,안전운전불이행,건조,맑음,교차로 - 교차로부근,승용,남,65세,상해없음,승용,남,32세,경상
2022051200100075,2022년 5월 12일 07시,목요일,충청북도 진천군 문백면,경상사고,0,0,1,0,차대차 - 기타,안전거리미확보,건조,맑음,단일로 - 지하차도(도로)내,승용,여,36세,상해없음,승용,여,30세,경상
2022051200100108,2022년 5월 12일 08시,목요일,충청북도 청주시 청원구 율량동,경상사고,0,0,1,0,차대차 - 기타,안전거리미확보,건조,맑음,기타 - 기타,승용,남,67세,기타불명,승용,여,69세,경상
2022051200100145,2022년 5월 12일 09시,목요일,충청북도 청주시 흥덕구 복대동,중상사고,0,1,0,0,차대사람 - 보도통행중,보행자보호의무위반,건조,맑음,교차로 - 교차로횡단보도내,승용,남,32세,상해없음,보행자,여,55세,중상
2022051200100405,2022년 5월 12일 17시,목요일,충청북도 청주시 청원구 오창읍,중상사고,0,1,0,0,차대차 - 측면충돌,신호위반,건조,맑음,교차로 - 교차로안,승용,여,32세,상해없음,이륜,남,48세,중상
2022051200100406,2022년 5월 12일 17시,목요일,충청북도 청주시 서원구 개신동,경상사고,0,0,2,0,차대차 - 측면충돌,안전거리미확보,건조,맑음,단일로 - 기타,승용,남,63세,상해없음,승용,남,36세,경상
2022051200100407,2022년 5월 12일 17시,목요일,충청북도 충주시 교현동,중상사고,0,1,0,0,차대차 - 측면충돌,교차로운행방법위반,건조,맑음,교차로 - 교차로안,승용,여,57세,상해없음,이륜,남,33세,중상
2022051200100408,2022년 5월 12일 17시,목요일,충청북도 음성군 감곡면,경상사고,0,0,2,0,차대차 - 정면충돌,안전운전불이행,건조,맑음,단일로 - 기타,자전거,남,59세,경상,승용,남,31세,경상
2022051200100409,2022년 5월 12일 17시,목요일,충청북도 음성군 삼성면,중상사고,0,1,0,0,차대차 - 측면충돌,안전운전불이행,건조,맑음,단일로 - 기타,화물,남,52세,상해없음,승용,남,74세,중상
2022051200100410,2022년 5월 12일 17시,목요일,충청북도 청주시 흥덕구 가경동,경상사고,0,0,1,0,차대차 - 추돌,안전운전불이행,건조,맑음,단일로 - 기타,승용,남,67세,상해없음,승용,여,57세,경상
2022051200100411,2022년 5월 12일 17시,목요일,충청북도 청주시 서원구 남이면,경상사고,0,0,2,0,차대차 - 추돌,안전운전불이행,건조,맑음,기타 - 기타,승용,여,46세,상해없음,승용,남,26세,경상
2022051200100461,2022년 5월 12일 18시,목요일,충청북도 충주시 문화동,경상사고,0,0,2,0,차대차 - 추돌,안전운전불이행,건조,맑음,단일로 - 기타,승용,여,69세,상해없음,승용,여,54세,경상
2022051200100462,2022년 5월 12일 18시,목요일,충청북도 괴산군 괴산읍,경상사고,0,0,5,0,차대차 - 측면충돌,신호위반,건조,맑음,교차로 - 교차로안,승용,남,31세,상해없음,승용,남,46세,경상
2022051200100463,2022년 5월 12일 18시,목요일,충청북도 청주시 상당구 낭성면,사망사고,1,0,0,0,차량단독 - 공작물충돌,안전운전불이행,건조,맑음,단일로 - 기타,승용,남,32세,사망,,,,
2022051200100503,2022년 5월 12일 19시,목요일,충청북도 청주시 상당구 북문로3가,경상사고,0,0,1,0,차대차 - 정면충돌,안전운전불이행,건조,맑음,교차로 - 교차로안,승용,남,28세,상해없음,승용,여,66세,경상
2022051200100504,2022년 5월 12일 19시,목요일,충청북도 충주시 동량면,중상사고,0,1,0,0,차량단독 - 공작물충돌,안전운전불이행,건조,맑음,단일로 - 기타,승용,남,61세,상해없음,,,,
2022051200100505,2022년 5월 12일 19시,목요일,충청북도 충주시 봉방동,경상사고,0,0,1,0,차대사람 - 횡단중,보행자보호의무위반,건조,맑음,단일로 - 지하차도(도로)내,승용,여,50세,상해없음,보행자,남,48세,경상
2022051200100560,2022년 5월 12일 21시,목요일,충청북도 제천시 왕암동,경상사고,0,0,2,0,차대차 - 기타,신호위반,건조,흐림,교차로 - 교차로안,승용,여,49세,상해없음,승용,남,63세,경상