사고번호,사고일시,요일,시군구,사고내용,사망자수,중상자수,경상자수,부상신고자수,사고유형,법규위반,노면상태,기상상태,도로형태,가해운전자 차종,가해운전자 성별,가해운전자 연령,가해운전자 상해정도,피해운전자 차종,피해운전자 성별,피해운전자 연령,피해운전자 상해정도
2022052300100350,2022년 5월 23일 15시,월요일,충청북도 청주시 흥덕구 비하동,경상사고,0,0,2,0,차대차 - 측면충돌,안전운전불이행,건조,맑음,교차로 - 교차로부근,화물,남,57세,기타불명,승용,여,36세,경상
2022052300100400,2022년 5월 23일 16시,월요일,충청북도 충주시 목행동,중상사고,0,2,0,0,차대차 - 추돌,안전운전불이행,건조,맑음,단일로 - 기타,승용,여,29세,상해없음,승용,여,41세,중상
2022052300100401,2022년 5월 23일 16시,월요일,충청북도 음성군 금왕읍,경상사고,0,0,4,0,차대차 - 측면충돌,안전거리미확보,건조,맑음,교차로 - 교차로부근,승용,남,62세,상해없음,승용,남,60세,경상
2022052300100493,2022년 5월 23일 18시,월요일,충청북도 청주시 청원구 사천동,경상사고,0,0,2,0,차대차 - 기타,안전운전불이행,건조,맑음,단일로 - 기타,승용,여,24세,경상,승용,여,44세,경상
2022052300100494,2022년 5월 23일 18시,월요일,충청북도 음성군 음성읍,경상사고,0,0,1,0,차대사람 - 횡단중,안전운전불이행,건조,맑음,교차로 - 교차로부근,승용,남,48세,상해없음,보행자,남,5세,경상
2022052300100495,2022년 5월 23일 18시,월요일,충청북도 청주시 상당구 남일면,경상사고,0,0,1,0,차대차 - 기타,안전운전불이행,건조,맑음,교차로 - 교차로안,승용,여,64세,상해없음,승용,여,31세,경상
2022052300100525,2022년 5월 23일 19시,월요일,충청북도 청주시 청원구 내덕동,경상사고,0,0,1,0,차대차 - 측면충돌,안전운전불이행,건조,맑음,교차로 - 교차로부근,승용,남,51세,상해없음,승용,여,43세,경상
2022052300100526,2022년 5월 23일 19시,월요일,충청북도 청주시 청원구 오창읍,중상사고,0,1,0,0,차대차 - 측면충돌,안전거리미확보,건조,맑음,단일로 - 기타,승용,남,54세,상해없음,이륜,남,31세,중상
2022052300100527,2022년 5월 23일 19시,월요일,충청북도 청주시 흥덕구 오송읍,경상사고,0,0,1,0,차대차 - 기타,안전운전불이행,건조,맑음,교차로 - 교차로부근,이륜,남,40세,상해없음,승용,남,59세,경상
2022052300100548,2022년 5월 23일 20시,월요일,충청북도 음성군 대소면,중상사고,0,1,0,0,차대차 - 추돌,안전거리미확보,건조,맑음,단일로 - 기타,승용,남,26세,상해없음,사륜오토바이(ATV),남,68세,중상
2022052300100549,2022년 5월 23일 20시,월요일,충청북도 청주시 흥덕구 가경동,경상사고,0,0,1,0,차대사람 - 횡단중,보행자보호의무위반,건조,맑음,교차로 - 교차로안,개인형이동수단(PM),여,13세,상해없음,보행자,남,1세,경상
2022052300100604,2022년 5월 23일 22시,월요일,충청북도 청주시 상당구 용암동,중상사고,0,1,0,0,차대사람 - 차도통행중,안전운전불이행,건조,맑음,단일로 - 기타,이륜,남,18세,상해없음,보행자,여,40세,중상
2022052300100619,2022년 5월 23일 23시,월요일,충청북도 청주시 상당구 용정동,경상사고,0,0,2,0,차대차 - 측면충돌,안전운전불이행,건조,맑음,교차로 - 교차로안,승용,남,25세,상해없음,승용,남,37세,경상
2022052400100052,2022년 5월 24일 07시,화요일,충청북도 청주시 서원구 모충동,중상사고,0,1,0,0,차대사람 - 차도통행중,안전운전불이행,건조,맑음,단일로 - 기타,자전거,여,80세,중상,보행자,남,21세,상해없음
2022052400100087,2022년 5월 24일 08시,화요일,충청북도 청주시 청원구 사천동,경상사고,0,0,1,0,차대사람 - 기타,기타,건조,맑음,단일로 - 기타,승합,남,60세,상해없음,보행자,여,51세,경상
2022052400100088,2022년 5월 24일 08시,화요일,충청북도 영동군 매곡면,중상사고,0,1,0,0,차대사람 - 기타,안전운전불이행,건조,맑음,단일로 - 기타,화물,남,63세,상해없음,보행자,여,59세,중상
2022052400100089,2022년 5월 24일 08시,화요일,충청북도 청주시 흥덕구 지동동,경상사고,0,0,2,0,차대차 - 추돌,안전거리미확보,건조,맑음,단일로 - 기타,승용,남,40세,상해없음,승용,남,41세,경상
2022052400100138,2022년 5월 24일 09시,화요일,충청북도 청주시 청원구 오창읍,경상사고,0,0,1,0,차대차 - 후진중충돌,안전운전불이행,건조,맑음,단일로 - 기타,화물,남,65세,상해없음,승용,여,41세,경상
2022052400100139,2022년 5월 24일 09시,화요일,충청북도 청주시 흥덕구 오송읍,경상사고,0,0,3,0,차대차 - 측면충돌,신호위반,건조,맑음,교차로 - 교차로안,승용,남,32세,상해없음,승용,남,55세,경상
2022052400100216,2022년 5월 24일 11시,화요일,충청북도 보은군 보은읍,경상사고,0,0,1,0,차대사람 - 보도통행중,안전운전불이행,건조,맑음,단일로 - 기타,화물,남,55세,기타불명,보행자,여,53세,경상
2022052400100217,2022년 5월 24일 11시,화요일,충청북도 단양군 단양읍,중상사고,0,1,0,1,차대차 - 측면충돌,직진우회전진행방해,건조,맑음,교차로 - 교차로안,승용,여,68세,상해없음,승용,여,41세,중상
2022052400100248,2022년 5월 24일 12시,화요일,충청북도 단양군 매포읍,경상사고,0,0,1,0,차대차 - 측면충돌,안전운전불이행,건조,맑음,기타 - 기타,승용,여,43세,상해없음,이륜,남,62세,경상
2022052400100249,2022년 5월 24일 12시,화요일,충청북도 청주시 흥덕구 운천동,경상사고,0,0,1,0,차대차 - 측면충돌,교차로운행방법위반,건조,맑음,교차로 - 교차로안,승용,남,83세,상해없음,승용,남,44세,경상
2022052400100273,2022년 5월 24일 13시,화요일,충청북도 청주시 상당구 북문로3가,경상사고,0,0,1,0,차대사람 - 기타,안전운전불이행,건조,맑음,교차로 - 교차로부근,기타불명,기타불명,미분류,기타불명,보행자,여,17세,경상
2022052400100306,2022년 5월 24일 14시,화요일,충청북도 충주시 앙성면,중상사고,0,1,0,0,차량단독 - 기타,안전운전불이행,건조,맑음,단일로 - 기타,사륜오토바이(ATV),남,81세,중상,,,,
2022052400100307,2022년 5월 24일 14시,화요일,충청북도 진천군 진천읍,경상사고,0,0,1,0,차대차 - 측면충돌,교차로운행방법위반,건조,맑음,교차로 - 교차로부근,화물,남,46세,상해없음,승용,여,61세,경상
2022052400100308,2022년 5월 24일 14시,화요일,충청북도 청주시 흥덕구 지동동,경상사고,0,0,2,0,차대차 - 추돌,안전거리미확보,건조,맑음,교차로 - 교차로안,건설기계,남,26세,상해없음,화물,남,40세,경상
2022052400100350,2022년 5월 24일 15시,화요일,충청북도 청주시 서원구 수곡동,경상사고,0,0,2,0,차대차 - 정면충돌,교차로운행방법위반,건조,맑음,교차로 - 교차로안,승용,남,40세,경상,이륜,남,54세,경상
2022052400100351,2022년 5월 24일 15시,화요일,충청북도 음성군 대소면,경상사고,0,0,1,0,차대차 - 측면충돌,안전운전불이행,건조,맑음,단일로 - 기타,화물,남,44세,상해없음,승용,남,36세,경상
2022052400100433,2022년 5월 24일 17시,화요일,충청북도 제천시 강제동,경상사고,0,0,4,0,차대차 - 측면충돌,신호위반,건조,맑음,교차로 - 교차로안,승용,남,67세,상해없음,승용,여,58세,경상
2022052400100476,2022년 5월 24일 18시,화요일,충청북도 진천군 이월면,경상사고,0,0,1,0,차대차 - 측면충돌,안전운전불이행,건조,맑음,교차로 - 교차로안,승용,남,49세,상해없음,승용,여,55세,경상
2022052400100477,2022년 5월 24일 18시,화요일,충청북도 청주시 흥덕구 복대동,경상사고,0,0,1,0,차대차 - 추돌,안전거리미확보,건조,맑음,교차로 - 교차로부근,승용,남,66세,상해없음,승용,여,52세,경상
2022052400100478,2022년 5월 24일 18시,화요일,충청북도 청주시 서원구 수곡동,경상사고,0,0,1,0,차대차 - 측면충돌,교차로운행방법위반,건조,맑음,교차로 - 교차로안,승용,남,24세,상해없음,이륜,남,29세,경상
2022052400100511,2022년 5월 24일 19시,화요일,충청북도 증평군 증평읍,경상사고,0,0,1,0,차대차 - 추돌,안전거리미확보,건조,맑음,교차로 - 교차로부근,승용,남,60세,상해없음,승용,여,21세,경상
2022052400100512,2022년 5월 24일 19시,화요일,충청북도 진천군 덕산읍,경상사고,0,0,1,0,차대차 - 측면충돌,안전운전불이행,건조,맑음,교차로 - 교차로안,승용,여,33세,상해없음,이륜,남,42세,경상
2022052400100538,2022년 5월 24일 20시,화요일,충청북도 충주시 성내동,중상사고,0,1,0,0,차량단독 - 기타,안전운전불이행,건조,맑음,교차로 - 교차로부근,자전거,남,13세,중상,,,,
2022052500100036,2022년 5월 25일 05시,수요일,충청북도 청주시 상당구 용암동,중상사고,0,1,0,0,차대차 - 정면충돌,신호위반,건조,맑음,교차로 - 교차로부근,승용,여,55세,상해없음,이륜,남,25세,중상
2022052500100045,2022년 5월 25일 06시,수요일,충청북도 청주시 서원구 사창동,경상사고,0,0,1,0,차대차 - 측면충돌,교차로운행방법위반,건조,맑음,교차로 - 교차로부근,승용,여,53세,상해없음,승용,남,55세,경상
2022052500100060,2022년 5월 25일 07시,수요일,충청북도 청주시 청원구 북이면,경상사고,0,0,1,0,차대차 - 측면충돌,안전운전불이행,건조,맑음,기타 - 기타,승용,남,59세,상해없음,화물,남,31세,경상
2022052500100097,2022년 5월 25일 08시,수요일,충청북도 제천시 동현동,경상사고,0,0,1,0,차대차 - 추돌,안전거리미확보,건조,맑음,교차로 - 교차로부근,승용,남,31세,상해없음,화물,남,65세,경상
2022052500100098,2022년 5월 25일 08시,수요일,충청북도 음성군 금왕읍,경상사고,0,0,1,0,차대차 - 측면충돌,신호위반,건조,맑음,교차로 - 교차로안,승용,여,35세,상해없음,승용,여,44세,경상
2022052500100099,2022년 5월 25일 08시,수요일,충청북도 단양군 적성면,경상사고,0,0,1,0,차량단독 - 공작물충돌,안전운전불이행,건조,맑음,단일로 - 기타,화물,여,56세,경상,,,,
2022052500100145,2022년 5월 25일 09시,수요일,충청북도 충주시 칠금동,경상사고,0,0,1,0,차대차 - 측면충돌,안전운전불이행,건조,맑음,교차로 - 교차로부근,화물,남,82세,상해없음,자전거,여,56세,경상
2022052500100146,2022년 5월 25일 09시,수요일,충청북도 제천시 청전동,경상사고,0,0,1,0,차대차 - 기타,안전운전불이행,건조,맑음,교차로 - 교차로안,화물,여,32세,상해없음,자전거,남,60세,경상
2022052500100147,2022년 5월 25일 09시,수요일,충청북도 음성군 금왕읍,경상사고,0,0,1,0,차대차 - 추돌,안전거리미확보,건조,맑음,교차로 - 교차로안,건설기계,남,53세,상해없음,승용,여,60세,경상
2022052500100148,2022년 5월 25일 09시,수요일,충청북도 진천군 이월면,경상사고,0,0,1,0,차대차 - 추돌,안전운전불이행,건조,맑음,단일로 - 지하차도(도로)내,승용,남,25세,상해없음,승용,여,44세,경상
2022052500100149,2022년 5월 25일 09시,수요일,충청북도 청주시 흥덕구 비하동,경상사고,0,0,1,0,차대차 - 측면충돌,신호위반,건조,맑음,교차로 - 교차로안,승용,남,67세,상해없음,승용,남,31세,경상
2022052500100177,2022년 5월 25일 10시,수요일,충청북도 충주시 교현동,경상사고,0,0,1,0,차대차 - 기타,안전운전불이행,건조,맑음,교차로 - 교차로부근,기타불명,기타불명,미분류,기타불명,승용,남,48세,경상
2022052500100178,2022년 5월 25일 10시,수요일,충청북도 청주시 흥덕구 복대동,경상사고,0,0,1,0,차대차 - 측면충돌,안전운전불이행,건조,맑음,단일로 - 기타,승용,남,57세,상해없음,승합,남,40세,상해없음
2022052500100202,2022년 5월 25일 11시,수요일,충청북도 청주시 청원구 오창읍,경상사고,0,0,1,0,차대차 - 기타,직진우회전진행방해,건조,맑음,교차로 - 교차로안,화물,남,32세,기타불명,승용,여,35세,경상
2022052500100203,2022년 5월 25일 11시,수요일,충청북도 충주시 교현동,중상사고,0,1,0,0,차대차 - 정면충돌,중앙선침범,건조,맑음,단일로 - 기타,이륜,여,72세,중상,승용,여,72세,상해없음
2022052500100204,2022년 5월 25일 11시,수요일,충청북도 청주시 상당구 석교동,경상사고,0,0,2,0,차대차 - 기타,신호위반,건조,맑음,교차로 - 교차로안,승용,여,53세,상해없음,승용,남,44세,경상
2022052500100242,2022년 5월 25일 12시,수요일,충청북도 충주시 중앙탑면,경상사고,0,0,2,0,차대차 - 측면충돌,직진우회전진행방해,건조,맑음,교차로 - 교차로안,승용,남,43세,경상,승용,여,69세,경상
2022052500100279,2022년 5월 25일 13시,수요일,충청북도 제천시 중앙로2가,중상사고,0,1,0,0,차대사람 - 횡단중,보행자보호의무위반,건조,맑음,단일로 - 기타,승용,남,76세,상해없음,보행자,여,71세,중상
2022052500100280,2022년 5월 25일 13시,수요일,충청북도 청주시 서원구 모충동,경상사고,0,0,3,0,차대차 - 측면충돌,안전운전불이행,건조,맑음,교차로 - 교차로안,승용,남,76세,경상,승용,남,29세,경상
2022052500100318,2022년 5월 25일 14시,수요일,충청북도 청주시 청원구 내덕동,중상사고,0,1,0,0,차대차 - 기타,안전운전불이행,건조,맑음,교차로 - 교차로안,자전거,남,78세,중상,화물,남,66세,상해없음
2022052500100319,2022년 5월 25일 14시,수요일,충청북도 음성군 감곡면,경상사고,0,0,1,0,차대차 - 측면충돌,교차로운행방법위반,건조,맑음,교차로 - 교차로안,승용,여,72세,상해없음,승용,남,34세,경상
2022052500100320,2022년 5월 25일 14시,수요일,충청북도 단양군 매포읍,경상사고,0,0,1,0,차량단독 - 전도전복 - 전도,안전운전불이행,건조,맑음,단일로 - 기타,건설기계,남,51세,경상,,,,
2022052500100321,2022년 5월 25일 14시,수요일,충청북도 청주시 상당구 용암동,경상사고,0,0,2,0,차대차 - 측면충돌,신호위반,건조,맑음,교차로 - 교차로안,자전거,남,37세,경상,승용,남,38세,경상
2022052500100362,2022년 5월 25일 15시,수요일,충청북도 청주시 청원구 내덕동,중상사고,0,1,0,0,차대차 - 측면충돌,안전운전불이행,건조,맑음,교차로 - 교차로안,승용,남,73세,상해없음,승용,여,39세,중상
2022052500100363,2022년 5월 25일 15시,수요일,충청북도 청주시 상당구 낭성면,경상사고,0,0,1,0,차대차 - 기타,중앙선침범,건조,맑음,단일로 - 기타,승용,남,60세,상해없음,승용,남,57세,경상
2022052500100404,2022년 5월 25일 16시,수요일,충청북도 청주시 청원구 오창읍,경상사고,0,0,1,0,차대차 - 기타,안전운전불이행,건조,맑음,단일로 - 기타,화물,남,47세,상해없음,승용,남,61세,경상
2022052500100447,2022년 5월 25일 17시,수요일,충청북도 청주시 청원구 내덕동,중상사고,0,1,0,0,차대차 - 측면충돌,안전운전불이행,건조,맑음,교차로 - 교차로횡단보도내,승용,여,57세,상해없음,자전거,남,13세,중상
2022052500100448,2022년 5월 25일 17시,수요일,충청북도 충주시 봉방동,중상사고,0,1,0,0,차대사람 - 기타,불법유턴,건조,맑음,교차로 - 교차로안,승용,남,74세,상해없음,보행자,남,86세,중상
2022052500100449,2022년 5월 25일 17시,수요일,충청북도 청주시 서원구 성화동,중상사고,0,1,0,0,차대사람 - 횡단중,안전운전불이행,건조,맑음,교차로 - 교차로부근,승용,여,52세,상해없음,보행자,남,16세,중상
2022052500100489,2022년 5월 25일 18시,수요일,충청북도 청주시 흥덕구 봉명동,경상사고,0,0,1,0,차대차 - 측면충돌,안전운전불이행,건조,맑음,단일로 - 기타,승용,남,76세,상해없음,승합,여,38세,경상
2022052500100490,2022년 5월 25일 18시,수요일,충청북도 청주시 상당구 용암동,경상사고,0,0,1,0,차대차 - 측면충돌,안전운전불이행,건조,맑음,단일로 - 지하차도(도로)내,승용,남,65세,상해없음,승용,남,55세,경상
2022052500100540,2022년 5월 25일 19시,수요일,충청북도 충주시 안림동,경상사고,0,0,4,0,차대차 - 추돌,안전거리미확보,건조,맑음,단일로 - 기타,승용,남,27세,상해없음,승용,남,35세,경상
2022052500100574,2022년 5월 25일 20시,수요일,충청북도 충주시 용산동,경상사고,0,0,1,0,차대사람 - 보도통행중,안전운전불이행,건조,맑음,기타 - 기타,이륜,남,40세,상해없음,보행자,남,5세,경상
2022052500100575,2022년 5월 25일 20시,수요일,충청북도 제천시 의림동,중상사고,0,1,1,0,차대차 - 기타,직진우회전진행방해,건조,맑음,교차로 - 교차로안,이륜,남,52세,중상,이륜,남,68세,경상
2022052500100576,2022년 5월 25일 20시,수요일,충청북도 청주시 흥덕구 봉명동,경상사고,0,0,1,0,차대차 - 측면충돌,안전운전불이행,건조,맑음,교차로 - 교차로안,승합,남,63세,상해없음,이륜,남,43세,경상
2022052500100577,2022년 5월 25일 20시,수요일,충청북도 청주시 상당구 용암동,경상사고,0,0,1,0,차대차 - 측면충돌,안전운전불이행,건조,맑음,교차로 - 교차로안,승용,여,42세,상해없음,승합,남,41세,경상
2022052500100643,2022년 5월 25일 22시,수요일,충청북도 충주시 금가면,경상사고,0,0,2,0,차대차 - 추돌,안전운전불이행,건조,맑음,교차로 - 교차로부근,승용,남,33세,상해없음,화물,남,52세,경상
2022052600100024,2022년 5월 26일 01시,목요일,충청북도 충주시 문화동,경상사고,0,0,1,0,차대사람 - 횡단중,신호위반,젖음/습기,비,단일로 - 기타,승용,남,58세,상해없음,보행자,남,60세,경상
2022052600100056,2022년 5월 26일 05시,목요일,충청북도 음성군 대소면,경상사고,0,0,1,0,차대차 - 측면충돌,신호위반,건조,맑음,교차로 - 교차로안,승용,남,61세,상해없음,화물,남,42세,상해없음
2022052600100123,2022년 5월 26일 08시,목요일,충청북도 충주시 칠금동,경상사고,0,0,1,0,차대차 - 추돌,안전운전불이행,건조,맑음,교차로 - 교차로안,승용,남,43세,상해없음,화물,여,67세,경상
2022052600100124,2022년 5월 26일 08시,목요일,충청북도 제천시 청전동,중상사고,0,1,0,0,차대사람 - 횡단중,보행자보호의무위반,건조,맑음,교차로 - 교차로횡단보도내,승용,여,49세,상해없음,보행자,여,43세,중상
2022052600100170,2022년 5월 26일 09시,목요일,충청북도 청주시 청원구 사천동,경상사고,0,0,1,0,차대차 - 기타,차로위반,건조,맑음,단일로 - 기타,승용,여,42세,상해없음,승용,여,58세,경상
2022052600100200,2022년 5월 26일 10시,목요일,충청북도 청주시 흥덕구 비하동,경상사고,0,0,1,0,차대차 - 기타,안전운전불이행,건조,맑음,교차로 - 교차로안,승합,남,62세,상해없음,승용,남,41세,경상
2022052600100222,2022년 5월 26일 11시,목요일,충청북도 진천군 광혜원면,중상사고,0,1,0,0,차대사람 - 기타,안전운전불이행,건조,맑음,단일로 - 지하차도(도로)내,승용,남,37세,기타불명,보행자,여,89세,중상
2022052600100253,2022년 5월 26일 12시,목요일,충청북도 충주시 칠금동,경상사고,0,0,1,0,차대차 - 기타,안전운전불이행,건조,맑음,교차로 - 교차로부근,화물,남,51세,상해없음,승용,남,72세,경상
2022052600100287,2022년 5월 26일 13시,목요일,충청북도 청주시 흥덕구 봉명동,경상사고,0,0,1,0,차대사람 - 기타,안전운전불이행,건조,맑음,교차로 - 교차로부근,승용,남,69세,상해없음,보행자,여,43세,경상
2022052600100316,2022년 5월 26일 14시,목요일,충청북도 제천시 송학면,경상사고,0,0,3,0,차대차 - 추돌,차로위반,건조,흐림,교차로 - 교차로부근,농기계,남,66세,경상,승용,여,25세,경상
2022052600100349,2022년 5월 26일 15시,목요일,충청북도 보은군 속리산면,중상사고,0,1,0,0,차대사람 - 보도통행중,기타,건조,맑음,단일로 - 기타,승용,남,75세,상해없음,보행자,여,51세,중상
2022052600100393,2022년 5월 26일 16시,목요일,충청북도 충주시 교현동,중상사고,0,1,0,0,차대사람 - 기타,안전운전불이행,건조,맑음,교차로 - 교차로안,승용,남,33세,상해없음,보행자,여,57세,중상
2022052600100394,2022년 5월 26일 16시,목요일,충청북도 제천시 교동,경상사고,0,0,1,0,차대차 - 측면충돌,직진우회전진행방해,건조,맑음,교차로 - 교차로안,승용,여,23세,상해없음,승용,여,71세,경상
2022052600100395,2022년 5월 26일 16시,목요일,충청북도 음성군 금왕읍,경상사고,0,0,2,1,차대차 - 추돌,안전거리미확보,건조,맑음,단일로 - 기타,승용,남,54세,경상,승용,남,53세,부상신고
2022052600100445,2022년 5월 26일 17시,목요일,충청북도 청주시 흥덕구 강서동,경상사고,0,0,1,0,차대차 - 기타,안전운전불이행,건조,맑음,단일로 - 기타,승용,남,22세,상해없음,이륜,남,36세,경상
2022052600100509,2022년 5월 26일 18시,목요일,충청북도 제천시 강제동,중상사고,0,1,0,0,차대차 - 정면충돌,교차로운행방법위반,건조,맑음,교차로 - 교차로안,승용,여,58세,상해없음,이륜,남,72세,중상
2022052600100510,2022년 5월 26일 18시,목요일,충청북도 보은군 보은읍,경상사고,0,0,1,0,차대차 - 기타,안전운전불이행,건조,맑음,단일로 - 기타,자전거,남,66세,경상,화물,남,49세,기타불명
2022052600100511,2022년 5월 26일 18시,목요일,충청북도 옥천군 청산면,중상사고,0,1,0,0,차대사람 - 횡단중,보행자보호의무위반,건조,맑음,교차로 - 교차로부근,승용,여,43세,상해없음,보행자,여,71세,중상
2022052600100512,2022년 5월 26일 18시,목요일,충청북도 청주시 흥덕구 수의동,부상신고사고,0,0,0,1,차량단독 - 기타,안전운전불이행,건조,맑음,단일로 - 기타,승용,남,25세,부상신고,,,,
2022052600100556,2022년 5월 26일 19시,목요일,충청북도 괴산군 괴산읍,경상사고,0,0,1,0,차대차 - 기타,안전운전불이행,건조,맑음,교차로 - 교차로안,승용,여,56세,상해없음,화물,남,34세,상해없음
2022052600100557,2022년 5월 26일 19시,목요일,충청북도 진천군 진천읍,경상사고,0,0,1,0,차대차 - 측면충돌,차로위반,건조,맑음,단일로 - 지하차도(도로)내,승용,여,33세,경상,승용,남,40세,상해없음
2022052600100558,2022년 5월 26일 19시,목요일,충청북도 청주시 흥덕구 복대동,경상사고,0,0,1,0,차대차 - 기타,신호위반,건조,맑음,교차로 - 교차로안,이륜,남,47세,상해없음,승용,남,46세,경상
2022052600100559,2022년 5월 26일 19시,목요일,충청북도 청주시 상당구 남문로2가,경상사고,0,0,1,0,차대차 - 기타,안전운전불이행,건조,맑음,기타 - 기타,이륜,남,34세,상해없음,이륜,남,27세,경상
2022052600100590,2022년 5월 26일 20시,목요일,충청북도 영동군 용화면,경상사고,0,0,1,0,차량단독 - 공작물충돌,안전운전불이행,건조,맑음,단일로 - 기타,이륜,남,78세,경상,,,,
2022052600100591,2022년 5월 26일 20시,목요일,충청북도 음성군 대소면,중상사고,0,1,0,0,차대사람 - 횡단중,안전운전불이행,건조,맑음,교차로 - 교차로부근,승용,남,39세,상해없음,보행자,남,14세,중상
2022052600100616,2022년 5월 26일 21시,목요일,충청북도 청주시 서원구 사창동,경상사고,0,0,1,0,차대사람 - 횡단중,안전운전불이행,건조,맑음,교차로 - 교차로안,승용,여,42세,상해없음,보행자,여,63세,경상
2022052600100639,2022년 5월 26일 22시,목요일,충청북도 청주시 흥덕구 강내면,중상사고,0,1,2,0,차대차 - 측면충돌,중앙선침범,건조,맑음,교차로 - 교차로부근,승용,남,35세,상해없음,승용,남,37세,경상
2022052600100656,2022년 5월 26일 23시,목요일,충청북도 청주시 서원구 사창동,경상사고,0,0,1,0,차대차 - 후진중충돌,안전운전불이행,건조,맑음,기타 - 기타,승용,남,31세,상해없음,이륜,남,36세,경상
2022052600100657,2022년 5월 26일 23시,목요일,충청북도 진천군 진천읍,중상사고,0,1,0,0,차대차 - 측면충돌,교차로운행방법위반,건조,맑음,교차로 - 교차로안,승용,남,39세,상해없음,승용,여,21세,중상
2022052700100052,2022년 5월 27일 05시,금요일,충청북도 청주시 서원구 사창동,경상사고,0,0,1,0,차량단독 - 기타,안전운전불이행,건조,맑음,단일로 - 기타,개인형이동수단(PM),여,24세,경상,,,,
2022052700100118,2022년 5월 27일 08시,금요일,충청북도 충주시 칠금동,경상사고,0,0,1,0,차대차 - 정면충돌,불법유턴,건조,맑음,단일로 - 기타,승용,남,57세,상해없음,승용,여,47세,경상
2022052700100153,2022년 5월 27일 09시,금요일,충청북도 충주시 성서동,경상사고,0,0,2,0,차대차 - 측면충돌,직진우회전진행방해,건조,맑음,교차로 - 교차로안,승용,여,48세,상해없음,화물,여,56세,경상
2022052700100179,2022년 5월 27일 10시,금요일,충청북도 영동군 영동읍,부상신고사고,0,0,0,1,차대차 - 추돌,안전운전불이행,건조,맑음,교차로 - 교차로부근,원동기,남,23세,부상신고,승용,남,56세,상해없음
2022052700100180,2022년 5월 27일 10시,금요일,충청북도 청주시 상당구 영운동,경상사고,0,0,1,0,차대차 - 측면충돌,교차로운행방법위반,건조,맑음,교차로 - 교차로안,승용,여,50세,상해없음,자전거,여,75세,경상
2022052700100272,2022년 5월 27일 13시,금요일,충청북도 괴산군 칠성면,사망사고,1,0,0,0,차량단독 - 전도전복 - 전도,안전운전불이행,건조,맑음,단일로 - 교량,농기계,남,83세,사망,,,,
2022052700100305,2022년 5월 27일 14시,금요일,충청북도 충주시 칠금동,경상사고,0,0,2,0,차대차 - 기타,안전거리미확보,건조,맑음,교차로 - 교차로안,승용,남,70세,상해없음,승용,남,30세,경상
2022052700100307,2022년 5월 27일 14시,금요일,충청북도 괴산군 연풍면,경상사고,0,0,2,0,차대차 - 기타,기타,건조,맑음,단일로 - 기타,화물,남,53세,상해없음,승용,남,76세,경상
2022052700100346,2022년 5월 27일 15시,금요일,충청북도 청주시 청원구 율량동,경상사고,0,0,2,0,차대차 - 기타,안전운전불이행,건조,맑음,단일로 - 기타,이륜,남,29세,경상,이륜,남,35세,경상
2022052700100394,2022년 5월 27일 16시,금요일,충청북도 제천시 대랑동,사망사고,1,0,0,0,차대차 - 기타,불법유턴,건조,맑음,단일로 - 기타,특수,남,37세,상해없음,이륜,남,80세,사망
2022052700100395,2022년 5월 27일 16시,금요일,충청북도 보은군 마로면,경상사고,0,0,1,0,차대사람 - 횡단중,안전운전불이행,건조,맑음,교차로 - 교차로부근,화물,여,74세,상해없음,보행자,여,59세,경상
2022052700100396,2022년 5월 27일 16시,금요일,충청북도 청주시 흥덕구 향정동,경상사고,0,0,2,0,차대차 - 측면충돌,차로위반,건조,맑음,단일로 - 기타,승용,남,64세,경상,승용,남,63세,경상
2022052700100466,2022년 5월 27일 17시,금요일,충청북도 충주시 칠금동,경상사고,0,0,1,0,차대차 - 측면충돌,안전운전불이행,건조,맑음,교차로 - 교차로안,승용,남,63세,상해없음,승용,남,30세,경상
2022052700100467,2022년 5월 27일 17시,금요일,충청북도 제천시 의림동,경상사고,0,0,1,0,차대차 - 측면충돌,직진우회전진행방해,건조,맑음,교차로 - 교차로안,승용,여,32세,경상,승용,남,54세,상해없음
2022052700100468,2022년 5월 27일 17시,금요일,충청북도 청주시 흥덕구 옥산면,경상사고,0,0,8,0,차대차 - 추돌,안전운전불이행,건조,맑음,단일로 - 기타,승용,여,29세,경상,승용,남,30세,경상
2022052700100526,2022년 5월 27일 18시,금요일,충청북도 청주시 청원구 율량동,경상사고,0,0,1,0,차대차 - 측면충돌,안전운전불이행,건조,맑음,교차로 - 교차로안,승용,여,51세,상해없음,승용,남,60세,상해없음
2022052700100527,2022년 5월 27일 18시,금요일,충청북도 옥천군 옥천읍,경상사고,0,0,1,0,차대차 - 측면충돌,안전운전불이행,건조,맑음,교차로 - 교차로안,승용,여,45세,상해없음,승용,여,34세,경상
2022052700100528,2022년 5월 27일 18시,금요일,충청북도 진천군 문백면,경상사고,0,0,1,0,차대차 - 추돌,안전운전불이행,건조,맑음,단일로 - 지하차도(도로)내,화물,남,67세,상해없음,승용,남,38세,경상