사고번호,사고일시,요일,시군구,사고내용,사망자수,중상자수,경상자수,부상신고자수,사고유형,법규위반,노면상태,기상상태,도로형태,가해운전자 차종,가해운전자 성별,가해운전자 연령,가해운전자 상해정도,피해운전자 차종,피해운전자 성별,피해운전자 연령,피해운전자 상해정도
2022061300100125,2022년 6월 13일 09시,월요일,충청북도 청주시 상당구 탑동,경상사고,0,0,1,0,차대차 - 측면충돌,안전운전불이행,건조,맑음,교차로 - 교차로안,승용,남,80세,상해없음,승용,여,45세,경상
2022061300100152,2022년 6월 13일 10시,월요일,충청북도 청주시 서원구 현도면,중상사고,0,1,0,0,차대차 - 기타,교차로운행방법위반,건조,맑음,교차로 - 교차로안,자전거,여,61세,중상,승합,남,57세,상해없음
2022061300100204,2022년 6월 13일 12시,월요일,충청북도 청주시 흥덕구 복대동,경상사고,0,0,1,1,차대차 - 측면충돌,안전운전불이행,건조,맑음,단일로 - 기타,이륜,남,38세,부상신고,이륜,남,34세,경상
2022061300100231,2022년 6월 13일 13시,월요일,충청북도 보은군 보은읍,중상사고,0,1,1,0,차대차 - 측면충돌,교차로운행방법위반,건조,맑음,교차로 - 교차로안,승용,남,68세,중상,화물,남,24세,경상
2022061300100259,2022년 6월 13일 14시,월요일,충청북도 음성군 대소면,경상사고,0,0,2,0,차대차 - 측면충돌,교차로운행방법위반,건조,맑음,교차로 - 교차로안,승용,남,26세,상해없음,화물,남,63세,경상
2022061300100342,2022년 6월 13일 16시,월요일,충청북도 청주시 서원구 남이면,경상사고,0,0,1,0,차대차 - 측면충돌,교차로운행방법위반,건조,맑음,교차로 - 교차로안,승용,남,38세,상해없음,특수,남,50세,경상
2022061300100343,2022년 6월 13일 16시,월요일,충청북도 청주시 상당구 용암동,경상사고,0,0,1,0,차대차 - 측면충돌,신호위반,건조,맑음,교차로 - 교차로횡단보도내,승합,남,50세,상해없음,자전거,남,13세,경상
2022061300100344,2022년 6월 13일 16시,월요일,충청북도 청주시 흥덕구 옥산면,경상사고,0,0,1,0,차량단독 - 공작물충돌,안전운전불이행,건조,맑음,단일로 - 기타,화물,남,65세,경상,,,,
2022061300100382,2022년 6월 13일 17시,월요일,충청북도 충주시 봉방동,중상사고,0,1,0,0,차대차 - 측면충돌,직진우회전진행방해,건조,맑음,교차로 - 교차로안,화물,남,64세,상해없음,자전거,남,11세,중상
2022061300100383,2022년 6월 13일 17시,월요일,충청북도 제천시 화산동,경상사고,0,0,4,0,차대차 - 정면충돌,직진우회전진행방해,건조,맑음,교차로 - 교차로안,승용,남,64세,경상,승용,남,62세,경상
2022061300100384,2022년 6월 13일 17시,월요일,충청북도 음성군 음성읍,경상사고,0,0,2,0,차대차 - 측면충돌,중앙선침범,건조,맑음,교차로 - 교차로부근,화물,남,41세,경상,승용,남,51세,경상
2022061300100427,2022년 6월 13일 18시,월요일,충청북도 청주시 청원구 내수읍,경상사고,0,0,3,0,차대차 - 정면충돌,교차로운행방법위반,건조,맑음,교차로 - 교차로안,승용,여,45세,상해없음,이륜,남,65세,경상
2022061300100428,2022년 6월 13일 18시,월요일,충청북도 충주시 성남동,중상사고,0,1,0,0,차대차 - 측면충돌,안전거리미확보,건조,맑음,단일로 - 기타,화물,남,51세,상해없음,이륜,남,60세,중상
2022061300100463,2022년 6월 13일 19시,월요일,충청북도 음성군 대소면,중상사고,0,1,0,0,차대차 - 정면충돌,신호위반,건조,맑음,교차로 - 교차로안,개인형이동수단(PM),남,40세,중상,승용,남,64세,상해없음
2022061300100518,2022년 6월 13일 21시,월요일,충청북도 진천군 덕산읍,경상사고,0,0,1,0,차대차 - 측면충돌,안전운전불이행,건조,맑음,교차로 - 교차로안,승용,여,54세,상해없음,승용,여,37세,경상
2022061300100531,2022년 6월 13일 22시,월요일,충청북도 청주시 흥덕구 봉명동,경상사고,0,0,2,0,차대차 - 추돌,안전운전불이행,건조,맑음,교차로 - 교차로부근,승용,남,26세,상해없음,승용,남,59세,경상
2022061400100036,2022년 6월 14일 05시,화요일,충청북도 청주시 상당구 문화동,경상사고,0,0,1,0,차대차 - 측면충돌,교차로운행방법위반,건조,맑음,교차로 - 교차로부근,승용,남,87세,상해없음,승용,남,50세,경상
2022061400100044,2022년 6월 14일 06시,화요일,충청북도 청주시 상당구 서문동,사망사고,1,0,0,0,차대차 - 정면충돌,신호위반,건조,흐림,교차로 - 교차로안,이륜,남,59세,사망,승용,남,72세,상해없음
2022061400100100,2022년 6월 14일 08시,화요일,충청북도 청주시 청원구 내덕동,중상사고,0,1,2,0,차량단독 - 기타,안전운전불이행,건조,맑음,단일로 - 기타,승합,남,55세,상해없음,,,,
2022061400100101,2022년 6월 14일 08시,화요일,충청북도 청주시 서원구 사직동,경상사고,0,0,1,0,차대사람 - 기타,안전운전불이행,건조,맑음,기타 - 기타,기타불명,기타불명,미분류,기타불명,보행자,남,60세,경상
2022061400100102,2022년 6월 14일 08시,화요일,충청북도 음성군 대소면,경상사고,0,0,1,1,차대차 - 추돌,안전거리미확보,건조,맑음,단일로 - 기타,화물,남,47세,상해없음,승합,남,38세,부상신고
2022061400100158,2022년 6월 14일 09시,화요일,충청북도 충주시 지현동,경상사고,0,0,1,0,차대차 - 측면충돌,직진우회전진행방해,건조,맑음,교차로 - 교차로안,화물,남,41세,상해없음,승용,여,63세,경상
2022061400100185,2022년 6월 14일 10시,화요일,충청북도 충주시 교현동,경상사고,0,0,1,0,차대차 - 측면충돌,신호위반,건조,맑음,교차로 - 교차로안,승용,여,56세,상해없음,승용,여,45세,경상
2022061400100186,2022년 6월 14일 10시,화요일,충청북도 청주시 상당구 평촌동,사망사고,1,0,0,0,차대사람 - 횡단중,안전운전불이행,건조,맑음,단일로 - 지하차도(도로)내,승용,여,29세,상해없음,보행자,남,79세,사망
2022061400100214,2022년 6월 14일 11시,화요일,충청북도 청주시 청원구 우암동,경상사고,0,0,1,0,차대차 - 기타,안전운전불이행,건조,맑음,기타 - 기타,화물,남,45세,상해없음,화물,남,39세,경상
2022061400100215,2022년 6월 14일 11시,화요일,충청북도 충주시 대소원면,경상사고,0,0,2,0,차대차 - 기타,안전거리미확보,건조,맑음,단일로 - 기타,화물,남,72세,상해없음,승용,여,59세,경상
2022061400100216,2022년 6월 14일 11시,화요일,충청북도 청주시 서원구 남이면,중상사고,0,1,0,0,차대사람 - 횡단중,중앙선침범,건조,맑음,교차로 - 교차로안,승용,남,25세,상해없음,보행자,여,83세,중상
2022061400100248,2022년 6월 14일 12시,화요일,충청북도 제천시 청전동,경상사고,0,0,6,0,차대차 - 측면충돌,직진우회전진행방해,건조,맑음,교차로 - 교차로안,승용,여,36세,경상,승용,남,36세,경상
2022061400100313,2022년 6월 14일 14시,화요일,충청북도 충주시 신니면,중상사고,0,1,0,0,차대차 - 측면충돌,직진우회전진행방해,건조,흐림,교차로 - 교차로부근,농기계,남,70세,중상,화물,남,65세,상해없음
2022061400100350,2022년 6월 14일 15시,화요일,충청북도 제천시 의림동,중상사고,0,1,3,0,차대차 - 측면충돌,신호위반,젖음/습기,비,교차로 - 교차로안,승용,남,75세,경상,화물,남,50세,경상
2022061400100351,2022년 6월 14일 15시,화요일,충청북도 청주시 서원구 남이면,경상사고,0,0,2,0,차대차 - 추돌,안전운전불이행,젖음/습기,비,교차로 - 교차로부근,승용,여,39세,상해없음,승용,여,51세,경상
2022061400100352,2022년 6월 14일 15시,화요일,충청북도 청주시 상당구 방서동,중상사고,0,1,0,0,차대차 - 측면충돌,안전운전불이행,젖음/습기,비,교차로 - 교차로부근,승용,남,58세,상해없음,자전거,남,75세,중상
2022061400100391,2022년 6월 14일 16시,화요일,충청북도 청주시 청원구 우암동,경상사고,0,0,2,0,차대차 - 기타,직진우회전진행방해,젖음/습기,비,교차로 - 교차로안,승용,여,55세,경상,승용,남,65세,경상
2022061400100420,2022년 6월 14일 17시,화요일,충청북도 충주시 봉방동,경상사고,0,0,1,0,차대차 - 추돌,안전거리미확보,건조,맑음,교차로 - 교차로부근,승용,여,49세,상해없음,승용,남,42세,경상
2022061400100421,2022년 6월 14일 17시,화요일,충청북도 음성군 대소면,경상사고,0,0,1,0,차대사람 - 횡단중,보행자보호의무위반,건조,맑음,교차로 - 교차로안,승용,여,36세,상해없음,보행자,여,11세,경상
2022061400100422,2022년 6월 14일 17시,화요일,충청북도 청주시 흥덕구 복대동,경상사고,0,0,1,0,차대차 - 측면충돌,안전운전불이행,건조,맑음,단일로 - 기타,승용,여,51세,상해없음,자전거,남,11세,경상
2022061400100465,2022년 6월 14일 18시,화요일,충청북도 충주시 대소원면,경상사고,0,0,1,0,차대차 - 기타,직진우회전진행방해,젖음/습기,비,교차로 - 교차로안,승용,남,36세,상해없음,이륜,남,49세,경상
2022061400100466,2022년 6월 14일 18시,화요일,충청북도 청주시 상당구 석교동,부상신고사고,0,0,0,1,차대차 - 기타,안전운전불이행,건조,맑음,교차로 - 교차로부근,자전거,남,54세,부상신고,이륜,남,37세,상해없음
2022061400100530,2022년 6월 14일 20시,화요일,충청북도 옥천군 동이면,중상사고,0,1,0,0,차대차 - 측면충돌,안전운전불이행,건조,맑음,단일로 - 기타,승합,남,59세,상해없음,승용,남,62세,중상
2022061400100531,2022년 6월 14일 20시,화요일,충청북도 청주시 흥덕구 외북동,경상사고,0,0,1,0,차대차 - 측면충돌,신호위반,건조,맑음,교차로 - 교차로안,승용,남,56세,상해없음,승용,여,48세,경상
2022061400100549,2022년 6월 14일 21시,화요일,충청북도 청주시 서원구 남이면,중상사고,0,1,0,0,차대사람 - 횡단중,안전운전불이행,젖음/습기,흐림,교차로 - 교차로횡단보도내,승용,남,26세,상해없음,보행자,남,18세,중상
2022061400100550,2022년 6월 14일 21시,화요일,충청북도 청주시 흥덕구 복대동,경상사고,0,0,1,0,차대차 - 후진중충돌,안전운전불이행,건조,흐림,교차로 - 교차로부근,승용,여,63세,상해없음,이륜,남,44세,경상
2022061400100551,2022년 6월 14일 21시,화요일,충청북도 청주시 흥덕구 가경동,경상사고,0,0,1,0,차대차 - 정면충돌,안전운전불이행,건조,맑음,단일로 - 기타,승용,여,48세,상해없음,이륜,남,19세,경상
2022061400100576,2022년 6월 14일 22시,화요일,충청북도 충주시 호암동,경상사고,0,0,1,0,차대차 - 정면충돌,신호위반,젖음/습기,비,교차로 - 교차로안,승용,남,44세,상해없음,이륜,남,32세,경상
2022061500100027,2022년 6월 15일 03시,수요일,충청북도 충주시 용두동,경상사고,0,0,1,0,차대차 - 측면충돌,안전거리미확보,건조,맑음,교차로 - 교차로부근,승용,남,36세,상해없음,화물,남,52세,경상
2022061500100028,2022년 6월 15일 03시,수요일,충청북도 충주시 산척면,사망사고,1,0,1,0,차대차 - 추돌,안전운전불이행,젖음/습기,비,단일로 - 기타,화물,남,52세,사망,화물,남,69세,상해없음
2022061500100062,2022년 6월 15일 07시,수요일,충청북도 청주시 흥덕구 운천동,중상사고,0,2,0,0,차대차 - 정면충돌,신호위반,젖음/습기,맑음,교차로 - 교차로안,승용,남,30세,상해없음,승용,여,57세,중상
2022061500100100,2022년 6월 15일 08시,수요일,충청북도 청주시 청원구 내덕동,경상사고,0,0,2,0,차대차 - 측면충돌,안전운전불이행,젖음/습기,맑음,단일로 - 기타,승용,여,59세,경상,화물,남,26세,경상
2022061500100160,2022년 6월 15일 10시,수요일,충청북도 청주시 흥덕구 복대동,경상사고,0,0,1,0,차대차 - 측면충돌,안전거리미확보,젖음/습기,비,교차로 - 교차로부근,승용,남,24세,상해없음,화물,남,32세,경상
2022061500100219,2022년 6월 15일 12시,수요일,충청북도 충주시 충인동,경상사고,0,0,1,0,차대차 - 후진중충돌,안전운전불이행,젖음/습기,비,단일로 - 기타,승용,남,72세,상해없음,승용,여,64세,경상
2022061500100220,2022년 6월 15일 12시,수요일,충청북도 증평군 증평읍,경상사고,0,0,1,0,차대사람 - 차도통행중,안전운전불이행,건조,맑음,교차로 - 교차로안,승용,남,48세,상해없음,보행자,여,61세,경상
2022061500100282,2022년 6월 15일 14시,수요일,충청북도 청주시 서원구 사직동,경상사고,0,0,1,0,차량단독 - 기타,안전거리미확보,건조,맑음,단일로 - 기타,승합,남,39세,상해없음,,,,
2022061500100353,2022년 6월 15일 16시,수요일,충청북도 음성군 음성읍,경상사고,0,0,2,0,차대차 - 측면충돌,교차로운행방법위반,건조,맑음,교차로 - 교차로안,승용,여,52세,경상,승합,남,54세,경상
2022061500100354,2022년 6월 15일 16시,수요일,충청북도 청주시 흥덕구 복대동,경상사고,0,0,1,0,차대사람 - 길가장자리구역통행중,안전운전불이행,건조,맑음,단일로 - 기타,승용,여,37세,상해없음,보행자,여,28세,경상
2022061500100355,2022년 6월 15일 16시,수요일,충청북도 청주시 서원구 수곡동,중상사고,0,1,0,0,차대사람 - 횡단중,보행자보호의무위반,건조,맑음,교차로 - 교차로안,승용,여,61세,상해없음,보행자,여,28세,중상
2022061500100398,2022년 6월 15일 17시,수요일,충청북도 괴산군 괴산읍,경상사고,0,0,2,0,차대차 - 측면충돌,직진우회전진행방해,건조,맑음,교차로 - 교차로안,승용,남,65세,경상,승용,여,30세,경상
2022061500100442,2022년 6월 15일 18시,수요일,충청북도 청주시 청원구 우암동,경상사고,0,0,2,0,차대차 - 기타,안전운전불이행,건조,맑음,단일로 - 기타,이륜,남,20세,경상,승용,남,41세,경상
2022061500100443,2022년 6월 15일 18시,수요일,충청북도 제천시 청전동,경상사고,0,0,1,0,차대차 - 측면충돌,안전거리미확보,젖음/습기,비,교차로 - 교차로안,승용,여,63세,상해없음,이륜,남,27세,경상
2022061500100444,2022년 6월 15일 18시,수요일,충청북도 제천시 서부동,부상신고사고,0,0,0,1,차대차 - 측면충돌,안전거리미확보,젖음/습기,비,교차로 - 교차로부근,승용,여,53세,상해없음,승용,남,22세,부상신고
2022061500100513,2022년 6월 15일 20시,수요일,충청북도 영동군 영동읍,경상사고,0,0,2,0,차대차 - 측면충돌,안전운전불이행,건조,맑음,단일로 - 기타,승용,남,21세,상해없음,승용,여,26세,경상
2022061500100540,2022년 6월 15일 21시,수요일,충청북도 청주시 흥덕구 복대동,경상사고,0,0,1,0,차대사람 - 횡단중,보행자보호의무위반,건조,맑음,교차로 - 교차로횡단보도내,승용,여,50세,상해없음,보행자,여,24세,경상
2022061500100569,2022년 6월 15일 22시,수요일,충청북도 진천군 진천읍,사망사고,1,0,0,0,차대차 - 정면충돌,중앙선침범,건조,맑음,단일로 - 지하차도(도로)내,이륜,남,62세,사망,화물,남,42세,기타불명
2022061600100064,2022년 6월 16일 07시,목요일,충청북도 충주시 연수동,경상사고,0,0,1,0,차대차 - 측면충돌,중앙선침범,건조,맑음,단일로 - 기타,승용,남,22세,상해없음,승용,여,49세,경상
2022061600100065,2022년 6월 16일 07시,목요일,충청북도 청주시 흥덕구 송정동,중상사고,0,1,0,0,차대차 - 측면충돌,안전운전불이행,건조,맑음,교차로 - 교차로안,승용,남,24세,상해없음,승용,남,58세,중상
2022061600100066,2022년 6월 16일 07시,목요일,충청북도 청주시 흥덕구 복대동,경상사고,0,0,2,0,차대차 - 측면충돌,안전운전불이행,건조,맑음,단일로 - 기타,승용,남,60세,경상,승용,남,29세,경상
2022061600100067,2022년 6월 16일 07시,목요일,충청북도 청주시 서원구 미평동,경상사고,0,0,1,0,차대차 - 측면충돌,안전운전불이행,건조,맑음,단일로 - 기타,승용,남,73세,상해없음,승용,여,48세,경상
2022061600100101,2022년 6월 16일 08시,목요일,충청북도 청주시 서원구 개신동,경상사고,0,0,1,0,차대사람 - 횡단중,안전운전불이행,건조,맑음,단일로 - 기타,승용,여,47세,상해없음,보행자,여,54세,경상
2022061600100159,2022년 6월 16일 10시,목요일,충청북도 청주시 흥덕구 봉명동,경상사고,0,0,1,0,차대차 - 측면충돌,신호위반,건조,맑음,교차로 - 교차로안,자전거,남,48세,경상,승용,여,24세,상해없음
2022061600100160,2022년 6월 16일 10시,목요일,충청북도 청주시 상당구 용암동,경상사고,0,0,1,0,차대차 - 측면충돌,신호위반,건조,맑음,교차로 - 교차로안,화물,남,56세,상해없음,승용,여,48세,경상
2022061600100186,2022년 6월 16일 11시,목요일,충청북도 제천시 왕암동,부상신고사고,0,0,0,1,차대차 - 측면충돌,안전운전불이행,건조,맑음,단일로 - 기타,승용,여,50세,상해없음,화물,남,45세,부상신고
2022061600100187,2022년 6월 16일 11시,목요일,충청북도 음성군 생극면,경상사고,0,0,1,0,차대사람 - 길가장자리구역통행중,안전운전불이행,건조,맑음,교차로 - 교차로부근,기타불명,기타불명,미분류,기타불명,보행자,남,86세,경상
2022061600100188,2022년 6월 16일 11시,목요일,충청북도 청주시 상당구 용정동,중상사고,0,1,5,0,차대차 - 추돌,안전운전불이행,건조,맑음,교차로 - 교차로부근,화물,남,53세,기타불명,승용,남,65세,경상
2022061600100189,2022년 6월 16일 11시,목요일,충청북도 단양군 적성면,사망사고,1,0,0,0,차대차 - 추돌,안전운전불이행,건조,맑음,단일로 - 기타,승용,남,71세,사망,화물,남,60세,기타불명
2022061600100220,2022년 6월 16일 12시,목요일,충청북도 청주시 청원구 주중동,경상사고,0,0,1,0,차대차 - 후진중충돌,안전운전불이행,건조,맑음,단일로 - 기타,승용,여,26세,상해없음,승용,남,30세,상해없음
2022061600100221,2022년 6월 16일 12시,목요일,충청북도 괴산군 불정면,중상사고,0,2,2,0,차량단독 - 공작물충돌,안전운전불이행,건조,맑음,단일로 - 기타,화물,남,66세,경상,,,,
2022061600100296,2022년 6월 16일 14시,목요일,충청북도 청주시 흥덕구 복대동,경상사고,0,0,1,0,차대차 - 측면충돌,안전운전불이행,건조,맑음,단일로 - 기타,승용,여,38세,상해없음,승합,남,48세,경상
2022061600100297,2022년 6월 16일 14시,목요일,충청북도 청주시 서원구 분평동,경상사고,0,0,2,0,차대차 - 기타,안전운전불이행,건조,맑음,교차로 - 교차로안,화물,남,37세,경상,화물,남,24세,경상
2022061600100329,2022년 6월 16일 15시,목요일,충청북도 청주시 흥덕구 복대동,중상사고,0,1,0,0,차대사람 - 기타,안전운전불이행,건조,맑음,단일로 - 기타,승용,남,32세,상해없음,보행자,남,8세,중상
2022061600100330,2022년 6월 16일 15시,목요일,충청북도 청주시 흥덕구 신촌동,경상사고,0,0,1,0,차대차 - 측면충돌,안전거리미확보,건조,맑음,단일로 - 기타,승용,여,61세,상해없음,승용,남,70세,경상
2022061600100331,2022년 6월 16일 15시,목요일,충청북도 청주시 상당구 용암동,경상사고,0,0,1,0,차대차 - 정면충돌,교차로운행방법위반,건조,맑음,교차로 - 교차로안,화물,여,58세,상해없음,이륜,남,52세,경상
2022061600100361,2022년 6월 16일 16시,목요일,충청북도 괴산군 괴산읍,경상사고,0,0,1,0,차대차 - 측면충돌,직진우회전진행방해,건조,맑음,교차로 - 교차로안,건설기계,남,57세,상해없음,승용,여,49세,경상
2022061600100411,2022년 6월 16일 17시,목요일,충청북도 청주시 청원구 주중동,경상사고,0,0,1,0,차대사람 - 기타,안전운전불이행,건조,맑음,기타 - 기타,승합,남,59세,상해없음,보행자,여,56세,경상
2022061600100412,2022년 6월 16일 17시,목요일,충청북도 제천시 영천동,경상사고,0,0,1,0,차대차 - 추돌,안전거리미확보,건조,흐림,교차로 - 교차로부근,화물,남,57세,상해없음,이륜,남,64세,상해없음
2022061600100413,2022년 6월 16일 17시,목요일,충청북도 제천시 중앙로2가,경상사고,0,0,1,0,차대차 - 측면충돌,안전운전불이행,건조,맑음,교차로 - 교차로안,개인형이동수단(PM),남,16세,상해없음,승용,여,45세,경상
2022061600100414,2022년 6월 16일 17시,목요일,충청북도 청주시 흥덕구 향정동,경상사고,0,0,1,0,차대차 - 측면충돌,안전거리미확보,건조,맑음,교차로 - 교차로부근,승용,여,32세,상해없음,승용,남,57세,경상
2022061600100471,2022년 6월 16일 18시,목요일,충청북도 충주시 연수동,경상사고,0,0,1,0,차대사람 - 길가장자리구역통행중,안전운전불이행,건조,맑음,단일로 - 기타,승용,여,56세,기타불명,보행자,남,57세,경상
2022061600100472,2022년 6월 16일 18시,목요일,충청북도 음성군 감곡면,경상사고,0,0,1,0,차대사람 - 길가장자리구역통행중,안전운전불이행,건조,맑음,교차로 - 교차로부근,승용,남,36세,상해없음,보행자,여,16세,경상
2022061600100547,2022년 6월 16일 20시,목요일,충청북도 진천군 진천읍,경상사고,0,0,1,0,차대차 - 기타,안전운전불이행,건조,맑음,교차로 - 교차로안,기타불명,기타불명,미분류,기타불명,승용,여,49세,경상
2022061600100568,2022년 6월 16일 21시,목요일,충청북도 청주시 청원구 북이면,경상사고,0,0,1,0,차대차 - 기타,기타,건조,맑음,단일로 - 기타,승용,남,46세,상해없음,승용,여,42세,경상
2022061600100592,2022년 6월 16일 22시,목요일,충청북도 청주시 상당구 북문로2가,경상사고,0,0,2,0,차대차 - 기타,안전운전불이행,건조,맑음,기타 - 기타,이륜,남,16세,상해없음,승용,남,23세,경상
2022061600100593,2022년 6월 16일 22시,목요일,충청북도 청주시 상당구 용암동,경상사고,0,0,2,0,차대차 - 기타,신호위반,건조,맑음,교차로 - 교차로안,승용,여,27세,상해없음,승합,남,56세,경상
2022061700100036,2022년 6월 17일 05시,금요일,충청북도 청주시 상당구 석교동,경상사고,0,0,1,0,차대차 - 기타,신호위반,건조,맑음,교차로 - 교차로안,화물,남,65세,상해없음,자전거,남,80세,경상
2022061700100058,2022년 6월 17일 07시,금요일,충청북도 청주시 청원구 오창읍,경상사고,0,0,2,0,차대차 - 기타,안전거리미확보,건조,맑음,기타 - 기타,승용,여,46세,경상,승용,여,41세,경상
2022061700100059,2022년 6월 17일 07시,금요일,충청북도 제천시 금성면,경상사고,0,0,2,0,차대차 - 추돌,안전운전불이행,건조,맑음,교차로 - 교차로부근,화물,남,85세,상해없음,승용,남,62세,경상
2022061700100060,2022년 6월 17일 07시,금요일,충청북도 진천군 진천읍,경상사고,0,0,1,0,차대차 - 측면충돌,교차로운행방법위반,건조,맑음,교차로 - 교차로안,화물,남,61세,기타불명,승용,여,28세,경상
2022061700100095,2022년 6월 17일 08시,금요일,충청북도 충주시 칠금동,사망사고,1,0,0,0,차대차 - 측면충돌,신호위반,건조,맑음,교차로 - 교차로안,승용,여,31세,상해없음,이륜,남,39세,사망
2022061700100096,2022년 6월 17일 08시,금요일,충청북도 충주시 충인동,경상사고,0,0,1,0,차대차 - 정면충돌,안전거리미확보,건조,맑음,교차로 - 교차로부근,화물,남,63세,상해없음,승용,여,60세,경상
2022061700100097,2022년 6월 17일 08시,금요일,충청북도 충주시 목행동,경상사고,0,0,1,0,차대차 - 측면충돌,안전거리미확보,건조,맑음,단일로 - 기타,승용,남,45세,상해없음,승용,여,46세,경상
2022061700100098,2022년 6월 17일 08시,금요일,충청북도 청주시 흥덕구 오송읍,경상사고,0,0,1,0,차대차 - 측면충돌,안전거리미확보,건조,맑음,단일로 - 기타,승용,여,67세,상해없음,승용,여,26세,경상
2022061700100099,2022년 6월 17일 08시,금요일,충청북도 청주시 서원구 산남동,경상사고,0,0,1,0,차대차 - 측면충돌,안전거리미확보,건조,맑음,교차로 - 교차로안,건설기계,남,57세,상해없음,승용,남,38세,경상
2022061700100160,2022년 6월 17일 10시,금요일,충청북도 괴산군 괴산읍,중상사고,0,1,0,0,차대차 - 측면충돌,직진우회전진행방해,건조,맑음,교차로 - 교차로안,이륜,남,53세,중상,승용,남,70세,상해없음
2022061700100196,2022년 6월 17일 11시,금요일,충청북도 제천시 왕암동,중상사고,0,1,0,0,차대차 - 정면충돌,안전운전불이행,건조,맑음,교차로 - 교차로안,승용,남,54세,상해없음,승용,여,35세,중상
2022061700100197,2022년 6월 17일 11시,금요일,충청북도 청주시 흥덕구 오송읍,경상사고,0,0,1,0,차대차 - 후진중충돌,안전운전불이행,건조,맑음,교차로 - 교차로부근,승용,여,35세,상해없음,승용,남,30세,경상
2022061700100261,2022년 6월 17일 13시,금요일,충청북도 청주시 청원구 내덕동,경상사고,0,0,3,0,차대차 - 기타,차로위반,건조,맑음,단일로 - 기타,승용,남,55세,상해없음,화물,남,30세,경상
2022061700100262,2022년 6월 17일 13시,금요일,충청북도 충주시 봉방동,중상사고,0,1,0,0,차대사람 - 기타,안전운전불이행,건조,맑음,주차장 - 주차장,승용,남,30세,상해없음,보행자,여,51세,중상
2022061700100299,2022년 6월 17일 14시,금요일,충청북도 진천군 광혜원면,경상사고,0,0,2,0,차대차 - 측면충돌,교차로운행방법위반,건조,맑음,교차로 - 교차로안,승용,여,23세,경상,승합,남,64세,상해없음
2022061700100300,2022년 6월 17일 14시,금요일,충청북도 청주시 흥덕구 봉명동,경상사고,0,0,1,0,차대차 - 추돌,안전운전불이행,건조,맑음,교차로 - 교차로부근,승용,남,29세,상해없음,승용,여,49세,경상
2022061700100301,2022년 6월 17일 14시,금요일,충청북도 청주시 상당구 방서동,경상사고,0,0,1,0,차대차 - 기타,안전운전불이행,건조,맑음,단일로 - 기타,승용,남,34세,기타불명,이륜,남,60세,경상
2022061700100335,2022년 6월 17일 15시,금요일,충청북도 보은군 탄부면,경상사고,0,0,1,0,차대차 - 기타,기타,건조,맑음,단일로 - 기타,특수,남,59세,상해없음,화물,남,59세,경상
2022061700100370,2022년 6월 17일 16시,금요일,충청북도 진천군 초평면,중상사고,0,1,0,0,차대차 - 측면충돌,안전운전불이행,건조,맑음,교차로 - 교차로안,화물,남,43세,상해없음,이륜,남,74세,중상
2022061700100414,2022년 6월 17일 17시,금요일,충청북도 충주시 호암동,경상사고,0,0,1,0,차대차 - 후진중충돌,불법유턴,건조,맑음,교차로 - 교차로부근,승용,여,41세,상해없음,승용,남,49세,경상
2022061700100466,2022년 6월 17일 18시,금요일,충청북도 청주시 서원구 사창동,경상사고,0,0,4,0,차대차 - 기타,안전거리미확보,건조,맑음,기타 - 기타,승용,여,69세,기타불명,승용,남,55세,경상
2022061700100467,2022년 6월 17일 18시,금요일,충청북도 음성군 대소면,중상사고,0,1,0,0,차대차 - 정면충돌,교차로운행방법위반,건조,맑음,교차로 - 교차로안,화물,남,50세,상해없음,원동기,남,76세,상해없음
2022061700100468,2022년 6월 17일 18시,금요일,충청북도 진천군 덕산읍,경상사고,0,0,1,0,차대차 - 측면충돌,신호위반,건조,맑음,교차로 - 교차로안,승용,여,34세,상해없음,자전거,남,14세,경상
2022061700100544,2022년 6월 17일 20시,금요일,충청북도 청주시 흥덕구 가경동,경상사고,0,0,1,0,차대차 - 측면충돌,차로위반,건조,맑음,단일로 - 기타,승용,남,33세,상해없음,이륜,남,41세,경상
2022061700100545,2022년 6월 17일 20시,금요일,충청북도 청주시 상당구 금천동,경상사고,0,0,1,0,차대사람 - 횡단중,신호위반,건조,맑음,기타 - 기타,승용,남,76세,상해없음,보행자,남,44세,경상
2022061700100546,2022년 6월 17일 20시,금요일,충청북도 청주시 서원구 분평동,경상사고,0,0,1,0,차대차 - 측면충돌,교차로운행방법위반,건조,맑음,교차로 - 교차로안,승용,남,56세,상해없음,승용,남,66세,경상
2022061700100582,2022년 6월 17일 21시,금요일,충청북도 청주시 상당구 용담동,경상사고,0,0,1,0,차대사람 - 길가장자리구역통행중,안전운전불이행,건조,맑음,단일로 - 기타,이륜,남,16세,상해없음,보행자,남,43세,경상
2022061700100621,2022년 6월 17일 23시,금요일,충청북도 제천시 하소동,경상사고,0,0,1,0,차대차 - 측면충돌,안전운전불이행,건조,맑음,교차로 - 교차로안,승용,여,51세,상해없음,승용,남,66세,경상