사고번호,사고일시,요일,시군구,사고내용,사망자수,중상자수,경상자수,부상신고자수,사고유형,법규위반,노면상태,기상상태,도로형태,가해운전자 차종,가해운전자 성별,가해운전자 연령,가해운전자 상해정도,피해운전자 차종,피해운전자 성별,피해운전자 연령,피해운전자 상해정도
2022062900100050,2022년 6월 29일 06시,수요일,충청북도 음성군 금왕읍,중상사고,0,1,0,0,차량단독 - 전도전복 - 전도,안전운전불이행,젖음/습기,비,단일로 - 기타,승용,남,56세,중상,,,,
2022062900100051,2022년 6월 29일 06시,수요일,충청북도 청주시 흥덕구 오송읍,경상사고,0,0,1,0,차대차 - 측면충돌,신호위반,젖음/습기,비,교차로 - 교차로부근,승용,남,47세,상해없음,화물,남,48세,경상
2022062900100063,2022년 6월 29일 07시,수요일,충청북도 청주시 서원구 사창동,경상사고,0,0,1,0,차대차 - 측면충돌,신호위반,젖음/습기,비,교차로 - 교차로안,승합,남,60세,상해없음,승용,남,57세,경상
2022062900100064,2022년 6월 29일 07시,수요일,충청북도 청주시 흥덕구 봉명동,중상사고,0,1,0,0,차대사람 - 기타,안전운전불이행,젖음/습기,비,단일로 - 지하차도(도로)내,승용,남,67세,상해없음,보행자,남,28세,중상
2022062900100089,2022년 6월 29일 08시,수요일,충청북도 보은군 수한면,중상사고,0,1,2,0,차대차 - 정면충돌,중앙선침범,젖음/습기,비,단일로 - 교량,승용,여,51세,경상,화물,남,55세,경상
2022062900100090,2022년 6월 29일 08시,수요일,충청북도 음성군 금왕읍,중상사고,0,1,0,0,차대차 - 정면충돌,안전운전불이행,젖음/습기,비,교차로 - 교차로부근,승용,남,55세,상해없음,사륜오토바이(ATV),남,67세,중상
2022062900100091,2022년 6월 29일 08시,수요일,충청북도 청주시 서원구 남이면,경상사고,0,0,1,0,차대차 - 추돌,안전거리미확보,건조,맑음,단일로 - 기타,승용,남,59세,상해없음,승용,남,41세,경상
2022062900100215,2022년 6월 29일 12시,수요일,충청북도 청주시 청원구 주성동,중상사고,0,1,3,0,차대차 - 추돌,안전거리미확보,건조,맑음,단일로 - 기타,승용,남,65세,상해없음,승용,남,56세,중상
2022062900100216,2022년 6월 29일 12시,수요일,충청북도 증평군 증평읍,중상사고,0,1,0,0,차대차 - 기타,신호위반,건조,맑음,교차로 - 교차로부근,화물,남,75세,상해없음,자전거,여,70세,중상
2022062900100217,2022년 6월 29일 12시,수요일,충청북도 청주시 흥덕구 복대동,경상사고,0,0,1,0,차대차 - 기타,교차로운행방법위반,건조,맑음,교차로 - 교차로횡단보도내,화물,남,68세,상해없음,이륜,남,24세,경상
2022062900100218,2022년 6월 29일 12시,수요일,충청북도 청주시 서원구 분평동,중상사고,0,1,0,0,차대사람 - 횡단중,보행자보호의무위반,건조,맑음,교차로 - 교차로횡단보도내,승용,여,52세,상해없음,보행자,여,68세,중상
2022062900100252,2022년 6월 29일 13시,수요일,충청북도 충주시 칠금동,경상사고,0,0,1,0,차대차 - 측면충돌,교차로운행방법위반,건조,맑음,교차로 - 교차로안,승용,남,54세,상해없음,개인형이동수단(PM),여,13세,경상
2022062900100285,2022년 6월 29일 14시,수요일,충청북도 제천시 명동,경상사고,0,0,1,0,차대차 - 측면충돌,기타,건조,맑음,교차로 - 교차로안,승용,남,65세,기타불명,승용,여,61세,경상
2022062900100286,2022년 6월 29일 14시,수요일,충청북도 청주시 흥덕구 복대동,경상사고,0,0,1,0,차대차 - 기타,안전거리미확보,건조,맑음,교차로 - 교차로부근,승용,남,56세,상해없음,승합,남,48세,경상
2022062900100362,2022년 6월 29일 16시,수요일,충청북도 단양군 단양읍,중상사고,0,1,0,0,차대차 - 측면충돌,기타,건조,맑음,기타 - 기타,승용,남,39세,상해없음,이륜,남,23세,중상
2022062900100363,2022년 6월 29일 16시,수요일,충청북도 진천군 진천읍,중상사고,0,1,0,0,차대차 - 측면충돌,중앙선침범,건조,맑음,단일로 - 지하차도(도로)내,승용,남,60세,상해없음,승용,여,65세,중상
2022062900100403,2022년 6월 29일 17시,수요일,충청북도 청주시 상당구 월오동,중상사고,0,2,0,0,차대차 - 측면충돌,신호위반,건조,맑음,교차로 - 교차로안,승용,남,67세,상해없음,승용,남,74세,중상
2022062900100480,2022년 6월 29일 19시,수요일,충청북도 제천시 교동,경상사고,0,0,1,0,차대차 - 정면충돌,안전운전불이행,젖음/습기,비,교차로 - 교차로안,화물,여,47세,상해없음,이륜,남,35세,경상
2022062900100512,2022년 6월 29일 20시,수요일,충청북도 제천시 명동,중상사고,0,1,2,0,차대사람 - 횡단중,안전운전불이행,젖음/습기,비,교차로 - 교차로횡단보도내,승용,남,70세,상해없음,보행자,남,68세,중상
2022062900100549,2022년 6월 29일 21시,수요일,충청북도 충주시 주덕읍,경상사고,0,0,1,0,차대차 - 추돌,안전운전불이행,젖음/습기,비,단일로 - 기타,승용,남,47세,상해없음,화물,남,34세,경상
2022062900100550,2022년 6월 29일 21시,수요일,충청북도 음성군 대소면,경상사고,0,0,1,0,차대차 - 측면충돌,신호위반,젖음/습기,비,교차로 - 교차로안,승용,남,20세,상해없음,화물,남,42세,경상
2022063000100011,2022년 6월 30일 00시,목요일,충청북도 청주시 서원구 사창동,경상사고,0,0,1,0,차대사람 - 기타,안전운전불이행,젖음/습기,비,교차로 - 교차로안,승용,남,25세,상해없음,보행자,남,23세,경상
2022063000100012,2022년 6월 30일 00시,목요일,충청북도 청주시 흥덕구 복대동,경상사고,0,0,1,0,차대차 - 측면충돌,신호위반,젖음/습기,비,교차로 - 교차로안,승용,남,22세,상해없음,승용,남,43세,경상
2022063000100013,2022년 6월 30일 00시,목요일,충청북도 청주시 서원구 개신동,경상사고,0,0,1,0,차대차 - 후진중충돌,안전운전불이행,건조,맑음,단일로 - 기타,승용,남,58세,상해없음,화물,남,31세,경상
2022063000100014,2022년 6월 30일 00시,목요일,충청북도 제천시 봉양읍,사망사고,1,0,0,0,차량단독 - 공작물충돌,안전운전불이행,젖음/습기,비,단일로 - 기타,특수,남,52세,사망,,,,
2022063000100035,2022년 6월 30일 01시,목요일,충청북도 청주시 서원구 사창동,경상사고,0,0,1,0,차대차 - 추돌,안전운전불이행,젖음/습기,비,교차로 - 교차로부근,승용,남,23세,상해없음,승용,여,27세,경상
2022063000100052,2022년 6월 30일 03시,목요일,충청북도 괴산군 장연면,경상사고,0,0,1,0,차대차 - 추돌,안전운전불이행,젖음/습기,비,단일로 - 기타,승용,남,27세,상해없음,승용,여,48세,경상
2022063000100096,2022년 6월 30일 07시,목요일,충청북도 청주시 서원구 개신동,부상신고사고,0,0,0,1,차대차 - 추돌,안전운전불이행,젖음/습기,비,단일로 - 기타,승용,남,61세,상해없음,승용,여,33세,부상신고
2022063000100164,2022년 6월 30일 09시,목요일,충청북도 청주시 청원구 북이면,중상사고,0,1,0,0,차대차 - 기타,신호위반,건조,맑음,교차로 - 교차로안,화물,남,65세,상해없음,승합,남,62세,중상
2022063000100165,2022년 6월 30일 09시,목요일,충청북도 보은군 보은읍,경상사고,0,0,1,0,차대차 - 추돌,기타,건조,맑음,단일로 - 기타,승용,남,58세,상해없음,승용,남,53세,경상
2022063000100185,2022년 6월 30일 10시,목요일,충청북도 청주시 흥덕구 향정동,경상사고,0,0,3,0,차대차 - 추돌,안전운전불이행,건조,흐림,단일로 - 기타,화물,남,38세,경상,이륜,남,30세,경상
2022063000100229,2022년 6월 30일 12시,목요일,충청북도 청주시 청원구 오창읍,경상사고,0,0,2,0,차대차 - 추돌,안전운전불이행,젖음/습기,비,단일로 - 기타,승용,남,37세,경상,승용,남,36세,경상
2022063000100230,2022년 6월 30일 12시,목요일,충청북도 충주시 연수동,중상사고,0,1,0,0,차대차 - 기타,신호위반,젖음/습기,흐림,교차로 - 교차로안,승용,여,24세,상해없음,이륜,남,42세,중상
2022063000100283,2022년 6월 30일 14시,목요일,충청북도 충주시 연수동,경상사고,0,0,4,0,차대차 - 측면충돌,안전거리미확보,젖음/습기,비,교차로 - 교차로부근,승용,여,55세,경상,승용,여,63세,경상
2022063000100310,2022년 6월 30일 15시,목요일,충청북도 청주시 서원구 사창동,경상사고,0,0,1,0,차대차 - 추돌,안전운전불이행,젖음/습기,비,교차로 - 교차로부근,승합,남,56세,상해없음,승용,여,45세,경상
2022063000100311,2022년 6월 30일 15시,목요일,충청북도 제천시 화산동,경상사고,0,0,1,0,차대차 - 기타,안전운전불이행,건조,맑음,기타 - 기타,승용,남,64세,상해없음,승용,남,65세,상해없음
2022063000100312,2022년 6월 30일 15시,목요일,충청북도 음성군 대소면,경상사고,0,0,1,0,차대차 - 측면충돌,신호위반,젖음/습기,비,교차로 - 교차로안,승용,여,24세,상해없음,승용,여,65세,경상
2022063000100352,2022년 6월 30일 16시,목요일,충청북도 제천시 청전동,경상사고,0,0,2,0,차대차 - 측면충돌,안전거리미확보,건조,맑음,단일로 - 기타,승용,여,62세,상해없음,승용,남,56세,경상
2022063000100388,2022년 6월 30일 17시,목요일,충청북도 충주시 동량면,중상사고,0,1,0,0,차대차 - 정면충돌,교차로운행방법위반,건조,흐림,단일로 - 기타,승용,남,60세,상해없음,이륜,남,79세,중상
2022063000100389,2022년 6월 30일 17시,목요일,충청북도 진천군 광혜원면,중상사고,0,1,0,0,차대차 - 측면충돌,중앙선침범,건조,맑음,단일로 - 지하차도(도로)내,승용,남,28세,상해없음,이륜,남,19세,중상
2022063000100441,2022년 6월 30일 18시,목요일,충청북도 청주시 상당구 영운동,경상사고,0,0,4,0,차대차 - 측면충돌,안전운전불이행,건조,맑음,교차로 - 교차로안,승용,여,38세,경상,승용,여,57세,경상
2022063000100537,2022년 6월 30일 21시,목요일,충청북도 충주시 성남동,경상사고,0,0,1,0,차대차 - 측면충돌,교차로운행방법위반,건조,맑음,교차로 - 교차로안,승용,남,25세,상해없음,이륜,남,48세,경상
2022063000100538,2022년 6월 30일 21시,목요일,충청북도 청주시 흥덕구 가경동,중상사고,0,1,0,0,차대차 - 후진중충돌,기타,건조,맑음,단일로 - 기타,승용,남,61세,상해없음,승용,남,40세,중상
2022063000100539,2022년 6월 30일 21시,목요일,충청북도 청주시 상당구 용암동,부상신고사고,0,0,0,1,차대차 - 기타,교차로운행방법위반,건조,맑음,교차로 - 교차로안,승용,여,51세,상해없음,승용,남,31세,부상신고
2022070100100004,2022년 7월 1일 00시,금요일,충청북도 충주시 용산동,사망사고,1,0,0,0,차대사람 - 기타,안전운전불이행,건조,맑음,단일로 - 기타,승용,남,25세,상해없음,보행자,남,45세,사망
2022070100100005,2022년 7월 1일 00시,금요일,충청북도 제천시 중앙로2가,중상사고,0,1,1,0,차대사람 - 기타,안전운전불이행,건조,맑음,단일로 - 기타,이륜,남,18세,경상,보행자,남,26세,중상
2022070100100033,2022년 7월 1일 04시,금요일,충청북도 제천시 영천동,경상사고,0,0,1,0,차대차 - 측면충돌,안전운전불이행,건조,맑음,교차로 - 교차로안,승용,남,48세,상해없음,승용,남,69세,경상
2022070100100034,2022년 7월 1일 04시,금요일,충청북도 영동군 황간면,사망사고,1,2,2,0,차대차 - 측면충돌,안전운전불이행,건조,맑음,단일로 - 기타,승용,남,51세,사망,승용,남,46세,경상
2022070100100046,2022년 7월 1일 06시,금요일,충청북도 청주시 흥덕구 가경동,경상사고,0,0,1,0,차대차 - 기타,신호위반,건조,맑음,단일로 - 기타,승용,남,66세,상해없음,이륜,남,50세,경상
2022070100100068,2022년 7월 1일 07시,금요일,충청북도 청주시 청원구 주성동,경상사고,0,0,2,0,차대차 - 추돌,안전운전불이행,건조,맑음,단일로 - 기타,화물,남,43세,상해없음,승용,여,30세,경상
2022070100100069,2022년 7월 1일 07시,금요일,충청북도 진천군 진천읍,경상사고,0,0,1,0,차대차 - 측면충돌,신호위반,건조,맑음,교차로 - 교차로횡단보도내,승용,남,41세,상해없음,자전거,남,12세,경상
2022070100100100,2022년 7월 1일 08시,금요일,충청북도 진천군 진천읍,경상사고,0,0,1,0,차대사람 - 횡단중,안전운전불이행,건조,맑음,단일로 - 지하차도(도로)내,승합,여,77세,상해없음,보행자,남,5세,경상
2022070100100101,2022년 7월 1일 08시,금요일,충청북도 청주시 상당구 금천동,경상사고,0,0,3,0,차대차 - 측면충돌,차로위반,건조,맑음,교차로 - 교차로안,승용,남,41세,경상,승용,남,44세,경상
2022070100100242,2022년 7월 1일 12시,금요일,충청북도 청주시 청원구 오창읍,중상사고,0,1,0,0,차대차 - 기타,안전운전불이행,건조,맑음,교차로 - 교차로부근,이륜,남,54세,중상,승용,여,70세,상해없음
2022070100100243,2022년 7월 1일 12시,금요일,충청북도 제천시 강제동,중상사고,0,1,0,0,차대차 - 기타,불법유턴,건조,맑음,단일로 - 기타,승용,여,33세,상해없음,이륜,남,37세,중상
2022070100100244,2022년 7월 1일 12시,금요일,충청북도 청주시 상당구 영운동,경상사고,0,0,2,0,차대차 - 기타,직진우회전진행방해,건조,맑음,교차로 - 교차로안,승용,여,63세,경상,승용,남,52세,경상
2022070100100273,2022년 7월 1일 13시,금요일,충청북도 청주시 청원구 율량동,경상사고,0,0,2,0,차대차 - 기타,직진우회전진행방해,건조,맑음,교차로 - 교차로안,승용,여,51세,경상,승용,남,30세,경상
2022070100100274,2022년 7월 1일 13시,금요일,충청북도 음성군 대소면,중상사고,0,1,0,0,차량단독 - 전도전복 - 전도,기타,건조,맑음,교차로 - 교차로부근,개인형이동수단(PM),남,48세,중상,,,,
2022070100100275,2022년 7월 1일 13시,금요일,충청북도 청주시 흥덕구 가경동,경상사고,0,0,1,0,차대차 - 측면충돌,신호위반,건조,맑음,교차로 - 교차로안,승용,여,49세,상해없음,승용,여,55세,경상
2022070100100309,2022년 7월 1일 14시,금요일,충청북도 청주시 청원구 우암동,중상사고,0,1,0,0,차대사람 - 기타,안전운전불이행,건조,맑음,단일로 - 기타,개인형이동수단(PM),남,21세,상해없음,보행자,남,68세,중상
2022070100100310,2022년 7월 1일 14시,금요일,충청북도 충주시 봉방동,경상사고,0,0,1,0,차대차 - 후진중충돌,안전운전불이행,건조,맑음,교차로 - 교차로부근,승용,남,46세,상해없음,승용,남,30세,경상
2022070100100311,2022년 7월 1일 14시,금요일,충청북도 보은군 보은읍,경상사고,0,0,2,0,차대차 - 기타,중앙선침범,건조,맑음,단일로 - 기타,건설기계,남,60세,상해없음,승용,여,62세,경상
2022070100100350,2022년 7월 1일 15시,금요일,충청북도 제천시 장락동,경상사고,0,0,1,0,차대차 - 기타,안전운전불이행,건조,맑음,교차로 - 교차로안,자전거,남,9세,경상,화물,남,47세,상해없음
2022070100100351,2022년 7월 1일 15시,금요일,충청북도 제천시 중앙로1가,경상사고,0,0,1,0,차대차 - 측면충돌,안전운전불이행,건조,맑음,단일로 - 기타,승용,남,59세,상해없음,승용,여,41세,경상
2022070100100352,2022년 7월 1일 15시,금요일,충청북도 청주시 흥덕구 복대동,부상신고사고,0,0,0,1,차대차 - 측면충돌,안전운전불이행,건조,맑음,단일로 - 기타,승용,남,83세,상해없음,이륜,남,36세,부상신고
2022070100100457,2022년 7월 1일 17시,금요일,충청북도 제천시 청전동,중상사고,0,1,0,0,차대사람 - 횡단중,보행자보호의무위반,건조,맑음,교차로 - 교차로횡단보도내,승용,여,68세,상해없음,보행자,여,65세,중상
2022070100100458,2022년 7월 1일 17시,금요일,충청북도 진천군 광혜원면,경상사고,0,0,1,0,차대차 - 측면충돌,안전거리미확보,건조,맑음,단일로 - 지하차도(도로)내,화물,남,64세,상해없음,승용,남,57세,경상
2022070100100459,2022년 7월 1일 17시,금요일,충청북도 청주시 서원구 현도면,경상사고,0,0,1,0,차대차 - 측면충돌,중앙선침범,건조,맑음,교차로 - 교차로부근,승용,여,24세,상해없음,승용,여,33세,경상
2022070100100460,2022년 7월 1일 17시,금요일,충청북도 청주시 흥덕구 오송읍,중상사고,0,1,0,0,차대사람 - 횡단중,보행자보호의무위반,건조,맑음,교차로 - 교차로횡단보도내,승용,남,28세,상해없음,보행자,남,12세,중상
2022070100100461,2022년 7월 1일 17시,금요일,충청북도 청주시 흥덕구 강내면,부상신고사고,0,0,0,1,차대차 - 기타,안전운전불이행,건조,맑음,기타 - 기타,승용,여,27세,상해없음,자전거,남,35세,부상신고
2022070100100531,2022년 7월 1일 18시,금요일,충청북도 청주시 상당구 용암동,경상사고,0,0,1,0,차대차 - 측면충돌,안전운전불이행,건조,맑음,교차로 - 교차로부근,승용,여,64세,상해없음,승합,남,63세,경상
2022070100100574,2022년 7월 1일 19시,금요일,충청북도 충주시 대소원면,경상사고,0,0,1,0,차대차 - 측면충돌,안전운전불이행,건조,맑음,단일로 - 기타,승용,남,51세,상해없음,승용,남,59세,경상
2022070100100608,2022년 7월 1일 20시,금요일,충청북도 단양군 대강면,중상사고,0,1,0,0,차대차 - 기타,직진우회전진행방해,건조,맑음,교차로 - 교차로안,승용,여,62세,상해없음,승용,여,68세,중상
2022070100100609,2022년 7월 1일 20시,금요일,충청북도 청주시 서원구 남이면,중상사고,0,1,1,0,차대차 - 기타,안전운전불이행,건조,맑음,단일로 - 기타,승용,남,46세,상해없음,승용,남,70세,경상
2022070100100610,2022년 7월 1일 20시,금요일,충청북도 청주시 흥덕구 송정동,경상사고,0,0,1,1,차대차 - 기타,중앙선침범,건조,맑음,교차로 - 교차로부근,자전거,남,24세,부상신고,승용,여,60세,경상
2022070100100641,2022년 7월 1일 21시,금요일,충청북도 청주시 서원구 사직동,중상사고,0,1,0,0,차대차 - 측면충돌,안전운전불이행,건조,맑음,교차로 - 교차로부근,승용,남,68세,상해없음,이륜,남,25세,중상
2022070100100642,2022년 7월 1일 21시,금요일,충청북도 청주시 서원구 사직동,경상사고,0,0,1,1,차대차 - 기타,직진우회전진행방해,건조,흐림,교차로 - 교차로안,승용,남,48세,부상신고,승용,남,45세,경상
2022070100100643,2022년 7월 1일 21시,금요일,충청북도 청주시 흥덕구 복대동,부상신고사고,0,0,0,1,차대차 - 기타,안전운전불이행,건조,맑음,기타 - 기타,기타불명,기타불명,미분류,기타불명,자전거,남,56세,부상신고
2022070100100675,2022년 7월 1일 22시,금요일,충청북도 옥천군 군서면,경상사고,0,0,3,0,차대차 - 측면충돌,중앙선침범,건조,맑음,교차로 - 교차로부근,승용,남,39세,상해없음,승용,여,54세,경상
2022070100100676,2022년 7월 1일 22시,금요일,충청북도 청주시 흥덕구 봉명동,경상사고,0,0,2,0,차대차 - 추돌,안전운전불이행,건조,맑음,교차로 - 교차로부근,승용,남,29세,상해없음,승용,남,66세,경상
2022070100100697,2022년 7월 1일 23시,금요일,충청북도 괴산군 연풍면,중상사고,0,4,0,0,차대차 - 추돌,신호위반,건조,맑음,단일로 - 기타,화물,남,60세,상해없음,승용,여,57세,중상
2022070200100007,2022년 7월 2일 00시,토요일,충청북도 청주시 흥덕구 운천동,중상사고,0,1,0,0,차대차 - 측면충돌,안전운전불이행,건조,맑음,교차로 - 교차로부근,승용,남,27세,상해없음,개인형이동수단(PM),남,28세,중상
2022070200100049,2022년 7월 2일 03시,토요일,충청북도 청주시 서원구 수곡동,중상사고,0,1,1,0,차대차 - 추돌,안전운전불이행,건조,맑음,교차로 - 교차로부근,이륜,남,29세,중상,승용,여,28세,경상
2022070200100075,2022년 7월 2일 06시,토요일,충청북도 제천시 봉양읍,중상사고,0,1,1,0,차대사람 - 기타,안전운전불이행,건조,맑음,단일로 - 기타,승용,남,41세,상해없음,보행자,여,68세,중상
2022070200100076,2022년 7월 2일 06시,토요일,충청북도 진천군 이월면,중상사고,0,1,0,0,차대차 - 측면충돌,안전운전불이행,건조,맑음,교차로 - 교차로안,승용,남,47세,상해없음,자전거,남,87세,중상
2022070200100088,2022년 7월 2일 07시,토요일,충청북도 청주시 흥덕구 가경동,부상신고사고,0,0,0,1,차대차 - 추돌,안전운전불이행,건조,맑음,교차로 - 교차로부근,승용,남,40세,상해없음,승합,남,64세,부상신고
2022070200100100,2022년 7월 2일 08시,토요일,충청북도 음성군 감곡면,중상사고,0,1,1,0,차대차 - 측면충돌,안전운전불이행,건조,맑음,단일로 - 기타,승용,남,40세,경상,화물,남,62세,중상
2022070200100170,2022년 7월 2일 10시,토요일,충청북도 충주시 교현동,경상사고,0,0,1,0,차대차 - 측면충돌,안전운전불이행,건조,맑음,교차로 - 교차로안,승용,남,83세,상해없음,승용,남,58세,경상
2022070200100204,2022년 7월 2일 11시,토요일,충청북도 청주시 청원구 내수읍,중상사고,0,1,0,0,차대차 - 측면충돌,안전운전불이행,건조,맑음,단일로 - 기타,건설기계,남,46세,상해없음,자전거,여,77세,중상
2022070200100205,2022년 7월 2일 11시,토요일,충청북도 충주시 칠금동,경상사고,0,0,2,0,차대차 - 기타,안전거리미확보,건조,맑음,교차로 - 교차로부근,승용,남,73세,상해없음,승용,남,30세,경상
2022070200100283,2022년 7월 2일 13시,토요일,충청북도 충주시 앙성면,중상사고,0,1,5,0,차대차 - 측면충돌,중앙선침범,건조,맑음,단일로 - 기타,승용,남,21세,경상,승용,남,47세,중상
2022070200100317,2022년 7월 2일 14시,토요일,충청북도 진천군 진천읍,경상사고,0,0,3,0,차대차 - 추돌,안전거리미확보,건조,맑음,단일로 - 지하차도(도로)내,승용,남,25세,상해없음,화물,남,44세,상해없음
2022070200100347,2022년 7월 2일 15시,토요일,충청북도 옥천군 옥천읍,중상사고,0,1,0,0,차대사람 - 기타,안전운전불이행,건조,맑음,단일로 - 기타,화물,남,20세,상해없음,보행자,남,35세,중상
2022070200100348,2022년 7월 2일 15시,토요일,충청북도 진천군 진천읍,중상사고,0,1,0,0,차대사람 - 횡단중,보행자보호의무위반,건조,맑음,교차로 - 교차로안,화물,남,60세,상해없음,보행자,여,63세,중상
2022070200100349,2022년 7월 2일 15시,토요일,충청북도 청주시 서원구 산남동,경상사고,0,0,2,0,차대차 - 기타,안전운전불이행,건조,맑음,교차로 - 교차로부근,승용,남,23세,상해없음,승합,남,60세,경상
2022070200100380,2022년 7월 2일 16시,토요일,충청북도 제천시 신동,경상사고,0,0,4,0,차대차 - 기타,차로위반,건조,맑음,교차로 - 교차로부근,승용,여,53세,상해없음,승용,남,30세,경상
2022070200100381,2022년 7월 2일 16시,토요일,충청북도 증평군 증평읍,중상사고,0,1,2,0,차대차 - 측면충돌,기타,건조,맑음,교차로 - 교차로안,승용,남,33세,상해없음,승용,남,21세,경상
2022070200100421,2022년 7월 2일 17시,토요일,충청북도 청주시 상당구 북문로2가,경상사고,0,0,1,0,차대차 - 기타,직진우회전진행방해,건조,맑음,교차로 - 교차로안,이륜,남,18세,기타불명,승용,여,58세,경상
2022070200100455,2022년 7월 2일 18시,토요일,충청북도 청주시 흥덕구 가경동,부상신고사고,0,0,0,1,차대차 - 측면충돌,중앙선침범,건조,맑음,교차로 - 교차로안,이륜,남,28세,부상신고,승용,여,69세,상해없음
2022070200100456,2022년 7월 2일 18시,토요일,충청북도 청주시 흥덕구 지동동,경상사고,0,0,1,0,차대차 - 정면충돌,신호위반,건조,맑음,교차로 - 교차로안,승용,남,48세,상해없음,승용,남,29세,경상
2022070200100495,2022년 7월 2일 19시,토요일,충청북도 음성군 삼성면,사망사고,1,4,0,0,차량단독 - 전도전복 - 전복,안전운전불이행,건조,맑음,단일로 - 기타,화물,남,62세,중상,,,,
2022070200100519,2022년 7월 2일 20시,토요일,충청북도 옥천군 군북면,경상사고,0,0,1,0,차량단독 - 도로외이탈 - 기타,안전운전불이행,기타,흐림,기타 - 기타,승합,남,59세,경상,,,,
2022070200100552,2022년 7월 2일 21시,토요일,충청북도 증평군 증평읍,중상사고,0,1,0,0,차대사람 - 차도통행중,안전운전불이행,건조,맑음,교차로 - 교차로부근,승용,남,62세,상해없음,보행자,남,42세,중상
2022070200100553,2022년 7월 2일 21시,토요일,충청북도 진천군 진천읍,중상사고,0,1,1,0,차대차 - 측면충돌,신호위반,건조,맑음,교차로 - 교차로안,이륜,여,29세,중상,승용,여,41세,경상
2022070300100014,2022년 7월 3일 01시,일요일,충청북도 청주시 상당구 용정동,경상사고,0,0,4,0,차대차 - 추돌,안전운전불이행,건조,맑음,교차로 - 교차로부근,승용,남,34세,상해없음,승용,남,19세,경상
2022070300100059,2022년 7월 3일 05시,일요일,충청북도 음성군 맹동면,중상사고,0,1,0,0,차량단독 - 기타,안전운전불이행,건조,맑음,기타 - 기타,승용,남,55세,중상,,,,
2022070300100078,2022년 7월 3일 07시,일요일,충청북도 청주시 서원구 남이면,경상사고,0,0,5,1,차대차 - 기타,안전운전불이행,건조,맑음,교차로 - 교차로부근,화물,남,59세,상해없음,승용,남,62세,경상
2022070300100087,2022년 7월 3일 08시,일요일,충청북도 청주시 상당구 가덕면,중상사고,0,1,1,0,차대차 - 후진중충돌,중앙선침범,건조,맑음,단일로 - 기타,승용,여,59세,상해없음,화물,남,66세,경상
2022070300100104,2022년 7월 3일 09시,일요일,충청북도 음성군 금왕읍,경상사고,0,0,2,0,차대차 - 측면충돌,교차로운행방법위반,건조,맑음,교차로 - 교차로안,승용,남,74세,경상,승용,남,48세,경상
2022070300100172,2022년 7월 3일 12시,일요일,충청북도 청주시 서원구 현도면,경상사고,0,0,2,0,차대차 - 측면충돌,안전운전불이행,건조,맑음,주차장 - 주차장,승용,남,59세,상해없음,승용,여,26세,경상
2022070300100198,2022년 7월 3일 13시,일요일,충청북도 청주시 흥덕구 봉명동,경상사고,0,0,1,0,차대차 - 측면충돌,안전운전불이행,건조,맑음,교차로 - 교차로부근,승용,남,62세,경상,승용,남,26세,상해없음
2022070300100232,2022년 7월 3일 14시,일요일,충청북도 청주시 청원구 율량동,경상사고,0,0,1,0,차대사람 - 기타,안전운전불이행,건조,맑음,기타 - 기타,개인형이동수단(PM),여,18세,상해없음,보행자,여,59세,경상
2022070300100233,2022년 7월 3일 14시,일요일,충청북도 단양군 가곡면,중상사고,0,1,0,0,차대차 - 추돌,안전운전불이행,건조,맑음,기타 - 기타,화물,남,52세,상해없음,승용,남,80세,중상
2022070300100268,2022년 7월 3일 15시,일요일,충청북도 음성군 대소면,중상사고,0,1,0,0,차대차 - 측면충돌,교차로운행방법위반,건조,맑음,교차로 - 교차로안,자전거,여,66세,중상,승용,남,54세,상해없음
2022070300100269,2022년 7월 3일 15시,일요일,충청북도 음성군 대소면,중상사고,0,1,1,0,차대차 - 기타,기타,건조,맑음,교차로 - 교차로부근,승용,남,37세,상해없음,승용,남,36세,경상
2022070300100270,2022년 7월 3일 15시,일요일,충청북도 청주시 흥덕구 봉명동,중상사고,0,1,0,0,차대차 - 측면충돌,차로위반,건조,맑음,단일로 - 기타,승용,남,52세,상해없음,이륜,남,26세,중상
2022070300100321,2022년 7월 3일 17시,일요일,충청북도 청주시 서원구 남이면,경상사고,0,0,11,0,차대차 - 기타,안전운전불이행,건조,맑음,교차로 - 교차로부근,승용,여,26세,경상,승용,남,61세,경상
2022070300100322,2022년 7월 3일 17시,일요일,충청북도 청주시 서원구 모충동,부상신고사고,0,0,0,1,차량단독 - 전도전복 - 전도,안전운전불이행,기타,맑음,단일로 - 지하차도(도로)내,이륜,남,24세,부상신고,,,,
2022070300100349,2022년 7월 3일 18시,일요일,충청북도 제천시 하소동,경상사고,0,0,2,0,차대차 - 측면충돌,안전거리미확보,건조,맑음,교차로 - 교차로안,승합,여,60세,상해없음,승용,남,21세,경상
2022070300100350,2022년 7월 3일 18시,일요일,충청북도 청주시 흥덕구 운천동,경상사고,0,0,4,0,차대차 - 측면충돌,안전운전불이행,건조,맑음,교차로 - 교차로안,승합,남,56세,상해없음,승용,남,28세,경상