사고번호,사고일시,요일,시군구,사고내용,사망자수,중상자수,경상자수,부상신고자수,사고유형,법규위반,노면상태,기상상태,도로형태,가해운전자 차종,가해운전자 성별,가해운전자 연령,가해운전자 상해정도,피해운전자 차종,피해운전자 성별,피해운전자 연령,피해운전자 상해정도
2022070300100377,2022년 7월 3일 19시,일요일,충청북도 제천시 명동,경상사고,0,0,1,0,차대차 - 기타,안전운전불이행,건조,맑음,교차로 - 교차로횡단보도내,이륜,남,18세,상해없음,자전거,남,29세,경상
2022070300100399,2022년 7월 3일 20시,일요일,충청북도 진천군 광혜원면,경상사고,0,0,1,0,차대차 - 측면충돌,신호위반,건조,흐림,교차로 - 교차로안,승용,남,30세,상해없음,승용,남,38세,경상
2022070300100400,2022년 7월 3일 20시,일요일,충청북도 청주시 상당구 석교동,중상사고,0,1,0,0,차대차 - 측면충돌,신호위반,젖음/습기,흐림,교차로 - 교차로횡단보도내,이륜,남,16세,상해없음,자전거,남,71세,중상
2022070300100401,2022년 7월 3일 20시,일요일,충청북도 충주시 대소원면,경상사고,0,0,4,0,차대차 - 추돌,안전운전불이행,건조,맑음,단일로 - 기타,승용,여,53세,상해없음,승용,남,26세,경상
2022070300100457,2022년 7월 3일 22시,일요일,충청북도 청주시 흥덕구 운천동,경상사고,0,0,2,0,차대차 - 측면충돌,차로위반,건조,맑음,단일로 - 기타,승용,남,67세,상해없음,승용,남,52세,경상
2022070400100012,2022년 7월 4일 02시,월요일,충청북도 진천군 초평면,중상사고,0,1,1,0,차대차 - 추돌,안전운전불이행,건조,맑음,교차로 - 교차로부근,승용,남,30세,상해없음,승용,여,22세,중상
2022070400100019,2022년 7월 4일 03시,월요일,충청북도 청주시 청원구 오창읍,중상사고,0,1,0,0,차대차 - 측면충돌,신호위반,건조,맑음,교차로 - 교차로안,승용,여,23세,상해없음,승용,남,53세,중상
2022070400100092,2022년 7월 4일 08시,월요일,충청북도 청주시 서원구 사창동,경상사고,0,0,1,0,차대사람 - 기타,신호위반,건조,맑음,단일로 - 기타,승용,남,30세,기타불명,보행자,남,63세,경상
2022070400100093,2022년 7월 4일 08시,월요일,충청북도 진천군 초평면,경상사고,0,0,1,0,차대차 - 측면충돌,직진우회전진행방해,건조,맑음,교차로 - 교차로안,화물,남,75세,상해없음,승용,여,43세,경상
2022070400100166,2022년 7월 4일 10시,월요일,충청북도 옥천군 옥천읍,중상사고,0,1,0,0,차대차 - 측면충돌,안전운전불이행,건조,맑음,단일로 - 기타,원동기,여,75세,상해없음,이륜,여,57세,중상
2022070400100201,2022년 7월 4일 11시,월요일,충청북도 청주시 흥덕구 서촌동,중상사고,0,2,0,0,차대차 - 측면충돌,신호위반,건조,맑음,교차로 - 교차로안,화물,남,68세,상해없음,승용,남,69세,중상
2022070400100202,2022년 7월 4일 11시,월요일,충청북도 청주시 흥덕구 송절동,경상사고,0,0,1,0,차대차 - 측면충돌,안전운전불이행,건조,맑음,단일로 - 기타,건설기계,남,45세,상해없음,특수,남,42세,경상
2022070400100267,2022년 7월 4일 13시,월요일,충청북도 보은군 보은읍,경상사고,0,0,1,0,차대차 - 측면충돌,차로위반,건조,맑음,단일로 - 기타,승용,남,62세,상해없음,승용,여,62세,경상
2022070400100268,2022년 7월 4일 13시,월요일,충청북도 청주시 흥덕구 복대동,경상사고,0,0,1,0,차대차 - 측면충돌,안전운전불이행,건조,맑음,교차로 - 교차로횡단보도내,화물,남,53세,상해없음,자전거,남,9세,경상
2022070400100269,2022년 7월 4일 13시,월요일,충청북도 청주시 흥덕구 복대동,경상사고,0,0,1,0,차대차 - 추돌,안전운전불이행,건조,맑음,기타 - 기타,승용,여,32세,상해없음,이륜,남,43세,경상
2022070400100303,2022년 7월 4일 14시,월요일,충청북도 청주시 흥덕구 봉명동,경상사고,0,0,2,1,차대차 - 추돌,안전운전불이행,건조,맑음,교차로 - 교차로안,승용,여,53세,부상신고,승용,여,27세,경상
2022070400100332,2022년 7월 4일 15시,월요일,충청북도 청주시 흥덕구 복대동,중상사고,0,1,0,0,차대차 - 측면충돌,신호위반,건조,맑음,교차로 - 교차로안,승용,남,30세,상해없음,이륜,남,59세,중상
2022070400100409,2022년 7월 4일 17시,월요일,충청북도 제천시 의림동,부상신고사고,0,0,0,1,차대차 - 정면충돌,직진우회전진행방해,건조,흐림,교차로 - 교차로안,자전거,남,35세,부상신고,승용,남,75세,상해없음
2022070400100410,2022년 7월 4일 17시,월요일,충청북도 영동군 양강면,경상사고,0,0,1,0,차대차 - 추돌,안전운전불이행,건조,맑음,단일로 - 기타,승용,남,48세,상해없음,승용,여,61세,경상
2022070400100411,2022년 7월 4일 17시,월요일,충청북도 청주시 흥덕구 강서동,경상사고,0,0,1,0,차대차 - 측면충돌,직진우회전진행방해,건조,맑음,교차로 - 교차로안,화물,남,32세,상해없음,승용,남,39세,경상
2022070400100412,2022년 7월 4일 17시,월요일,충청북도 청주시 서원구 미평동,경상사고,0,0,1,0,차대차 - 기타,안전운전불이행,건조,맑음,단일로 - 기타,승용,여,35세,상해없음,승용,여,58세,경상
2022070400100413,2022년 7월 4일 17시,월요일,충청북도 청주시 상당구 대성동,경상사고,0,0,2,0,차대차 - 기타,교차로운행방법위반,건조,맑음,교차로 - 교차로안,승용,여,33세,상해없음,원동기,남,17세,경상
2022070400100500,2022년 7월 4일 19시,월요일,충청북도 청주시 흥덕구 복대동,경상사고,0,0,1,0,차대차 - 후진중충돌,안전운전불이행,건조,흐림,단일로 - 기타,승용,남,61세,상해없음,이륜,남,37세,경상
2022070400100548,2022년 7월 4일 21시,월요일,충청북도 음성군 금왕읍,경상사고,0,0,1,0,차대차 - 측면충돌,차로위반,건조,맑음,단일로 - 기타,승용,여,57세,상해없음,승용,여,48세,경상
2022070400100570,2022년 7월 4일 22시,월요일,충청북도 제천시 장락동,중상사고,0,1,0,0,차대사람 - 횡단중,안전운전불이행,건조,흐림,교차로 - 교차로안,승용,여,64세,상해없음,보행자,여,56세,중상
2022070400100571,2022년 7월 4일 22시,월요일,충청북도 진천군 진천읍,중상사고,0,1,3,0,차대차 - 측면충돌,안전운전불이행,젖음/습기,비,교차로 - 교차로안,승용,남,35세,기타불명,승용,남,33세,중상
2022070500100018,2022년 7월 5일 03시,화요일,충청북도 보은군 회인면,경상사고,0,0,1,0,차대차 - 추돌,안전운전불이행,건조,맑음,단일로 - 기타,화물,남,43세,상해없음,화물,남,26세,경상
2022070500100024,2022년 7월 5일 04시,화요일,충청북도 청주시 청원구 율량동,경상사고,0,0,1,0,차량단독 - 기타,안전운전불이행,건조,맑음,기타 - 기타,승용,남,37세,경상,,,,
2022070500100033,2022년 7월 5일 05시,화요일,충청북도 제천시 봉양읍,경상사고,0,0,1,0,차대차 - 추돌,안전운전불이행,건조,맑음,단일로 - 기타,승용,남,46세,상해없음,승용,남,58세,경상
2022070500100045,2022년 7월 5일 06시,화요일,충청북도 청주시 상당구 용암동,중상사고,0,1,0,0,차대사람 - 횡단중,보행자보호의무위반,건조,맑음,교차로 - 교차로횡단보도내,승용,남,49세,상해없음,보행자,남,65세,중상
2022070500100046,2022년 7월 5일 06시,화요일,충청북도 청주시 상당구 가덕면,중상사고,0,1,0,0,차대차 - 측면충돌,직진우회전진행방해,건조,맑음,교차로 - 교차로안,승용,남,69세,상해없음,자전거,여,48세,중상
2022070500100095,2022년 7월 5일 08시,화요일,충청북도 충주시 대소원면,중상사고,0,1,0,0,차량단독 - 도로외이탈 - 기타,안전운전불이행,건조,맑음,교차로 - 교차로안,건설기계,남,56세,중상,,,,
2022070500100096,2022년 7월 5일 08시,화요일,충청북도 충주시 대소원면,중상사고,0,1,0,0,차대차 - 정면충돌,신호위반,건조,맑음,교차로 - 교차로부근,특수,남,29세,상해없음,승용,남,65세,중상
2022070500100097,2022년 7월 5일 08시,화요일,충청북도 충주시 봉방동,중상사고,0,1,0,0,차대사람 - 기타,안전운전불이행,건조,맑음,단일로 - 기타,화물,남,77세,상해없음,보행자,여,51세,중상
2022070500100098,2022년 7월 5일 08시,화요일,충청북도 충주시 대소원면,중상사고,0,1,0,0,차대차 - 측면충돌,신호위반,건조,맑음,교차로 - 교차로부근,특수,남,29세,상해없음,승용,남,65세,중상
2022070500100141,2022년 7월 5일 09시,화요일,충청북도 제천시 장락동,경상사고,0,0,2,0,차대차 - 측면충돌,교차로운행방법위반,건조,맑음,교차로 - 교차로안,승용,남,65세,상해없음,승용,여,60세,경상
2022070500100166,2022년 7월 5일 10시,화요일,충청북도 음성군 삼성면,중상사고,0,1,1,0,차대차 - 측면충돌,신호위반,건조,맑음,교차로 - 교차로안,화물,남,59세,경상,승용,남,53세,중상
2022070500100262,2022년 7월 5일 13시,화요일,충청북도 청주시 상당구 문화동,경상사고,0,0,1,0,차대차 - 측면충돌,안전운전불이행,건조,맑음,단일로 - 기타,승용,남,83세,상해없음,승용,여,45세,경상
2022070500100415,2022년 7월 5일 17시,화요일,충청북도 청주시 서원구 모충동,경상사고,0,0,1,0,차대차 - 기타,교차로운행방법위반,건조,맑음,교차로 - 교차로부근,승용,남,53세,상해없음,승용,여,38세,경상
2022070500100416,2022년 7월 5일 17시,화요일,충청북도 제천시 의림동,경상사고,0,0,2,0,차대차 - 측면충돌,직진우회전진행방해,건조,맑음,교차로 - 교차로안,승용,여,26세,경상,승용,여,18세,경상
2022070500100456,2022년 7월 5일 18시,화요일,충청북도 충주시 호암동,중상사고,0,1,0,0,차대차 - 측면충돌,직진우회전진행방해,건조,맑음,교차로 - 교차로안,승용,여,38세,상해없음,이륜,여,58세,중상
2022070500100457,2022년 7월 5일 18시,화요일,충청북도 단양군 단양읍,중상사고,0,1,0,0,차대차 - 측면충돌,기타,건조,맑음,기타 - 기타,승용,남,50세,상해없음,원동기,남,21세,중상
2022070500100458,2022년 7월 5일 18시,화요일,충청북도 청주시 서원구 수곡동,경상사고,0,0,1,0,차대차 - 측면충돌,교차로운행방법위반,건조,맑음,교차로 - 교차로부근,승용,여,52세,기타불명,이륜,남,26세,경상
2022070500100497,2022년 7월 5일 19시,화요일,충청북도 청주시 흥덕구 가경동,중상사고,0,1,0,0,차대차 - 측면충돌,안전운전불이행,건조,맑음,교차로 - 교차로안,승용,남,55세,상해없음,이륜,남,37세,중상
2022070600100021,2022년 7월 6일 03시,수요일,충청북도 충주시 연수동,경상사고,0,0,1,0,차대사람 - 길가장자리구역통행중,보행자보호의무위반,건조,흐림,단일로 - 지하차도(도로)내,기타불명,기타불명,미분류,기타불명,보행자,남,26세,경상
2022070600100065,2022년 7월 6일 07시,수요일,충청북도 영동군 양산면,사망사고,1,0,0,0,차대차 - 측면충돌,안전운전불이행,건조,맑음,단일로 - 기타,농기계,남,81세,상해없음,이륜,남,67세,사망
2022070600100066,2022년 7월 6일 07시,수요일,충청북도 진천군 덕산읍,경상사고,0,0,1,0,차대차 - 측면충돌,안전운전불이행,건조,맑음,단일로 - 지하차도(도로)내,화물,남,41세,상해없음,승용,남,47세,경상
2022070600100095,2022년 7월 6일 08시,수요일,충청북도 음성군 대소면,중상사고,0,1,1,0,차대사람 - 횡단중,신호위반,건조,맑음,교차로 - 교차로안,이륜,남,45세,경상,보행자,여,20세,중상
2022070600100097,2022년 7월 6일 08시,수요일,충청북도 청주시 서원구 모충동,경상사고,0,0,1,0,차대차 - 측면충돌,안전운전불이행,건조,맑음,교차로 - 교차로안,승합,남,57세,상해없음,승용,남,44세,경상
2022070600100167,2022년 7월 6일 10시,수요일,충청북도 충주시 용두동,중상사고,0,2,1,0,차대차 - 추돌,안전거리미확보,건조,맑음,단일로 - 기타,화물,남,54세,중상,화물,남,65세,경상
2022070600100193,2022년 7월 6일 11시,수요일,충청북도 충주시 대소원면,경상사고,0,0,1,0,차량단독 - 기타,안전운전불이행,건조,맑음,단일로 - 기타,승용,남,31세,경상,,,,
2022070600100218,2022년 7월 6일 12시,수요일,충청북도 충주시 교현동,중상사고,0,1,1,0,차대차 - 측면충돌,직진우회전진행방해,건조,맑음,교차로 - 교차로안,이륜,남,54세,중상,승용,남,57세,경상
2022070600100219,2022년 7월 6일 12시,수요일,충청북도 괴산군 청안면,경상사고,0,0,1,0,차대차 - 측면충돌,안전운전불이행,건조,맑음,단일로 - 기타,승합,남,52세,상해없음,승용,남,48세,경상
2022070600100316,2022년 7월 6일 15시,수요일,충청북도 제천시 봉양읍,사망사고,1,0,0,0,차량단독 - 공작물충돌,안전운전불이행,건조,맑음,교차로 - 교차로부근,화물,남,69세,사망,,,,
2022070600100317,2022년 7월 6일 15시,수요일,충청북도 청주시 상당구 남주동,사망사고,1,0,0,0,차대차 - 측면충돌,안전운전불이행,건조,맑음,교차로 - 교차로안,화물,남,45세,상해없음,이륜,남,67세,사망
2022070600100351,2022년 7월 6일 16시,수요일,충청북도 진천군 진천읍,경상사고,0,0,1,0,차대사람 - 횡단중,안전운전불이행,건조,맑음,단일로 - 지하차도(도로)내,승용,여,45세,상해없음,보행자,여,69세,경상
2022070600100352,2022년 7월 6일 16시,수요일,충청북도 청주시 흥덕구 봉명동,중상사고,0,1,0,0,차대차 - 기타,차로위반,건조,맑음,단일로 - 기타,승용,여,38세,상해없음,이륜,남,27세,중상
2022070600100423,2022년 7월 6일 18시,수요일,충청북도 청주시 청원구 율량동,경상사고,0,0,1,0,차대사람 - 횡단중,보행자보호의무위반,건조,맑음,교차로 - 교차로부근,승용,여,35세,상해없음,보행자,남,59세,경상
2022070600100424,2022년 7월 6일 18시,수요일,충청북도 진천군 진천읍,중상사고,0,1,0,0,차대차 - 측면충돌,중앙선침범,건조,맑음,단일로 - 지하차도(도로)내,승용,여,47세,상해없음,승용,여,62세,중상
2022070600100465,2022년 7월 6일 19시,수요일,충청북도 충주시 교현동,경상사고,0,0,1,0,차대차 - 기타,안전운전불이행,건조,맑음,단일로 - 기타,이륜,남,30세,경상,승용,여,46세,상해없음
2022070600100530,2022년 7월 6일 21시,수요일,충청북도 청주시 흥덕구 봉명동,부상신고사고,0,0,0,1,차대사람 - 길가장자리구역통행중,안전운전불이행,건조,맑음,단일로 - 기타,승용,남,29세,상해없음,보행자,남,35세,부상신고
2022070600100572,2022년 7월 6일 22시,수요일,충청북도 청주시 청원구 사천동,경상사고,0,0,1,0,차대차 - 기타,교차로운행방법위반,건조,맑음,단일로 - 기타,승용,남,63세,상해없음,이륜,남,27세,경상
2022070600100588,2022년 7월 6일 23시,수요일,충청북도 청주시 서원구 개신동,경상사고,0,0,1,0,차대차 - 기타,안전운전불이행,건조,맑음,교차로 - 교차로안,승용,남,60세,상해없음,승용,남,25세,경상
2022070600100589,2022년 7월 6일 23시,수요일,충청북도 보은군 회인면,중상사고,0,1,0,0,차대차 - 추돌,안전운전불이행,건조,맑음,단일로 - 지하차도(도로)내,특수,남,48세,상해없음,화물,남,48세,중상
2022070700100116,2022년 7월 7일 08시,목요일,충청북도 음성군 금왕읍,경상사고,0,0,2,0,차대차 - 측면충돌,교차로운행방법위반,건조,맑음,교차로 - 교차로안,승용,여,28세,경상,특수,남,65세,경상
2022070700100117,2022년 7월 7일 08시,목요일,충청북도 청주시 흥덕구 강서동,경상사고,0,0,1,0,차대차 - 추돌,안전운전불이행,건조,맑음,교차로 - 교차로부근,승용,남,62세,상해없음,승용,남,26세,경상
2022070700100163,2022년 7월 7일 09시,목요일,충청북도 청주시 흥덕구 신봉동,경상사고,0,0,1,0,차대차 - 기타,안전운전불이행,건조,맑음,기타 - 기타,승용,남,26세,상해없음,자전거,남,66세,경상
2022070700100205,2022년 7월 7일 10시,목요일,충청북도 청주시 상당구 지북동,경상사고,0,0,1,0,차대차 - 추돌,안전거리미확보,건조,맑음,교차로 - 교차로부근,건설기계,남,60세,상해없음,화물,남,49세,경상
2022070700100232,2022년 7월 7일 11시,목요일,충청북도 충주시 문화동,경상사고,0,0,1,0,차대사람 - 횡단중,안전운전불이행,건조,맑음,교차로 - 교차로안,화물,남,62세,상해없음,보행자,남,82세,경상
2022070700100293,2022년 7월 7일 13시,목요일,충청북도 음성군 삼성면,중상사고,0,1,0,0,차대차 - 측면충돌,중앙선침범,건조,맑음,단일로 - 기타,승용,남,48세,상해없음,승용,여,61세,중상
2022070700100385,2022년 7월 7일 16시,목요일,충청북도 청주시 흥덕구 운천동,경상사고,0,0,1,0,차대차 - 측면충돌,안전거리미확보,건조,맑음,단일로 - 기타,승용,여,62세,상해없음,승용,여,39세,경상
2022070700100435,2022년 7월 7일 17시,목요일,충청북도 청주시 흥덕구 옥산면,경상사고,0,0,1,0,차대차 - 기타,중앙선침범,건조,맑음,교차로 - 교차로부근,승용,여,42세,상해없음,승용,여,51세,경상
2022070700100436,2022년 7월 7일 17시,목요일,충청북도 옥천군 군북면,경상사고,0,0,2,0,차대차 - 측면충돌,안전운전불이행,건조,맑음,단일로 - 기타,승용,남,75세,상해없음,승용,남,57세,경상
2022070700100468,2022년 7월 7일 18시,목요일,충청북도 청주시 상당구 영운동,중상사고,0,1,0,0,차대차 - 기타,안전운전불이행,젖음/습기,흐림,교차로 - 교차로안,승용,여,56세,상해없음,자전거,남,63세,중상
2022070700100469,2022년 7월 7일 18시,목요일,충청북도 청주시 서원구 산남동,부상신고사고,0,0,0,1,차대차 - 기타,안전운전불이행,젖음/습기,흐림,교차로 - 교차로부근,자전거,남,12세,부상신고,승용,여,44세,상해없음
2022070700100511,2022년 7월 7일 19시,목요일,충청북도 청주시 흥덕구 송정동,경상사고,0,0,1,0,차대차 - 기타,신호위반,건조,맑음,교차로 - 교차로안,승용,남,49세,상해없음,승용,남,56세,경상
2022070700100544,2022년 7월 7일 20시,목요일,충청북도 제천시 장락동,경상사고,0,0,3,0,차대차 - 후진중충돌,안전운전불이행,건조,흐림,단일로 - 기타,승용,남,36세,상해없음,승용,남,61세,경상
2022070700100545,2022년 7월 7일 20시,목요일,충청북도 청주시 흥덕구 봉명동,중상사고,0,1,0,0,차대차 - 측면충돌,신호위반,건조,맑음,교차로 - 교차로안,승용,남,68세,기타불명,이륜,남,40세,중상
2022070800100009,2022년 7월 8일 00시,금요일,충청북도 충주시 연수동,경상사고,0,0,2,0,차대차 - 추돌,안전운전불이행,젖음/습기,비,단일로 - 기타,승용,남,26세,상해없음,승용,여,24세,경상
2022070800100062,2022년 7월 8일 07시,금요일,충청북도 충주시 교현동,경상사고,0,0,1,0,차대차 - 측면충돌,안전거리미확보,젖음/습기,흐림,단일로 - 기타,화물,남,56세,상해없음,승용,남,45세,경상
2022070800100063,2022년 7월 8일 07시,금요일,충청북도 청주시 흥덕구 봉명동,경상사고,0,0,1,0,차대차 - 기타,안전운전불이행,젖음/습기,비,교차로 - 교차로부근,승용,여,32세,상해없음,이륜,남,25세,경상
2022070800100064,2022년 7월 8일 07시,금요일,충청북도 청주시 서원구 분평동,부상신고사고,0,0,0,1,차량단독 - 기타,안전운전불이행,건조,맑음,기타 - 기타,자전거,여,44세,부상신고,,,,
2022070800100099,2022년 7월 8일 08시,금요일,충청북도 청주시 청원구 오창읍,중상사고,0,1,2,0,차대차 - 기타,안전운전불이행,건조,맑음,기타 - 기타,승합,남,69세,상해없음,화물,남,39세,경상
2022070800100100,2022년 7월 8일 08시,금요일,충청북도 청주시 흥덕구 신봉동,경상사고,0,0,1,0,차대차 - 측면충돌,안전거리미확보,건조,흐림,단일로 - 기타,화물,남,28세,상해없음,승용,여,33세,경상
2022070800100145,2022년 7월 8일 09시,금요일,충청북도 청주시 상당구 석교동,부상신고사고,0,0,0,1,차량단독 - 기타,안전운전불이행,건조,맑음,기타 - 기타,자전거,남,48세,부상신고,,,,
2022070800100199,2022년 7월 8일 11시,금요일,충청북도 청주시 상당구 용담동,부상신고사고,0,0,0,1,차대차 - 기타,안전운전불이행,건조,맑음,교차로 - 교차로부근,승용,여,35세,부상신고,승용,남,53세,상해없음
2022070800100235,2022년 7월 8일 12시,금요일,충청북도 청주시 흥덕구 신전동,경상사고,0,0,2,0,차대차 - 추돌,안전운전불이행,건조,흐림,단일로 - 기타,화물,남,61세,상해없음,승용,남,45세,경상
2022070800100236,2022년 7월 8일 12시,금요일,충청북도 청주시 상당구 서운동,중상사고,0,1,1,0,차량단독 - 기타,안전운전불이행,건조,맑음,교차로 - 교차로부근,승합,남,57세,상해없음,,,,
2022070800100268,2022년 7월 8일 13시,금요일,충청북도 청주시 흥덕구 복대동,경상사고,0,0,1,0,차대차 - 측면충돌,직진우회전진행방해,건조,맑음,교차로 - 교차로안,승용,여,63세,상해없음,개인형이동수단(PM),남,25세,경상
2022070800100269,2022년 7월 8일 13시,금요일,충청북도 청주시 흥덕구 복대동,중상사고,0,1,0,0,차대사람 - 횡단중,보행자보호의무위반,건조,맑음,교차로 - 교차로횡단보도내,승용,여,27세,상해없음,보행자,남,18세,중상
2022070800100337,2022년 7월 8일 15시,금요일,충청북도 증평군 증평읍,경상사고,0,0,1,0,차대차 - 기타,안전거리미확보,건조,맑음,단일로 - 기타,승용,남,25세,경상,화물,남,65세,상해없음
2022070800100367,2022년 7월 8일 16시,금요일,충청북도 청주시 서원구 개신동,경상사고,0,0,1,0,차대사람 - 기타,안전운전불이행,건조,맑음,기타 - 기타,개인형이동수단(PM),남,14세,상해없음,보행자,여,67세,경상
2022070800100368,2022년 7월 8일 16시,금요일,충청북도 청주시 상당구 용암동,경상사고,0,0,1,0,차대차 - 기타,안전운전불이행,건조,맑음,단일로 - 기타,승용,여,35세,상해없음,자전거,남,11세,경상
2022070800100413,2022년 7월 8일 17시,금요일,충청북도 청주시 청원구 오창읍,경상사고,0,0,1,0,차대차 - 기타,기타,건조,맑음,기타 - 기타,승용,여,46세,상해없음,승용,여,34세,경상
2022070800100414,2022년 7월 8일 17시,금요일,충청북도 제천시 장락동,경상사고,0,0,1,0,차대사람 - 횡단중,보행자보호의무위반,건조,흐림,교차로 - 교차로횡단보도내,승용,남,27세,상해없음,보행자,여,38세,경상
2022070800100415,2022년 7월 8일 17시,금요일,충청북도 청주시 흥덕구 송절동,경상사고,0,0,2,0,차대차 - 측면충돌,교차로운행방법위반,건조,맑음,교차로 - 교차로안,승용,남,30세,경상,승용,남,61세,경상
2022070800100416,2022년 7월 8일 17시,금요일,충청북도 청주시 서원구 성화동,경상사고,0,0,1,0,차대차 - 측면충돌,신호위반,건조,맑음,교차로 - 교차로안,승용,남,23세,상해없음,승용,여,61세,경상
2022070800100466,2022년 7월 8일 18시,금요일,충청북도 청주시 흥덕구 가경동,경상사고,0,0,1,0,차대차 - 측면충돌,안전운전불이행,건조,맑음,기타 - 기타,승용,여,36세,기타불명,승용,남,61세,경상
2022070800100507,2022년 7월 8일 19시,금요일,충청북도 청주시 서원구 사창동,경상사고,0,0,3,0,차대차 - 기타,안전거리미확보,건조,맑음,단일로 - 기타,승용,여,30세,상해없음,승합,남,61세,상해없음
2022070800100508,2022년 7월 8일 19시,금요일,충청북도 청주시 상당구 탑동,중상사고,0,1,0,0,차대사람 - 횡단중,안전운전불이행,건조,맑음,단일로 - 지하차도(도로)내,화물,남,63세,상해없음,보행자,여,78세,중상
2022070800100621,2022년 7월 8일 23시,금요일,충청북도 증평군 증평읍,경상사고,0,0,1,0,차대차 - 측면충돌,신호위반,건조,맑음,교차로 - 교차로안,승용,남,55세,상해없음,승용,남,39세,경상
2022070900100027,2022년 7월 9일 01시,토요일,충청북도 진천군 덕산읍,경상사고,0,0,1,0,차대차 - 측면충돌,안전운전불이행,건조,맑음,단일로 - 기타,승용,남,30세,상해없음,승용,여,22세,경상
2022070900100038,2022년 7월 9일 02시,토요일,충청북도 충주시 연수동,경상사고,0,0,1,0,차대사람 - 길가장자리구역통행중,불법유턴,건조,맑음,단일로 - 기타,승용,남,52세,상해없음,보행자,남,49세,경상
2022070900100048,2022년 7월 9일 03시,토요일,충청북도 음성군 맹동면,경상사고,0,0,1,0,차대차 - 추돌,신호위반,건조,맑음,교차로 - 교차로안,승용,남,43세,상해없음,승용,남,57세,경상
2022070900100099,2022년 7월 9일 08시,토요일,충청북도 충주시 중앙탑면,사망사고,1,0,1,0,차대차 - 정면충돌,중앙선침범,젖음/습기,비,단일로 - 지하차도(도로)내,승용,남,63세,사망,화물,남,62세,경상
2022070900100100,2022년 7월 9일 08시,토요일,충청북도 청주시 서원구 모충동,중상사고,0,1,1,0,차대차 - 측면충돌,직진우회전진행방해,건조,맑음,교차로 - 교차로안,승용,남,27세,경상,승용,여,67세,중상
2022070900100121,2022년 7월 9일 09시,토요일,충청북도 청주시 흥덕구 복대동,경상사고,0,0,1,0,차대차 - 측면충돌,안전거리미확보,건조,맑음,기타 - 기타,승용,여,64세,상해없음,승용,남,62세,경상
2022070900100151,2022년 7월 9일 10시,토요일,충청북도 청주시 서원구 현도면,중상사고,0,1,0,0,차량단독 - 공작물충돌,안전운전불이행,건조,맑음,단일로 - 기타,승용,남,47세,상해없음,,,,
2022070900100181,2022년 7월 9일 11시,토요일,충청북도 청주시 서원구 남이면,중상사고,0,1,1,0,차대차 - 기타,안전운전불이행,건조,맑음,기타 - 기타,승용,남,71세,상해없음,승용,여,61세,경상
2022070900100248,2022년 7월 9일 13시,토요일,충청북도 옥천군 옥천읍,부상신고사고,0,0,0,1,차대차 - 측면충돌,안전운전불이행,건조,맑음,교차로 - 교차로안,자전거,남,9세,부상신고,승용,남,64세,상해없음
2022070900100249,2022년 7월 9일 13시,토요일,충청북도 단양군 단양읍,경상사고,0,0,1,0,차대사람 - 기타,안전운전불이행,건조,맑음,기타 - 기타,화물,남,60세,상해없음,보행자,여,18세,경상
2022070900100250,2022년 7월 9일 13시,토요일,충청북도 청주시 서원구 현도면,중상사고,0,1,1,0,차대차 - 측면충돌,신호위반,건조,맑음,교차로 - 교차로안,승용,여,62세,경상,화물,남,40세,중상
2022070900100293,2022년 7월 9일 14시,토요일,충청북도 청주시 흥덕구 복대동,경상사고,0,0,1,0,차대차 - 기타,안전운전불이행,건조,맑음,교차로 - 교차로부근,승용,남,67세,상해없음,승합,남,40세,경상
2022070900100331,2022년 7월 9일 15시,토요일,충청북도 청주시 흥덕구 옥산면,경상사고,0,0,1,0,차대차 - 측면충돌,교차로운행방법위반,건조,맑음,교차로 - 교차로안,승용,여,32세,상해없음,승용,남,36세,경상
2022070900100362,2022년 7월 9일 16시,토요일,충청북도 진천군 덕산읍,경상사고,0,0,2,0,차대차 - 측면충돌,기타,건조,맑음,교차로 - 교차로안,승용,남,33세,상해없음,승용,남,23세,경상
2022070900100442,2022년 7월 9일 18시,토요일,충청북도 충주시 용산동,경상사고,0,0,1,0,차대차 - 후진중충돌,안전운전불이행,건조,맑음,단일로 - 기타,화물,남,66세,상해없음,승용,남,37세,경상
2022070900100443,2022년 7월 9일 18시,토요일,충청북도 괴산군 사리면,중상사고,0,1,0,0,차대차 - 기타,안전거리미확보,건조,맑음,단일로 - 기타,승용,남,64세,상해없음,승용,여,44세,상해없음
2022070900100470,2022년 7월 9일 19시,토요일,충청북도 청주시 청원구 오창읍,경상사고,0,0,2,0,차대차 - 기타,안전거리미확보,건조,맑음,교차로 - 교차로부근,승용,남,67세,상해없음,승용,남,37세,경상
2022070900100573,2022년 7월 9일 23시,토요일,충청북도 제천시 교동,중상사고,0,2,0,0,차대차 - 정면충돌,신호위반,건조,맑음,교차로 - 교차로안,승용,남,54세,상해없음,승용,남,64세,중상
2022071000100098,2022년 7월 10일 09시,일요일,충청북도 충주시 소태면,사망사고,1,1,0,0,차대차 - 정면충돌,중앙선침범,건조,맑음,단일로 - 기타,화물,남,61세,상해없음,이륜,남,42세,사망
2022071000100099,2022년 7월 10일 09시,일요일,충청북도 보은군 속리산면,중상사고,0,1,0,0,차대사람 - 차도통행중,안전운전불이행,건조,맑음,단일로 - 기타,승용,남,61세,상해없음,보행자,여,57세,중상