사고번호,사고일시,요일,시군구,사고내용,사망자수,중상자수,경상자수,부상신고자수,사고유형,법규위반,노면상태,기상상태,도로형태,가해운전자 차종,가해운전자 성별,가해운전자 연령,가해운전자 상해정도,피해운전자 차종,피해운전자 성별,피해운전자 연령,피해운전자 상해정도
2022071000100122,2022년 7월 10일 10시,일요일,충청북도 청주시 흥덕구 향정동,경상사고,0,0,1,0,차대차 - 측면충돌,교차로운행방법위반,건조,맑음,교차로 - 교차로안,화물,남,59세,상해없음,승용,남,25세,경상
2022071000100229,2022년 7월 10일 14시,일요일,충청북도 충주시 안림동,중상사고,0,1,0,0,차대차 - 측면충돌,안전운전불이행,건조,맑음,교차로 - 교차로안,승합,여,63세,상해없음,승용,남,46세,중상
2022071000100230,2022년 7월 10일 14시,일요일,충청북도 청주시 흥덕구 비하동,경상사고,0,0,1,0,차대차 - 측면충돌,안전운전불이행,건조,맑음,교차로 - 교차로안,자전거,남,12세,경상,승용,남,37세,상해없음
2022071000100264,2022년 7월 10일 15시,일요일,충청북도 청주시 흥덕구 복대동,중상사고,0,1,2,0,차대차 - 기타,신호위반,건조,맑음,교차로 - 교차로부근,승용,남,38세,상해없음,승용,남,40세,경상
2022071000100292,2022년 7월 10일 16시,일요일,충청북도 청주시 상당구 탑동,경상사고,0,0,1,0,차대차 - 측면충돌,안전운전불이행,건조,맑음,교차로 - 교차로안,승용,여,60세,상해없음,승용,여,56세,경상
2022071000100325,2022년 7월 10일 17시,일요일,충청북도 제천시 신월동,경상사고,0,0,1,0,차대차 - 기타,중앙선침범,건조,맑음,교차로 - 교차로부근,승용,여,51세,기타불명,승용,여,42세,경상
2022071000100345,2022년 7월 10일 18시,일요일,충청북도 제천시 하소동,경상사고,0,0,1,0,차대차 - 후진중충돌,불법유턴,건조,맑음,단일로 - 기타,승용,남,43세,상해없음,이륜,남,47세,경상
2022071000100376,2022년 7월 10일 20시,일요일,충청북도 제천시 봉양읍,사망사고,1,7,11,0,차대차 - 기타,기타,젖음/습기,비,단일로 - 기타,승합,남,46세,사망,승용,남,24세,경상
2022071000100398,2022년 7월 10일 21시,일요일,충청북도 청주시 청원구 율량동,경상사고,0,0,2,0,차대사람 - 횡단중,안전운전불이행,건조,흐림,교차로 - 교차로안,화물,남,25세,상해없음,보행자,남,55세,경상
2022071000100399,2022년 7월 10일 21시,일요일,충청북도 충주시 지현동,경상사고,0,0,1,0,차대차 - 측면충돌,신호위반,젖음/습기,흐림,교차로 - 교차로안,승용,남,20세,상해없음,승용,남,57세,경상
2022071000100400,2022년 7월 10일 21시,일요일,충청북도 청주시 흥덕구 봉명동,경상사고,0,0,1,0,차대차 - 기타,안전운전불이행,건조,맑음,교차로 - 교차로안,승용,여,29세,상해없음,이륜,남,27세,경상
2022071000100436,2022년 7월 10일 23시,일요일,충청북도 제천시 대랑동,경상사고,0,0,2,0,차대차 - 추돌,안전거리미확보,건조,흐림,교차로 - 교차로부근,승용,남,21세,상해없음,승용,남,28세,경상
2022071100100005,2022년 7월 11일 00시,월요일,충청북도 청주시 서원구 성화동,경상사고,0,0,1,0,차량단독 - 기타,안전운전불이행,젖음/습기,비,단일로 - 기타,특수,남,36세,경상,,,,
2022071100100012,2022년 7월 11일 01시,월요일,충청북도 청주시 청원구 내덕동,경상사고,0,0,1,0,차대차 - 기타,안전운전불이행,젖음/습기,기타,기타 - 기타,승용,남,25세,상해없음,승용,남,30세,경상
2022071100100028,2022년 7월 11일 05시,월요일,충청북도 충주시 노은면,경상사고,0,0,4,0,차대차 - 측면충돌,안전운전불이행,젖음/습기,비,단일로 - 기타,승용,남,73세,상해없음,특수,남,56세,경상
2022071100100089,2022년 7월 11일 08시,월요일,충청북도 제천시 송학면,부상신고사고,0,0,0,1,차량단독 - 공작물충돌,안전운전불이행,젖음/습기,비,단일로 - 기타,화물,여,38세,부상신고,,,,
2022071100100090,2022년 7월 11일 08시,월요일,충청북도 괴산군 괴산읍,경상사고,0,0,1,0,차대차 - 측면충돌,직진우회전진행방해,건조,맑음,교차로 - 교차로안,승용,남,72세,상해없음,승용,여,50세,경상
2022071100100091,2022년 7월 11일 08시,월요일,충청북도 청주시 서원구 분평동,경상사고,0,0,1,0,차량단독 - 기타,안전운전불이행,건조,맑음,단일로 - 기타,승합,남,56세,상해없음,,,,
2022071100100167,2022년 7월 11일 10시,월요일,충청북도 충주시 대소원면,경상사고,0,0,2,0,차대차 - 추돌,안전거리미확보,젖음/습기,흐림,교차로 - 교차로부근,화물,남,50세,상해없음,승용,남,28세,경상
2022071100100168,2022년 7월 11일 10시,월요일,충청북도 음성군 금왕읍,경상사고,0,0,1,0,차대차 - 측면충돌,안전운전불이행,건조,맑음,단일로 - 고가도로위,화물,남,66세,상해없음,화물,남,62세,상해없음
2022071100100198,2022년 7월 11일 11시,월요일,충청북도 충주시 금릉동,경상사고,0,0,1,1,차대차 - 측면충돌,신호위반,건조,맑음,교차로 - 교차로안,승용,여,77세,부상신고,승용,남,56세,경상
2022071100100242,2022년 7월 11일 12시,월요일,충청북도 청주시 상당구 용암동,경상사고,0,0,1,0,차대차 - 측면충돌,안전운전불이행,건조,흐림,교차로 - 교차로부근,화물,남,51세,상해없음,승용,여,27세,경상
2022071100100288,2022년 7월 11일 13시,월요일,충청북도 괴산군 괴산읍,중상사고,0,1,0,0,차대차 - 측면충돌,직진우회전진행방해,건조,맑음,교차로 - 교차로안,승용,남,77세,상해없음,이륜,남,71세,중상
2022071100100289,2022년 7월 11일 13시,월요일,충청북도 진천군 진천읍,중상사고,0,1,0,0,차대차 - 측면충돌,안전운전불이행,건조,맑음,단일로 - 지하차도(도로)내,승용,남,32세,상해없음,이륜,남,62세,중상
2022071100100290,2022년 7월 11일 13시,월요일,충청북도 진천군 진천읍,경상사고,0,0,1,0,차대차 - 측면충돌,기타,건조,맑음,교차로 - 교차로안,승용,남,32세,상해없음,승용,여,43세,경상
2022071100100316,2022년 7월 11일 14시,월요일,충청북도 청주시 청원구 사천동,경상사고,0,0,1,0,차대차 - 측면충돌,직진우회전진행방해,건조,맑음,교차로 - 교차로안,승용,남,76세,상해없음,승용,남,69세,경상
2022071100100317,2022년 7월 11일 14시,월요일,충청북도 음성군 대소면,경상사고,0,0,1,0,차대차 - 추돌,안전거리미확보,건조,맑음,단일로 - 터널,승합,남,34세,상해없음,화물,남,56세,경상
2022071100100318,2022년 7월 11일 14시,월요일,충청북도 단양군 단양읍,중상사고,0,1,1,0,차량단독 - 도로외이탈 - 추락,안전운전불이행,건조,맑음,기타 - 기타,승합,남,81세,경상,,,,
2022071100100387,2022년 7월 11일 16시,월요일,충청북도 청주시 청원구 우암동,중상사고,0,1,0,0,차대차 - 측면충돌,안전운전불이행,건조,맑음,교차로 - 교차로횡단보도내,승용,남,65세,상해없음,자전거,여,62세,중상
2022071100100388,2022년 7월 11일 16시,월요일,충청북도 제천시 청전동,중상사고,0,1,0,0,차대차 - 측면충돌,교차로운행방법위반,건조,맑음,교차로 - 교차로안,승용,여,48세,상해없음,이륜,남,52세,중상
2022071100100389,2022년 7월 11일 16시,월요일,충청북도 제천시 청전동,경상사고,0,0,1,0,차대차 - 측면충돌,중앙선침범,건조,맑음,단일로 - 기타,승용,남,69세,상해없음,승합,남,60세,경상
2022071100100390,2022년 7월 11일 16시,월요일,충청북도 증평군 증평읍,경상사고,0,0,1,0,차대차 - 추돌,안전운전불이행,건조,맑음,교차로 - 교차로부근,승합,남,62세,상해없음,승용,여,26세,경상
2022071100100431,2022년 7월 11일 17시,월요일,충청북도 음성군 대소면,경상사고,0,0,1,0,차대차 - 측면충돌,교차로운행방법위반,건조,맑음,교차로 - 교차로안,승용,여,50세,경상,승용,남,52세,상해없음
2022071100100491,2022년 7월 11일 18시,월요일,충청북도 보은군 보은읍,경상사고,0,0,4,0,차대차 - 측면충돌,교차로운행방법위반,건조,맑음,교차로 - 교차로안,승용,남,27세,경상,승용,남,48세,경상
2022071100100492,2022년 7월 11일 18시,월요일,충청북도 청주시 흥덕구 복대동,경상사고,0,0,1,0,차대차 - 측면충돌,안전운전불이행,건조,맑음,단일로 - 기타,승용,남,50세,상해없음,승합,남,45세,상해없음
2022071100100493,2022년 7월 11일 18시,월요일,충청북도 청주시 상당구 용암동,중상사고,0,1,2,0,차대차 - 측면충돌,중앙선침범,건조,맑음,교차로 - 교차로안,승용,남,51세,상해없음,승용,여,49세,경상
2022071100100523,2022년 7월 11일 19시,월요일,충청북도 청주시 흥덕구 외북동,경상사고,0,0,1,0,차대차 - 측면충돌,신호위반,건조,맑음,교차로 - 교차로안,승용,남,27세,기타불명,승용,남,28세,경상
2022071100100553,2022년 7월 11일 20시,월요일,충청북도 청주시 청원구 오창읍,중상사고,0,1,0,0,차대차 - 기타,불법유턴,건조,맑음,교차로 - 교차로안,승용,여,28세,상해없음,이륜,남,26세,중상
2022071100100554,2022년 7월 11일 20시,월요일,충청북도 제천시 영천동,중상사고,0,1,1,0,차대차 - 정면충돌,안전운전불이행,건조,맑음,교차로 - 교차로안,화물,남,72세,경상,승용,남,71세,중상
2022071100100573,2022년 7월 11일 21시,월요일,충청북도 진천군 덕산읍,경상사고,0,0,1,0,차대차 - 측면충돌,신호위반,건조,맑음,교차로 - 교차로안,이륜,남,18세,상해없음,자전거,남,17세,경상
2022071100100574,2022년 7월 11일 21시,월요일,충청북도 청주시 흥덕구 봉명동,경상사고,0,0,1,0,차대차 - 후진중충돌,교차로운행방법위반,건조,맑음,교차로 - 교차로안,승용,여,57세,상해없음,이륜,남,35세,경상
2022071200100045,2022년 7월 12일 06시,화요일,충청북도 단양군 매포읍,경상사고,0,0,1,0,차대차 - 측면충돌,안전운전불이행,건조,맑음,기타 - 기타,승용,남,69세,상해없음,승용,남,51세,경상
2022071200100059,2022년 7월 12일 07시,화요일,충청북도 단양군 단양읍,경상사고,0,0,2,0,차대차 - 정면충돌,중앙선침범,건조,맑음,기타 - 기타,승용,여,49세,경상,승용,여,53세,경상
2022071200100086,2022년 7월 12일 08시,화요일,충청북도 충주시 대소원면,경상사고,0,0,1,0,차대차 - 측면충돌,안전운전불이행,건조,맑음,단일로 - 기타,건설기계,남,60세,상해없음,화물,남,25세,경상
2022071200100087,2022년 7월 12일 08시,화요일,충청북도 제천시 청풍면,경상사고,0,0,1,0,차대차 - 측면충돌,안전운전불이행,건조,흐림,주차장 - 주차장,승용,남,72세,상해없음,이륜,남,84세,경상
2022071200100088,2022년 7월 12일 08시,화요일,충청북도 청주시 흥덕구 오송읍,중상사고,0,1,5,0,차대차 - 추돌,안전운전불이행,건조,맑음,단일로 - 기타,승용,여,33세,경상,승용,여,42세,중상
2022071200100131,2022년 7월 12일 09시,화요일,충청북도 증평군 증평읍,중상사고,0,1,0,0,차대사람 - 길가장자리구역통행중,안전운전불이행,건조,흐림,교차로 - 교차로부근,승용,남,74세,상해없음,보행자,남,55세,중상
2022071200100180,2022년 7월 12일 11시,화요일,충청북도 충주시 연수동,경상사고,0,0,2,0,차대차 - 측면충돌,안전거리미확보,건조,맑음,단일로 - 기타,승용,여,64세,경상,화물,남,47세,상해없음
2022071200100228,2022년 7월 12일 13시,화요일,충청북도 제천시 청전동,경상사고,0,0,2,0,차대차 - 측면충돌,불법유턴,건조,맑음,교차로 - 교차로안,승용,여,70세,상해없음,승용,남,23세,경상
2022071200100291,2022년 7월 12일 15시,화요일,충청북도 청주시 상당구 용암동,중상사고,0,1,0,0,차대차 - 측면충돌,신호위반,건조,흐림,교차로 - 교차로안,승용,남,41세,상해없음,이륜,남,42세,중상
2022071200100292,2022년 7월 12일 15시,화요일,충청북도 청주시 상당구 서문동,경상사고,0,0,2,0,차대차 - 기타,안전운전불이행,건조,맑음,교차로 - 교차로안,승용,남,18세,상해없음,승용,남,22세,경상
2022071200100357,2022년 7월 12일 17시,화요일,충청북도 청주시 청원구 율량동,경상사고,0,0,1,0,차대사람 - 기타,안전운전불이행,건조,맑음,기타 - 기타,기타불명,기타불명,미분류,기타불명,보행자,남,12세,경상
2022071200100358,2022년 7월 12일 17시,화요일,충청북도 제천시 남천동,중상사고,0,1,2,0,차대차 - 기타,안전거리미확보,건조,맑음,단일로 - 기타,승용,여,41세,기타불명,승용,여,29세,중상
2022071200100359,2022년 7월 12일 17시,화요일,충청북도 청주시 서원구 장암동,경상사고,0,0,3,0,차대차 - 측면충돌,안전운전불이행,건조,맑음,교차로 - 교차로부근,승용,남,22세,기타불명,승용,여,40세,경상
2022071200100454,2022년 7월 12일 20시,화요일,충청북도 제천시 장락동,경상사고,0,0,1,0,차대차 - 측면충돌,신호위반,건조,맑음,교차로 - 교차로안,승용,남,73세,상해없음,승용,남,39세,경상
2022071200100455,2022년 7월 12일 20시,화요일,충청북도 보은군 수한면,경상사고,0,0,1,0,차량단독 - 전도전복 - 전도,안전운전불이행,건조,맑음,교차로 - 교차로안,이륜,여,65세,경상,,,,
2022071200100476,2022년 7월 12일 21시,화요일,충청북도 제천시 하소동,경상사고,0,0,1,0,차대사람 - 횡단중,안전운전불이행,건조,맑음,교차로 - 교차로안,승용,여,59세,상해없음,보행자,남,41세,경상
2022071200100477,2022년 7월 12일 21시,화요일,충청북도 청주시 서원구 모충동,중상사고,0,1,0,0,차대사람 - 횡단중,안전운전불이행,건조,흐림,교차로 - 교차로횡단보도내,승용,남,64세,상해없음,보행자,남,74세,중상
2022071200100504,2022년 7월 12일 22시,화요일,충청북도 진천군 덕산읍,경상사고,0,0,1,0,차대차 - 측면충돌,신호위반,건조,흐림,교차로 - 교차로안,승용,남,60세,상해없음,이륜,남,23세,경상
2022071300100026,2022년 7월 13일 04시,수요일,충청북도 청주시 청원구 오창읍,경상사고,0,0,1,0,차대차 - 추돌,안전운전불이행,건조,맑음,교차로 - 교차로부근,승용,남,26세,상해없음,승용,남,22세,경상
2022071300100087,2022년 7월 13일 08시,수요일,충청북도 충주시 문화동,중상사고,0,1,0,0,차대차 - 측면충돌,안전운전불이행,건조,흐림,교차로 - 교차로안,승용,남,73세,상해없음,승용,여,29세,중상
2022071300100201,2022년 7월 13일 12시,수요일,충청북도 제천시 봉양읍,중상사고,0,1,1,0,차대차 - 측면충돌,안전거리미확보,젖음/습기,흐림,교차로 - 교차로부근,화물,남,57세,상해없음,승용,여,54세,중상
2022071300100202,2022년 7월 13일 12시,수요일,충청북도 청주시 서원구 산남동,경상사고,0,0,1,0,차대차 - 추돌,안전운전불이행,건조,맑음,단일로 - 기타,승용,여,55세,상해없음,승용,남,33세,경상
2022071300100261,2022년 7월 13일 14시,수요일,충청북도 충주시 충의동,경상사고,0,0,1,0,차대차 - 측면충돌,안전거리미확보,젖음/습기,비,단일로 - 기타,승용,남,50세,상해없음,승용,남,67세,경상
2022071300100332,2022년 7월 13일 16시,수요일,충청북도 음성군 음성읍,경상사고,0,0,1,0,차대차 - 측면충돌,안전운전불이행,젖음/습기,비,교차로 - 교차로안,이륜,남,25세,경상,화물,남,65세,상해없음
2022071300100377,2022년 7월 13일 17시,수요일,충청북도 청주시 서원구 현도면,중상사고,0,1,1,0,차대차 - 측면충돌,안전거리미확보,젖음/습기,비,단일로 - 기타,화물,남,55세,상해없음,승용,남,58세,경상
2022071300100419,2022년 7월 13일 18시,수요일,충청북도 청주시 상당구 방서동,중상사고,0,2,6,0,차대차 - 측면충돌,신호위반,건조,맑음,교차로 - 교차로안,승용,여,44세,상해없음,승합,남,67세,중상
2022071300100460,2022년 7월 13일 19시,수요일,충청북도 청주시 청원구 북이면,중상사고,0,2,0,0,차대차 - 기타,안전운전불이행,젖음/습기,비,교차로 - 교차로부근,승용,남,57세,상해없음,승용,남,27세,중상
2022071300100461,2022년 7월 13일 19시,수요일,충청북도 충주시 성내동,경상사고,0,0,1,0,차대차 - 측면충돌,직진우회전진행방해,젖음/습기,흐림,교차로 - 교차로안,승용,여,53세,상해없음,이륜,여,73세,경상
2022071300100462,2022년 7월 13일 19시,수요일,충청북도 제천시 중앙로1가,중상사고,0,1,0,0,차대사람 - 횡단중,보행자보호의무위반,젖음/습기,비,교차로 - 교차로횡단보도내,승용,여,61세,상해없음,보행자,여,78세,중상
2022071300100463,2022년 7월 13일 19시,수요일,충청북도 음성군 맹동면,중상사고,0,1,0,0,차대차 - 정면충돌,안전운전불이행,젖음/습기,맑음,교차로 - 교차로안,승합,남,44세,상해없음,이륜,남,45세,중상
2022071300100464,2022년 7월 13일 19시,수요일,충청북도 옥천군 군북면,경상사고,0,0,2,0,차대차 - 기타,안전운전불이행,젖음/습기,비,단일로 - 기타,화물,남,63세,상해없음,승용,여,61세,경상
2022071300100544,2022년 7월 13일 22시,수요일,충청북도 청주시 청원구 율량동,경상사고,0,0,1,0,차대차 - 기타,신호위반,건조,맑음,교차로 - 교차로안,승용,남,50세,상해없음,승용,남,33세,경상
2022071300100545,2022년 7월 13일 22시,수요일,충청북도 청주시 상당구 용암동,경상사고,0,0,1,0,차대차 - 정면충돌,신호위반,건조,맑음,교차로 - 교차로안,승용,남,25세,상해없음,승용,남,52세,경상
2022071400100064,2022년 7월 14일 06시,목요일,충청북도 제천시 영천동,경상사고,0,0,2,0,차대차 - 측면충돌,신호위반,건조,맑음,교차로 - 교차로안,화물,남,49세,상해없음,화물,남,65세,경상
2022071400100113,2022년 7월 14일 08시,목요일,충청북도 영동군 용산면,중상사고,0,1,0,0,차대차 - 추돌,안전운전불이행,건조,맑음,단일로 - 기타,승용,여,40세,상해없음,승용,여,42세,중상
2022071400100195,2022년 7월 14일 10시,목요일,충청북도 청주시 서원구 남이면,경상사고,0,0,1,0,차대차 - 측면충돌,교차로운행방법위반,건조,맑음,교차로 - 교차로안,승용,남,62세,상해없음,승용,남,66세,경상
2022071400100196,2022년 7월 14일 10시,목요일,충청북도 청주시 흥덕구 신촌동,부상신고사고,0,0,0,1,차대차 - 기타,안전거리미확보,건조,맑음,교차로 - 교차로부근,승용,남,21세,상해없음,승용,여,37세,부상신고
2022071400100309,2022년 7월 14일 14시,목요일,충청북도 충주시 금릉동,경상사고,0,0,1,0,차대차 - 추돌,안전거리미확보,건조,맑음,교차로 - 교차로부근,승용,여,39세,상해없음,승용,남,53세,경상
2022071400100310,2022년 7월 14일 14시,목요일,충청북도 진천군 덕산읍,중상사고,0,1,1,0,차량단독 - 공작물충돌,안전운전불이행,건조,맑음,미분류 - 미분류,화물,남,31세,경상,,,,
2022071400100441,2022년 7월 14일 17시,목요일,충청북도 음성군 감곡면,경상사고,0,0,2,0,차대차 - 측면충돌,차로위반,건조,맑음,단일로 - 기타,승용,남,62세,상해없음,승용,남,26세,경상
2022071400100443,2022년 7월 14일 17시,목요일,충청북도 청주시 흥덕구 복대동,경상사고,0,0,1,0,차대차 - 측면충돌,안전운전불이행,건조,맑음,단일로 - 기타,승용,남,29세,상해없음,승용,남,30세,경상
2022071400100444,2022년 7월 14일 17시,목요일,충청북도 청주시 상당구 용암동,경상사고,0,0,1,0,차대차 - 추돌,안전운전불이행,건조,맑음,기타 - 기타,승용,남,70세,상해없음,승용,남,50세,경상
2022071400100569,2022년 7월 14일 20시,목요일,충청북도 청주시 서원구 사직동,경상사고,0,0,2,0,차대차 - 추돌,안전운전불이행,건조,맑음,교차로 - 교차로부근,승용,여,45세,상해없음,승용,남,65세,경상
2022071400100570,2022년 7월 14일 20시,목요일,충청북도 제천시 강제동,경상사고,0,0,1,0,차대차 - 측면충돌,안전운전불이행,건조,맑음,교차로 - 교차로안,이륜,남,47세,경상,승용,여,45세,상해없음
2022071400100608,2022년 7월 14일 21시,목요일,충청북도 충주시 금릉동,경상사고,0,0,1,0,차대차 - 측면충돌,교차로운행방법위반,건조,맑음,교차로 - 교차로부근,승용,남,72세,상해없음,승용,남,22세,경상
2022071400100609,2022년 7월 14일 21시,목요일,충청북도 청주시 서원구 모충동,중상사고,0,1,0,0,차대차 - 기타,안전운전불이행,건조,맑음,교차로 - 교차로안,승용,남,54세,상해없음,이륜,남,41세,중상
2022071400100626,2022년 7월 14일 22시,목요일,충청북도 청주시 흥덕구 송정동,경상사고,0,0,1,0,차대차 - 추돌,안전운전불이행,건조,맑음,교차로 - 교차로부근,승용,남,49세,상해없음,승용,남,27세,경상
2022071500100154,2022년 7월 15일 10시,금요일,충청북도 제천시 영천동,경상사고,0,0,1,0,차대차 - 측면충돌,직진우회전진행방해,건조,맑음,교차로 - 교차로안,화물,남,72세,상해없음,승용,여,41세,경상
2022071500100218,2022년 7월 15일 12시,금요일,충청북도 청주시 청원구 오창읍,경상사고,0,0,2,0,차대차 - 정면충돌,중앙선침범,건조,맑음,기타 - 기타,승용,남,53세,상해없음,화물,남,40세,경상
2022071500100219,2022년 7월 15일 12시,금요일,충청북도 충주시 연수동,경상사고,0,0,3,0,차대차 - 추돌,안전운전불이행,건조,맑음,교차로 - 교차로부근,화물,남,72세,상해없음,승용,남,30세,경상
2022071500100251,2022년 7월 15일 13시,금요일,충청북도 청주시 청원구 내수읍,경상사고,0,0,5,0,차대차 - 기타,중앙선침범,건조,맑음,교차로 - 교차로부근,승용,여,52세,상해없음,화물,남,41세,경상
2022071500100252,2022년 7월 15일 13시,금요일,충청북도 영동군 매곡면,중상사고,0,1,0,0,차대차 - 측면충돌,직진우회전진행방해,건조,맑음,교차로 - 교차로안,이륜,남,83세,중상,승용,남,81세,상해없음
2022071500100287,2022년 7월 15일 14시,금요일,충청북도 청주시 청원구 율량동,중상사고,0,1,0,0,차대차 - 측면충돌,불법유턴,건조,맑음,교차로 - 교차로부근,개인형이동수단(PM),여,20세,중상,승용,여,68세,상해없음
2022071500100288,2022년 7월 15일 14시,금요일,충청북도 충주시 금가면,중상사고,0,1,0,0,차량단독 - 공작물충돌,안전운전불이행,건조,맑음,단일로 - 기타,승합,남,55세,상해없음,,,,
2022071500100289,2022년 7월 15일 14시,금요일,충청북도 제천시 교동,경상사고,0,0,1,0,차대차 - 측면충돌,안전운전불이행,건조,맑음,교차로 - 교차로안,승용,여,45세,상해없음,이륜,남,41세,경상
2022071500100291,2022년 7월 15일 14시,금요일,충청북도 청주시 서원구 성화동,경상사고,0,0,1,0,차대차 - 측면충돌,기타,건조,맑음,단일로 - 기타,승용,여,28세,상해없음,승용,남,30세,상해없음
2022071500100312,2022년 7월 15일 15시,금요일,충청북도 충주시 교현동,경상사고,0,0,1,0,차대차 - 측면충돌,기타,건조,맑음,교차로 - 교차로안,승용,남,69세,상해없음,자전거,여,56세,경상
2022071500100313,2022년 7월 15일 15시,금요일,충청북도 제천시 신백동,경상사고,0,0,2,0,차대차 - 후진중충돌,안전운전불이행,건조,맑음,주차장 - 주차장,승용,남,71세,상해없음,승용,남,34세,경상
2022071500100314,2022년 7월 15일 15시,금요일,충청북도 청주시 서원구 수곡동,중상사고,0,1,1,0,차대차 - 측면충돌,안전운전불이행,건조,맑음,교차로 - 교차로부근,이륜,남,67세,중상,승용,여,44세,경상
2022071500100362,2022년 7월 15일 16시,금요일,충청북도 충주시 칠금동,경상사고,0,0,2,0,차대차 - 기타,중앙선침범,건조,맑음,단일로 - 기타,승용,남,50세,상해없음,승용,여,36세,경상
2022071500100407,2022년 7월 15일 17시,금요일,충청북도 충주시 주덕읍,경상사고,0,0,2,0,차대차 - 측면충돌,신호위반,건조,맑음,교차로 - 교차로안,화물,남,25세,상해없음,승용,남,69세,경상
2022071500100408,2022년 7월 15일 17시,금요일,충청북도 단양군 매포읍,경상사고,0,0,3,0,차대차 - 기타,안전운전불이행,건조,맑음,기타 - 기타,승용,남,83세,경상,승합,남,52세,경상
2022071500100471,2022년 7월 15일 18시,금요일,충청북도 충주시 교현동,경상사고,0,0,1,0,차대차 - 추돌,안전거리미확보,건조,맑음,단일로 - 기타,승용,여,49세,상해없음,승용,여,26세,경상
2022071500100472,2022년 7월 15일 18시,금요일,충청북도 제천시 백운면,경상사고,0,0,1,0,차대차 - 측면충돌,안전운전불이행,건조,맑음,교차로 - 교차로안,승용,남,48세,상해없음,승용,여,52세,경상
2022071500100473,2022년 7월 15일 18시,금요일,충청북도 청주시 흥덕구 지동동,경상사고,0,0,3,0,차대차 - 기타,신호위반,건조,맑음,교차로 - 교차로안,승용,남,75세,기타불명,승용,남,34세,경상
2022071500100474,2022년 7월 15일 18시,금요일,충청북도 청주시 흥덕구 송절동,경상사고,0,0,1,0,차대차 - 측면충돌,안전운전불이행,건조,맑음,교차로 - 교차로부근,승용,남,28세,상해없음,승용,남,44세,경상
2022071600100007,2022년 7월 16일 00시,토요일,충청북도 충주시 교현동,중상사고,0,1,0,0,차량단독 - 공작물충돌,안전운전불이행,건조,맑음,단일로 - 기타,승용,남,62세,중상,,,,
2022071600100044,2022년 7월 16일 03시,토요일,충청북도 진천군 문백면,중상사고,0,1,0,0,차량단독 - 공작물충돌,안전운전불이행,건조,맑음,단일로 - 지하차도(도로)내,승용,남,39세,중상,,,,
2022071600100073,2022년 7월 16일 07시,토요일,충청북도 청주시 흥덕구 강서동,경상사고,0,0,1,0,차대차 - 측면충돌,신호위반,건조,맑음,교차로 - 교차로안,승용,남,70세,상해없음,승합,남,50세,경상
2022071600100089,2022년 7월 16일 08시,토요일,충청북도 청주시 흥덕구 송정동,중상사고,0,1,1,0,차대차 - 기타,신호위반,건조,맑음,교차로 - 교차로안,승용,남,24세,중상,승용,남,44세,경상
2022071600100090,2022년 7월 16일 08시,토요일,충청북도 청주시 흥덕구 송정동,경상사고,0,0,1,0,차대차 - 기타,중앙선침범,건조,맑음,기타 - 기타,승용,여,35세,상해없음,승용,남,32세,경상
2022071600100167,2022년 7월 16일 11시,토요일,충청북도 괴산군 괴산읍,중상사고,0,1,0,0,차대차 - 측면충돌,중앙선침범,건조,맑음,교차로 - 교차로부근,자전거,남,34세,중상,승용,남,54세,상해없음
2022071600100168,2022년 7월 16일 11시,토요일,충청북도 청주시 흥덕구 비하동,경상사고,0,0,1,0,차대차 - 추돌,안전거리미확보,건조,맑음,단일로 - 기타,승용,여,42세,상해없음,승용,남,62세,경상
2022071600100205,2022년 7월 16일 12시,토요일,충청북도 제천시 강제동,경상사고,0,0,3,1,차대차 - 측면충돌,안전운전불이행,건조,맑음,주차장 - 주차장,이륜,남,77세,상해없음,승용,여,34세,경상
2022071600100236,2022년 7월 16일 13시,토요일,충청북도 진천군 진천읍,경상사고,0,0,3,0,차대차 - 측면충돌,교차로운행방법위반,건조,맑음,교차로 - 교차로안,화물,여,43세,상해없음,승용,여,39세,경상
2022071600100270,2022년 7월 16일 14시,토요일,충청북도 괴산군 사리면,중상사고,0,1,0,0,차량단독 - 도로외이탈 - 추락,안전운전불이행,젖음/습기,비,단일로 - 기타,사륜오토바이(ATV),남,83세,중상,,,,
2022071600100271,2022년 7월 16일 14시,토요일,충청북도 청주시 흥덕구 봉명동,경상사고,0,0,1,0,차대차 - 추돌,안전운전불이행,젖음/습기,비,단일로 - 기타,승용,남,63세,상해없음,승용,여,39세,경상
2022071600100272,2022년 7월 16일 14시,토요일,충청북도 청주시 서원구 수곡동,경상사고,0,0,1,0,차대차 - 추돌,안전운전불이행,젖음/습기,맑음,단일로 - 지하차도(도로)내,승용,남,47세,상해없음,승용,여,21세,경상
2022071600100311,2022년 7월 16일 15시,토요일,충청북도 제천시 명동,경상사고,0,0,1,0,차대차 - 기타,안전운전불이행,건조,맑음,단일로 - 기타,이륜,남,23세,경상,승용,남,46세,상해없음