사고번호,사고일시,요일,시군구,사고내용,사망자수,중상자수,경상자수,부상신고자수,사고유형,법규위반,노면상태,기상상태,도로형태,가해운전자 차종,가해운전자 성별,가해운전자 연령,가해운전자 상해정도,피해운전자 차종,피해운전자 성별,피해운전자 연령,피해운전자 상해정도
2022080100100349,2022년 8월 1일 17시,월요일,충청북도 괴산군 칠성면,경상사고,0,0,1,0,차대사람 - 길가장자리구역통행중,안전운전불이행,건조,맑음,단일로 - 기타,승용,여,56세,상해없음,보행자,여,62세,경상
2022080100100350,2022년 8월 1일 17시,월요일,충청북도 청주시 흥덕구 봉명동,경상사고,0,0,1,0,차대차 - 측면충돌,안전운전불이행,건조,맑음,단일로 - 기타,승용,남,45세,상해없음,승용,남,40세,경상
2022080100100351,2022년 8월 1일 17시,월요일,충청북도 청주시 서원구 산남동,경상사고,0,0,1,0,차대차 - 측면충돌,안전운전불이행,건조,맑음,단일로 - 기타,승용,여,51세,상해없음,화물,남,42세,경상
2022080100100394,2022년 8월 1일 18시,월요일,충청북도 제천시 청전동,경상사고,0,0,1,0,차대차 - 측면충돌,안전거리미확보,건조,맑음,단일로 - 기타,승용,남,71세,상해없음,승용,여,54세,경상
2022080100100395,2022년 8월 1일 18시,월요일,충청북도 진천군 덕산읍,경상사고,0,0,1,0,차대차 - 후진중충돌,안전운전불이행,건조,맑음,단일로 - 지하차도(도로)내,승용,여,58세,상해없음,화물,남,30세,경상
2022080100100396,2022년 8월 1일 18시,월요일,충청북도 청주시 흥덕구 송정동,경상사고,0,0,2,0,차대차 - 측면충돌,교차로운행방법위반,건조,맑음,교차로 - 교차로안,승용,여,60세,경상,화물,남,39세,상해없음
2022080100100468,2022년 8월 1일 21시,월요일,충청북도 청주시 흥덕구 송절동,경상사고,0,0,1,0,차대차 - 측면충돌,차로위반,건조,맑음,교차로 - 교차로부근,승용,남,61세,상해없음,승합,남,63세,경상
2022080200100021,2022년 8월 2일 01시,화요일,충청북도 음성군 금왕읍,중상사고,0,1,2,0,차대차 - 추돌,안전운전불이행,젖음/습기,비,단일로 - 기타,승용,남,22세,경상,승용,남,54세,중상
2022080200100062,2022년 8월 2일 06시,화요일,충청북도 진천군 광혜원면,중상사고,0,1,0,0,차대차 - 측면충돌,안전운전불이행,건조,맑음,교차로 - 교차로안,이륜,남,54세,중상,특수,남,50세,상해없음
2022080200100093,2022년 8월 2일 08시,화요일,충청북도 청주시 흥덕구 오송읍,경상사고,0,0,1,0,차대차 - 정면충돌,신호위반,건조,맑음,교차로 - 교차로안,승용,남,33세,기타불명,승용,여,26세,경상
2022080200100116,2022년 8월 2일 09시,화요일,충청북도 옥천군 이원면,중상사고,0,1,0,0,차대사람 - 횡단중,안전운전불이행,건조,맑음,교차로 - 교차로안,승용,남,61세,상해없음,보행자,남,54세,중상
2022080200100117,2022년 8월 2일 09시,화요일,충청북도 진천군 덕산읍,중상사고,0,1,0,0,차대차 - 측면충돌,안전운전불이행,건조,맑음,교차로 - 교차로안,승용,남,27세,상해없음,승용,여,49세,중상
2022080200100144,2022년 8월 2일 10시,화요일,충청북도 충주시 충의동,경상사고,0,0,1,0,차대사람 - 기타,안전운전불이행,건조,흐림,단일로 - 교량,승용,남,67세,상해없음,보행자,여,80세,경상
2022080200100207,2022년 8월 2일 12시,화요일,충청북도 영동군 매곡면,경상사고,0,0,1,0,차대차 - 기타,안전운전불이행,건조,맑음,교차로 - 교차로안,건설기계,남,58세,상해없음,자전거,여,63세,경상
2022080200100241,2022년 8월 2일 13시,화요일,충청북도 제천시 봉양읍,사망사고,1,0,0,0,차량단독 - 도로외이탈 - 추락,안전운전불이행,건조,맑음,교차로 - 교차로부근,농기계,남,62세,사망,,,,
2022080200100242,2022년 8월 2일 13시,화요일,충청북도 괴산군 괴산읍,경상사고,0,0,1,0,차대차 - 측면충돌,기타,건조,맑음,교차로 - 교차로안,이륜,남,53세,경상,승용,여,60세,상해없음
2022080200100339,2022년 8월 2일 16시,화요일,충청북도 보은군 보은읍,중상사고,0,1,0,0,차대사람 - 횡단중,안전운전불이행,건조,맑음,교차로 - 교차로부근,화물,남,72세,상해없음,보행자,여,75세,중상
2022080200100340,2022년 8월 2일 16시,화요일,충청북도 청주시 흥덕구 외북동,중상사고,0,1,0,0,차대차 - 측면충돌,교차로운행방법위반,건조,맑음,교차로 - 교차로부근,승용,남,74세,상해없음,승용,남,40세,중상
2022080200100377,2022년 8월 2일 17시,화요일,충청북도 충주시 호암동,경상사고,0,0,1,0,차대차 - 측면충돌,안전운전불이행,건조,맑음,단일로 - 지하차도(도로)내,승용,남,26세,상해없음,이륜,남,35세,경상
2022080200100453,2022년 8월 2일 19시,화요일,충청북도 충주시 중앙탑면,중상사고,0,1,0,0,차대차 - 기타,안전운전불이행,건조,맑음,교차로 - 교차로안,승용,남,30세,상해없음,이륜,남,47세,중상
2022080200100468,2022년 8월 2일 20시,화요일,충청북도 충주시 문화동,중상사고,0,1,0,0,차대차 - 측면충돌,신호위반,건조,맑음,교차로 - 교차로안,승용,남,64세,상해없음,이륜,남,51세,중상
2022080200100469,2022년 8월 2일 20시,화요일,충청북도 음성군 삼성면,경상사고,0,0,1,0,차대차 - 추돌,안전운전불이행,건조,맑음,단일로 - 기타,승용,남,40세,경상,화물,남,39세,상해없음
2022080200100495,2022년 8월 2일 21시,화요일,충청북도 청주시 상당구 금천동,중상사고,0,1,0,0,차대사람 - 횡단중,안전운전불이행,건조,맑음,교차로 - 교차로부근,승용,남,66세,상해없음,보행자,여,74세,중상
2022080200100534,2022년 8월 2일 23시,화요일,충청북도 청주시 흥덕구 복대동,경상사고,0,0,1,0,차대사람 - 보도통행중,기타,건조,맑음,단일로 - 기타,개인형이동수단(PM),여,16세,상해없음,보행자,여,41세,경상
2022080300100100,2022년 8월 3일 08시,수요일,충청북도 충주시 소태면,중상사고,0,1,2,0,차량단독 - 공작물충돌,안전운전불이행,젖음/습기,비,단일로 - 기타,승용,여,70세,경상,,,,
2022080300100101,2022년 8월 3일 08시,수요일,충청북도 충주시 봉방동,경상사고,0,0,1,0,차대차 - 측면충돌,직진우회전진행방해,건조,맑음,교차로 - 교차로안,승용,여,55세,상해없음,승용,여,44세,경상
2022080300100102,2022년 8월 3일 08시,수요일,충청북도 청주시 흥덕구 송절동,경상사고,0,0,1,0,차대차 - 추돌,안전운전불이행,건조,맑음,교차로 - 교차로부근,승합,남,60세,상해없음,승용,여,55세,경상
2022080300100184,2022년 8월 3일 11시,수요일,충청북도 청주시 흥덕구 오송읍,중상사고,0,1,0,0,차대차 - 측면충돌,안전운전불이행,건조,맑음,교차로 - 교차로안,승용,남,35세,상해없음,승용,남,35세,중상
2022080300100212,2022년 8월 3일 12시,수요일,충청북도 청주시 청원구 북이면,경상사고,0,0,2,0,차대차 - 추돌,안전운전불이행,건조,맑음,단일로 - 기타,승용,남,46세,상해없음,승용,남,59세,경상
2022080300100254,2022년 8월 3일 13시,수요일,충청북도 영동군 심천면,경상사고,0,0,3,0,차대차 - 측면충돌,중앙선침범,건조,맑음,교차로 - 교차로부근,승용,여,21세,상해없음,승용,여,26세,경상
2022080300100280,2022년 8월 3일 14시,수요일,충청북도 충주시 성서동,경상사고,0,0,1,0,차대차 - 후진중충돌,불법유턴,젖음/습기,흐림,교차로 - 교차로부근,승용,남,45세,상해없음,이륜,여,25세,경상
2022080300100281,2022년 8월 3일 14시,수요일,충청북도 충주시 금릉동,경상사고,0,0,1,0,차대차 - 측면충돌,직진우회전진행방해,젖음/습기,흐림,단일로 - 기타,승용,여,62세,상해없음,승용,여,35세,경상
2022080300100317,2022년 8월 3일 15시,수요일,충청북도 충주시 용산동,사망사고,1,0,0,0,차대사람 - 횡단중,안전운전불이행,젖음/습기,흐림,교차로 - 교차로안,화물,남,31세,상해없음,보행자,남,65세,사망
2022080300100318,2022년 8월 3일 15시,수요일,충청북도 증평군 증평읍,경상사고,0,0,1,0,차대차 - 후진중충돌,안전운전불이행,건조,맑음,단일로 - 기타,승용,남,60세,상해없음,승용,남,27세,경상
2022080300100319,2022년 8월 3일 15시,수요일,충청북도 음성군 맹동면,경상사고,0,0,1,0,차대차 - 후진중충돌,안전운전불이행,건조,맑음,단일로 - 기타,화물,남,40세,상해없음,이륜,남,56세,경상
2022080300100320,2022년 8월 3일 15시,수요일,충청북도 옥천군 옥천읍,중상사고,0,1,0,0,차대차 - 기타,안전운전불이행,건조,맑음,교차로 - 교차로안,승용,남,43세,상해없음,이륜,남,46세,중상
2022080300100341,2022년 8월 3일 16시,수요일,충청북도 제천시 중앙로1가,경상사고,0,0,1,0,차대사람 - 보도통행중,안전운전불이행,건조,맑음,단일로 - 기타,이륜,남,18세,상해없음,보행자,남,38세,경상
2022080300100412,2022년 8월 3일 18시,수요일,충청북도 충주시 연수동,중상사고,0,1,0,0,차대사람 - 횡단중,보행자보호의무위반,건조,맑음,교차로 - 교차로횡단보도내,승용,남,32세,상해없음,보행자,남,4세,중상
2022080300100413,2022년 8월 3일 18시,수요일,충청북도 청주시 흥덕구 오송읍,경상사고,0,0,6,0,차대차 - 측면충돌,기타,건조,맑음,단일로 - 기타,승용,남,21세,경상,승용,여,52세,경상
2022080300100414,2022년 8월 3일 18시,수요일,충청북도 청주시 흥덕구 오송읍,경상사고,0,0,1,0,차대사람 - 횡단중,안전운전불이행,건조,맑음,교차로 - 교차로횡단보도내,승용,여,30세,상해없음,보행자,남,62세,경상
2022080300100449,2022년 8월 3일 19시,수요일,충청북도 청주시 상당구 금천동,경상사고,0,0,2,0,차대차 - 측면충돌,안전운전불이행,건조,맑음,교차로 - 교차로안,승용,남,30세,경상,이륜,남,21세,경상
2022080300100512,2022년 8월 3일 21시,수요일,충청북도 청주시 청원구 오창읍,중상사고,0,3,0,0,차대차 - 기타,안전운전불이행,건조,맑음,단일로 - 기타,승용,여,52세,상해없음,승용,여,28세,중상
2022080300100534,2022년 8월 3일 22시,수요일,충청북도 청주시 흥덕구 가경동,경상사고,0,0,2,0,차대차 - 측면충돌,신호위반,건조,맑음,교차로 - 교차로안,승용,여,43세,기타불명,승용,남,33세,경상
2022080400100038,2022년 8월 4일 06시,목요일,충청북도 청주시 흥덕구 강서동,중상사고,0,1,0,0,차대사람 - 횡단중,보행자보호의무위반,건조,맑음,교차로 - 교차로횡단보도내,승용,여,45세,상해없음,보행자,여,88세,중상
2022080400100057,2022년 8월 4일 07시,목요일,충청북도 청주시 흥덕구 송정동,중상사고,0,1,0,0,차대사람 - 횡단중,안전운전불이행,건조,맑음,기타 - 기타,화물,남,53세,상해없음,보행자,남,39세,중상
2022080400100058,2022년 8월 4일 07시,목요일,충청북도 청주시 상당구 용암동,경상사고,0,0,2,0,차대차 - 측면충돌,안전운전불이행,건조,맑음,교차로 - 교차로안,승용,여,27세,상해없음,승용,남,49세,경상
2022080400100106,2022년 8월 4일 09시,목요일,충청북도 제천시 백운면,경상사고,0,0,3,1,차대차 - 정면충돌,직진우회전진행방해,건조,맑음,교차로 - 교차로안,승합,남,55세,부상신고,승용,남,44세,경상
2022080400100163,2022년 8월 4일 11시,목요일,충청북도 청주시 청원구 내수읍,중상사고,0,1,0,0,차대사람 - 차도통행중,안전운전불이행,건조,맑음,교차로 - 교차로부근,승용,여,49세,상해없음,보행자,여,65세,중상
2022080400100164,2022년 8월 4일 11시,목요일,충청북도 충주시 연수동,경상사고,0,0,2,0,차대차 - 기타,직진우회전진행방해,건조,맑음,교차로 - 교차로안,승용,남,49세,경상,승용,남,20세,경상
2022080400100165,2022년 8월 4일 11시,목요일,충청북도 단양군 매포읍,경상사고,0,0,3,0,차대차 - 추돌,안전거리미확보,건조,맑음,기타 - 기타,건설기계,남,59세,상해없음,승용,남,49세,경상
2022080400100202,2022년 8월 4일 12시,목요일,충청북도 음성군 감곡면,경상사고,0,0,1,0,차대차 - 측면충돌,중앙선침범,건조,맑음,단일로 - 기타,이륜,남,73세,경상,승용,남,47세,상해없음
2022080400100272,2022년 8월 4일 14시,목요일,충청북도 충주시 연수동,경상사고,0,0,2,0,차대차 - 추돌,안전거리미확보,건조,맑음,단일로 - 기타,승용,여,51세,상해없음,승용,남,36세,경상
2022080400100273,2022년 8월 4일 14시,목요일,충청북도 음성군 맹동면,중상사고,0,1,0,0,차대차 - 측면충돌,차로위반,건조,맑음,단일로 - 기타,승용,남,61세,상해없음,이륜,남,39세,중상
2022080400100314,2022년 8월 4일 15시,목요일,충청북도 제천시 화산동,중상사고,0,1,2,0,차대차 - 측면충돌,직진우회전진행방해,건조,맑음,교차로 - 교차로안,화물,남,43세,경상,승용,여,52세,중상
2022080400100315,2022년 8월 4일 15시,목요일,충청북도 단양군 대강면,중상사고,0,1,0,0,차대차 - 기타,안전운전불이행,건조,맑음,기타 - 기타,화물,남,59세,기타불명,승용,남,43세,중상
2022080400100386,2022년 8월 4일 17시,목요일,충청북도 진천군 진천읍,경상사고,0,0,1,0,차대차 - 측면충돌,신호위반,건조,맑음,교차로 - 교차로안,화물,남,62세,상해없음,승용,남,55세,경상
2022080400100424,2022년 8월 4일 18시,목요일,충청북도 청주시 청원구 우암동,중상사고,0,1,0,0,차대차 - 측면충돌,안전거리미확보,건조,맑음,단일로 - 기타,승용,여,63세,상해없음,이륜,여,28세,중상
2022080400100455,2022년 8월 4일 19시,목요일,충청북도 청주시 흥덕구 봉명동,경상사고,0,0,4,0,차대차 - 측면충돌,교차로운행방법위반,건조,맑음,교차로 - 교차로부근,승용,남,61세,상해없음,승용,남,20세,경상
2022080400100507,2022년 8월 4일 21시,목요일,충청북도 청주시 흥덕구 비하동,경상사고,0,0,1,0,차량단독 - 전도전복 - 전도,안전운전불이행,건조,맑음,단일로 - 기타,개인형이동수단(PM),남,30세,경상,,,,
2022080400100526,2022년 8월 4일 22시,목요일,충청북도 청주시 서원구 사창동,경상사고,0,0,1,0,차대차 - 기타,안전거리미확보,건조,맑음,기타 - 기타,이륜,남,37세,상해없음,이륜,남,25세,경상
2022080400100527,2022년 8월 4일 22시,목요일,충청북도 진천군 덕산읍,중상사고,0,1,0,0,차대차 - 측면충돌,안전운전불이행,건조,맑음,교차로 - 교차로부근,자전거,남,23세,중상,승용,여,41세,상해없음
2022080400100539,2022년 8월 4일 23시,목요일,충청북도 청주시 상당구 용암동,경상사고,0,0,3,0,차대차 - 측면충돌,직진우회전진행방해,건조,맑음,교차로 - 교차로안,승용,남,67세,경상,승용,남,31세,경상
2022080500100007,2022년 8월 5일 00시,금요일,충청북도 청주시 상당구 금천동,경상사고,0,0,1,0,차대사람 - 횡단중,보행자보호의무위반,젖음/습기,흐림,교차로 - 교차로횡단보도내,이륜,남,19세,상해없음,보행자,여,22세,경상
2022080500100013,2022년 8월 5일 01시,금요일,충청북도 청주시 흥덕구 복대동,경상사고,0,0,1,0,차대차 - 추돌,안전운전불이행,건조,맑음,교차로 - 교차로부근,승용,남,36세,상해없음,승용,여,61세,경상
2022080500100022,2022년 8월 5일 02시,금요일,충청북도 청주시 상당구 용암동,부상신고사고,0,0,0,1,차량단독 - 전도전복 - 전도,안전운전불이행,건조,맑음,단일로 - 지하차도(도로)내,개인형이동수단(PM),남,25세,부상신고,,,,
2022080500100036,2022년 8월 5일 04시,금요일,충청북도 청주시 상당구 남일면,중상사고,0,1,0,0,차량단독 - 전도전복 - 전도,기타,건조,맑음,단일로 - 지하차도(도로)내,특수,남,56세,중상,,,,
2022080500100040,2022년 8월 5일 05시,금요일,충청북도 음성군 금왕읍,경상사고,0,0,1,0,차대차 - 기타,중앙선침범,건조,흐림,단일로 - 기타,승용,남,61세,상해없음,화물,남,53세,경상
2022080500100087,2022년 8월 5일 08시,금요일,충청북도 청주시 흥덕구 봉명동,중상사고,0,1,0,0,차대차 - 정면충돌,안전운전불이행,건조,맑음,단일로 - 기타,자전거,남,36세,상해없음,자전거,여,68세,중상
2022080500100112,2022년 8월 5일 09시,금요일,충청북도 제천시 영천동,경상사고,0,0,1,0,차대차 - 측면충돌,교차로운행방법위반,건조,맑음,교차로 - 교차로부근,승용,남,48세,상해없음,승용,여,22세,경상
2022080500100149,2022년 8월 5일 10시,금요일,충청북도 청주시 청원구 오창읍,경상사고,0,0,2,0,차대차 - 추돌,안전거리미확보,건조,맑음,교차로 - 교차로부근,화물,남,56세,경상,화물,남,38세,경상
2022080500100150,2022년 8월 5일 10시,금요일,충청북도 제천시 하소동,경상사고,0,0,1,0,차대사람 - 횡단중,보행자보호의무위반,건조,맑음,교차로 - 교차로횡단보도내,이륜,남,29세,상해없음,보행자,여,82세,경상
2022080500100183,2022년 8월 5일 11시,금요일,충청북도 괴산군 청천면,중상사고,0,1,0,0,차대차 - 추돌,안전거리미확보,건조,맑음,단일로 - 기타,건설기계,남,61세,상해없음,화물,남,81세,중상
2022080500100215,2022년 8월 5일 12시,금요일,충청북도 제천시 화산동,경상사고,0,0,1,0,차대사람 - 길가장자리구역통행중,안전운전불이행,건조,맑음,단일로 - 기타,화물,남,55세,상해없음,보행자,여,21세,경상
2022080500100255,2022년 8월 5일 13시,금요일,충청북도 음성군 대소면,경상사고,0,0,1,0,차대차 - 측면충돌,안전운전불이행,건조,맑음,단일로 - 기타,승용,남,71세,경상,건설기계,남,62세,상해없음
2022080500100290,2022년 8월 5일 14시,금요일,충청북도 충주시 연수동,경상사고,0,0,1,0,차대차 - 측면충돌,직진우회전진행방해,건조,맑음,교차로 - 교차로안,승용,남,19세,상해없음,승용,여,41세,경상
2022080500100327,2022년 8월 5일 15시,금요일,충청북도 청주시 서원구 사창동,경상사고,0,0,1,0,차대차 - 기타,안전운전불이행,건조,맑음,기타 - 기타,승합,남,54세,상해없음,승용,남,26세,경상
2022080500100328,2022년 8월 5일 15시,금요일,충청북도 충주시 연수동,경상사고,0,0,1,0,차대차 - 측면충돌,안전운전불이행,건조,맑음,단일로 - 기타,승용,남,43세,상해없음,승용,남,70세,경상
2022080500100329,2022년 8월 5일 15시,금요일,충청북도 괴산군 괴산읍,중상사고,0,1,0,0,차대차 - 정면충돌,안전운전불이행,건조,맑음,교차로 - 교차로횡단보도내,화물,여,65세,상해없음,사륜오토바이(ATV),여,44세,중상
2022080500100330,2022년 8월 5일 15시,금요일,충청북도 청주시 서원구 분평동,경상사고,0,0,1,0,차대차 - 기타,안전운전불이행,건조,맑음,교차로 - 교차로안,자전거,여,64세,경상,승합,남,61세,상해없음
2022080500100409,2022년 8월 5일 17시,금요일,충청북도 증평군 증평읍,경상사고,0,0,1,0,차량단독 - 공작물충돌,안전운전불이행,건조,맑음,단일로 - 기타,화물,남,66세,경상,,,,
2022080500100496,2022년 8월 5일 19시,금요일,충청북도 충주시 충인동,경상사고,0,0,1,0,차대차 - 추돌,안전운전불이행,건조,맑음,교차로 - 교차로안,승용,남,41세,상해없음,승용,여,60세,경상
2022080500100497,2022년 8월 5일 19시,금요일,충청북도 제천시 신월동,경상사고,0,0,3,0,차대차 - 기타,중앙선침범,건조,맑음,단일로 - 기타,승용,남,51세,상해없음,승용,남,27세,경상
2022080500100498,2022년 8월 5일 19시,금요일,충청북도 청주시 서원구 개신동,중상사고,0,1,1,0,차대차 - 기타,차로위반,건조,맑음,단일로 - 기타,화물,남,66세,상해없음,승용,남,34세,중상
2022080500100499,2022년 8월 5일 19시,금요일,충청북도 청주시 상당구 용정동,경상사고,0,0,1,0,차대차 - 측면충돌,안전운전불이행,건조,맑음,단일로 - 기타,승용,여,41세,경상,승용,여,66세,상해없음
2022080500100558,2022년 8월 5일 21시,금요일,충청북도 제천시 강제동,경상사고,0,0,1,0,차대차 - 기타,직진우회전진행방해,건조,맑음,교차로 - 교차로안,승용,남,58세,상해없음,자전거,남,14세,경상
2022080600100012,2022년 8월 6일 01시,토요일,충청북도 청주시 흥덕구 복대동,경상사고,0,0,1,0,차대사람 - 기타,안전운전불이행,건조,맑음,단일로 - 기타,승용,여,41세,상해없음,보행자,남,28세,경상
2022080600100060,2022년 8월 6일 07시,토요일,충청북도 청주시 흥덕구 봉명동,경상사고,0,0,1,0,차대차 - 기타,교차로운행방법위반,건조,맑음,교차로 - 교차로부근,이륜,남,68세,경상,승용,남,53세,상해없음
2022080600100061,2022년 8월 6일 07시,토요일,충청북도 청주시 서원구 모충동,중상사고,0,1,0,0,차대차 - 후진중충돌,안전운전불이행,건조,맑음,교차로 - 교차로부근,승용,남,68세,상해없음,승용,남,32세,중상
2022080600100079,2022년 8월 6일 08시,토요일,충청북도 증평군 증평읍,중상사고,0,1,0,0,차대사람 - 횡단중,안전운전불이행,건조,맑음,교차로 - 교차로부근,승용,남,44세,상해없음,보행자,여,80세,중상
2022080600100123,2022년 8월 6일 10시,토요일,충청북도 충주시 중앙탑면,경상사고,0,0,1,0,차대차 - 측면충돌,직진우회전진행방해,건조,맑음,교차로 - 교차로안,화물,남,60세,상해없음,승용,여,48세,경상
2022080600100124,2022년 8월 6일 10시,토요일,충청북도 충주시 산척면,경상사고,0,0,2,0,차대차 - 후진중충돌,안전운전불이행,건조,맑음,주차장 - 주차장,승용,남,77세,상해없음,승용,남,46세,경상
2022080600100155,2022년 8월 6일 11시,토요일,충청북도 충주시 종민동,경상사고,0,0,4,0,차대차 - 측면충돌,기타,건조,맑음,단일로 - 기타,승용,남,28세,기타불명,승용,남,40세,경상
2022080600100156,2022년 8월 6일 11시,토요일,충청북도 음성군 삼성면,경상사고,0,0,3,0,차대차 - 측면충돌,교차로운행방법위반,건조,맑음,교차로 - 교차로안,승용,여,41세,경상,승용,남,24세,경상
2022080600100157,2022년 8월 6일 11시,토요일,충청북도 청주시 흥덕구 비하동,경상사고,0,0,1,0,차대차 - 기타,신호위반,건조,맑음,교차로 - 교차로안,승용,남,51세,상해없음,승용,남,25세,상해없음
2022080600100186,2022년 8월 6일 12시,토요일,충청북도 음성군 음성읍,경상사고,0,0,4,0,차대차 - 정면충돌,중앙선침범,건조,맑음,단일로 - 기타,승용,남,56세,상해없음,승용,남,54세,경상
2022080600100226,2022년 8월 6일 13시,토요일,충청북도 음성군 맹동면,경상사고,0,0,1,0,차대차 - 측면충돌,차로위반,건조,맑음,단일로 - 기타,화물,남,48세,상해없음,이륜,남,31세,경상
2022080600100323,2022년 8월 6일 16시,토요일,충청북도 보은군 회인면,경상사고,0,0,2,0,차대차 - 정면충돌,중앙선침범,건조,맑음,단일로 - 기타,승용,여,62세,상해없음,화물,남,55세,경상
2022080600100381,2022년 8월 6일 18시,토요일,충청북도 청주시 흥덕구 비하동,경상사고,0,0,1,0,차대사람 - 기타,안전운전불이행,건조,맑음,교차로 - 교차로부근,승용,남,52세,상해없음,보행자,여,62세,경상
2022080600100403,2022년 8월 6일 19시,토요일,충청북도 괴산군 연풍면,부상신고사고,0,0,0,1,차대차 - 정면충돌,직진우회전진행방해,건조,맑음,교차로 - 교차로안,특수,남,28세,상해없음,자전거,남,64세,부상신고
2022080700100013,2022년 8월 7일 01시,일요일,충청북도 제천시 장락동,경상사고,0,0,1,0,차량단독 - 기타,안전운전불이행,건조,맑음,교차로 - 교차로횡단보도내,자전거,남,43세,경상,,,,
2022080700100014,2022년 8월 7일 01시,일요일,충청북도 청주시 상당구 산성동,경상사고,0,0,1,0,차량단독 - 도로외이탈 - 기타,안전운전불이행,건조,맑음,교차로 - 교차로횡단보도내,승용,남,31세,경상,,,,
2022080700100022,2022년 8월 7일 02시,일요일,충청북도 음성군 맹동면,중상사고,0,1,3,0,차대차 - 측면충돌,신호위반,건조,맑음,교차로 - 교차로안,이륜,남,24세,중상,승용,여,65세,경상
2022080700100023,2022년 8월 7일 02시,일요일,충청북도 청주시 흥덕구 비하동,경상사고,0,0,1,0,차대차 - 기타,신호위반,건조,맑음,교차로 - 교차로부근,이륜,남,15세,기타불명,승용,남,53세,경상
2022080700100029,2022년 8월 7일 04시,일요일,충청북도 청주시 흥덕구 봉명동,경상사고,0,0,1,0,차대차 - 측면충돌,안전운전불이행,건조,맑음,교차로 - 교차로안,승용,남,64세,상해없음,이륜,남,32세,경상
2022080700100070,2022년 8월 7일 09시,일요일,충청북도 청주시 상당구 용암동,경상사고,0,0,2,0,차대차 - 측면충돌,신호위반,건조,맑음,교차로 - 교차로안,승용,남,43세,상해없음,승용,남,47세,경상
2022080700100154,2022년 8월 7일 13시,일요일,충청북도 제천시 명지동,중상사고,0,1,0,0,차대차 - 기타,안전운전불이행,건조,맑음,교차로 - 교차로안,승용,남,53세,상해없음,승용,여,57세,중상
2022080700100278,2022년 8월 7일 18시,일요일,충청북도 청주시 흥덕구 봉명동,경상사고,0,0,1,0,차대차 - 측면충돌,안전운전불이행,건조,맑음,교차로 - 교차로부근,승용,여,42세,상해없음,자전거,남,53세,경상
2022080700100326,2022년 8월 7일 20시,일요일,충청북도 청주시 흥덕구 봉명동,경상사고,0,0,1,0,차대차 - 추돌,안전운전불이행,건조,맑음,교차로 - 교차로부근,승용,남,27세,상해없음,승용,남,44세,경상
2022080700100366,2022년 8월 7일 22시,일요일,충청북도 청주시 흥덕구 송절동,경상사고,0,0,2,0,차대차 - 측면충돌,신호위반,건조,맑음,교차로 - 교차로안,이륜,남,59세,경상,승용,남,27세,경상
2022080700100374,2022년 8월 7일 23시,일요일,충청북도 제천시 동현동,중상사고,0,1,0,0,차대차 - 측면충돌,안전운전불이행,건조,맑음,교차로 - 교차로부근,개인형이동수단(PM),여,37세,중상,승합,남,47세,상해없음
2022080800100056,2022년 8월 8일 07시,월요일,충청북도 청주시 청원구 오창읍,경상사고,0,0,1,0,차대차 - 추돌,안전운전불이행,건조,맑음,기타 - 기타,화물,남,45세,상해없음,승용,남,32세,경상
2022080800100077,2022년 8월 8일 08시,월요일,충청북도 괴산군 연풍면,경상사고,0,0,1,0,차량단독 - 전도전복 - 전도,안전운전불이행,건조,맑음,단일로 - 기타,개인형이동수단(PM),여,42세,경상,,,,
2022080800100126,2022년 8월 8일 10시,월요일,충청북도 청주시 청원구 오창읍,경상사고,0,0,1,0,차대차 - 측면충돌,교차로운행방법위반,건조,흐림,교차로 - 교차로부근,승용,여,34세,상해없음,승용,남,35세,경상
2022080800100156,2022년 8월 8일 11시,월요일,충청북도 청주시 청원구 율량동,경상사고,0,0,1,0,차대차 - 정면충돌,신호위반,건조,맑음,교차로 - 교차로안,승용,여,49세,상해없음,승용,여,33세,경상
2022080800100157,2022년 8월 8일 11시,월요일,충청북도 보은군 보은읍,경상사고,0,0,1,0,차대차 - 측면충돌,신호위반,건조,맑음,교차로 - 교차로안,승용,여,56세,상해없음,승용,남,59세,경상
2022080800100158,2022년 8월 8일 11시,월요일,충청북도 단양군 대강면,경상사고,0,0,2,0,차대차 - 후진중충돌,안전운전불이행,건조,맑음,주차장 - 주차장,승합,남,56세,상해없음,승용,남,50세,경상
2022080800100187,2022년 8월 8일 12시,월요일,충청북도 청주시 서원구 성화동,경상사고,0,0,1,0,차대차 - 측면충돌,안전운전불이행,건조,맑음,단일로 - 기타,기타불명,기타불명,미분류,기타불명,승용,남,38세,경상
2022080800100223,2022년 8월 8일 13시,월요일,충청북도 제천시 송학면,사망사고,1,0,0,0,차대차 - 기타,안전운전불이행,젖음/습기,흐림,단일로 - 기타,건설기계,남,48세,사망,건설기계,남,45세,상해없음
2022080800100252,2022년 8월 8일 14시,월요일,충청북도 제천시 금성면,중상사고,0,2,0,0,차대차 - 정면충돌,중앙선침범,건조,맑음,교차로 - 교차로안,화물,남,73세,중상,승용,남,53세,중상
2022080800100287,2022년 8월 8일 15시,월요일,충청북도 충주시 앙성면,중상사고,0,1,3,0,차대차 - 추돌,안전거리미확보,젖음/습기,비,단일로 - 기타,승용,남,53세,중상,승용,여,59세,경상