사고번호,사고일시,요일,시군구,사고내용,사망자수,중상자수,경상자수,부상신고자수,사고유형,법규위반,노면상태,기상상태,도로형태,가해운전자 차종,가해운전자 성별,가해운전자 연령,가해운전자 상해정도,피해운전자 차종,피해운전자 성별,피해운전자 연령,피해운전자 상해정도
2022080800100288,2022년 8월 8일 15시,월요일,충청북도 음성군 생극면,중상사고,0,1,1,0,차량단독 - 도로외이탈 - 추락,안전운전불이행,젖음/습기,비,단일로 - 기타,승용,남,21세,경상,,,,
2022080800100319,2022년 8월 8일 16시,월요일,충청북도 청주시 흥덕구 강서동,경상사고,0,0,1,0,차대차 - 후진중충돌,안전운전불이행,건조,맑음,주차장 - 주차장,승용,남,42세,상해없음,승용,여,27세,경상
2022080800100321,2022년 8월 8일 16시,월요일,충청북도 청주시 서원구 모충동,부상신고사고,0,0,0,1,차대차 - 추돌,안전운전불이행,건조,맑음,기타 - 기타,자전거,남,27세,상해없음,자전거,남,79세,부상신고
2022080800100363,2022년 8월 8일 17시,월요일,충청북도 제천시 두학동,경상사고,0,0,2,0,차대차 - 측면충돌,직진우회전진행방해,건조,맑음,교차로 - 교차로안,승용,남,59세,경상,승합,남,66세,경상
2022080800100364,2022년 8월 8일 17시,월요일,충청북도 음성군 대소면,중상사고,0,1,0,0,차대차 - 측면충돌,중앙선침범,젖음/습기,비,단일로 - 기타,화물,남,66세,상해없음,사륜오토바이(ATV),남,92세,중상
2022080800100365,2022년 8월 8일 17시,월요일,충청북도 청주시 흥덕구 복대동,경상사고,0,0,1,0,차대차 - 측면충돌,신호위반,젖음/습기,비,교차로 - 교차로안,자전거,남,15세,경상,승용,남,62세,상해없음
2022080800100366,2022년 8월 8일 17시,월요일,충청북도 옥천군 동이면,중상사고,0,2,1,0,차대차 - 추돌,차로위반,젖음/습기,비,단일로 - 터널,승용,남,55세,상해없음,화물,남,60세,경상
2022080800100412,2022년 8월 8일 18시,월요일,충청북도 괴산군 칠성면,부상신고사고,0,0,0,1,차대차 - 측면충돌,교차로운행방법위반,건조,맑음,교차로 - 교차로안,이륜,남,69세,부상신고,화물,남,60세,상해없음
2022080800100413,2022년 8월 8일 18시,월요일,충청북도 청주시 서원구 성화동,경상사고,0,0,1,0,차대사람 - 차도통행중,안전운전불이행,건조,맑음,단일로 - 기타,개인형이동수단(PM),남,13세,상해없음,보행자,여,10세,경상
2022080800100478,2022년 8월 8일 20시,월요일,충청북도 청주시 청원구 우암동,경상사고,0,0,1,0,차대차 - 기타,안전운전불이행,젖음/습기,맑음,기타 - 기타,승용,남,40세,상해없음,원동기,남,37세,경상
2022080800100479,2022년 8월 8일 20시,월요일,충청북도 청주시 서원구 산남동,부상신고사고,0,0,0,1,차대차 - 추돌,안전거리미확보,젖음/습기,비,단일로 - 기타,이륜,남,30세,부상신고,승용,여,67세,상해없음
2022080800100509,2022년 8월 8일 21시,월요일,충청북도 충주시 용산동,경상사고,0,0,1,0,차대사람 - 횡단중,신호위반,젖음/습기,비,교차로 - 교차로횡단보도내,이륜,남,27세,상해없음,보행자,남,19세,경상
2022080800100510,2022년 8월 8일 21시,월요일,충청북도 제천시 청전동,경상사고,0,0,1,0,차대차 - 측면충돌,교차로운행방법위반,젖음/습기,비,교차로 - 교차로안,승용,남,61세,상해없음,승용,여,36세,경상
2022080800100511,2022년 8월 8일 21시,월요일,충청북도 제천시 동현동,경상사고,0,0,2,0,차대차 - 추돌,안전운전불이행,젖음/습기,맑음,교차로 - 교차로부근,승용,남,29세,상해없음,승용,남,43세,경상
2022080900100018,2022년 8월 9일 01시,화요일,충청북도 청주시 상당구 금천동,사망사고,1,0,0,0,차대사람 - 횡단중,기타,젖음/습기,비,교차로 - 교차로부근,승용,남,42세,상해없음,보행자,남,71세,사망
2022080900100109,2022년 8월 9일 09시,화요일,충청북도 충주시 목행동,경상사고,0,0,1,0,차대차 - 측면충돌,교차로운행방법위반,젖음/습기,흐림,교차로 - 교차로안,승용,여,69세,상해없음,화물,여,61세,경상
2022080900100134,2022년 8월 9일 10시,화요일,충청북도 청주시 청원구 오창읍,사망사고,1,0,0,0,차량단독 - 기타,안전운전불이행,젖음/습기,흐림,단일로 - 기타,화물,남,60세,사망,,,,
2022080900100190,2022년 8월 9일 12시,화요일,충청북도 청주시 청원구 내덕동,경상사고,0,0,1,0,차대차 - 후진중충돌,안전운전불이행,건조,맑음,기타 - 기타,화물,남,44세,상해없음,원동기,남,58세,경상
2022080900100221,2022년 8월 9일 13시,화요일,충청북도 진천군 진천읍,경상사고,0,0,2,0,차대사람 - 횡단중,보행자보호의무위반,건조,맑음,교차로 - 교차로횡단보도내,승용,여,26세,상해없음,보행자,여,17세,경상
2022080900100247,2022년 8월 9일 14시,화요일,충청북도 청주시 청원구 내수읍,경상사고,0,0,2,0,차대차 - 기타,안전운전불이행,건조,맑음,기타 - 기타,승용,여,74세,상해없음,승용,여,37세,경상
2022080900100272,2022년 8월 9일 15시,화요일,충청북도 단양군 단양읍,경상사고,0,0,1,0,차대차 - 추돌,안전운전불이행,건조,맑음,기타 - 기타,화물,남,30세,상해없음,승용,남,62세,경상
2022080900100332,2022년 8월 9일 17시,화요일,충청북도 충주시 금가면,경상사고,0,0,3,0,차대차 - 측면충돌,안전운전불이행,건조,맑음,단일로 - 기타,승용,남,47세,상해없음,승용,여,41세,경상
2022080900100333,2022년 8월 9일 17시,화요일,충청북도 청주시 상당구 용담동,경상사고,0,0,1,0,차대차 - 측면충돌,안전운전불이행,건조,맑음,단일로 - 지하차도(도로)내,승용,여,52세,상해없음,자전거,남,11세,경상
2022080900100334,2022년 8월 9일 17시,화요일,충청북도 청주시 상당구 용암동,경상사고,0,0,1,0,차대차 - 추돌,안전운전불이행,건조,맑음,교차로 - 교차로부근,승용,여,68세,상해없음,승용,남,33세,경상
2022080900100374,2022년 8월 9일 18시,화요일,충청북도 청주시 청원구 우암동,경상사고,0,0,2,0,차대차 - 기타,교차로운행방법위반,건조,맑음,교차로 - 교차로안,승용,남,66세,상해없음,이륜,남,52세,경상
2022080900100416,2022년 8월 9일 19시,화요일,충청북도 충주시 교현동,경상사고,0,0,2,0,차대차 - 기타,안전운전불이행,건조,맑음,교차로 - 교차로안,승용,남,52세,상해없음,승용,남,38세,경상
2022080900100417,2022년 8월 9일 19시,화요일,충청북도 제천시 장락동,중상사고,0,1,0,0,차대사람 - 횡단중,보행자보호의무위반,건조,맑음,교차로 - 교차로안,승용,남,67세,상해없음,보행자,여,15세,중상
2022080900100418,2022년 8월 9일 19시,화요일,충청북도 청주시 흥덕구 복대동,경상사고,0,0,1,0,차대사람 - 횡단중,신호위반,건조,맑음,교차로 - 교차로횡단보도내,화물,남,34세,상해없음,보행자,남,20세,경상
2022080900100419,2022년 8월 9일 19시,화요일,충청북도 청주시 흥덕구 가경동,경상사고,0,0,1,0,차대차 - 기타,안전운전불이행,젖음/습기,비,단일로 - 기타,승용,남,29세,상해없음,승용,남,57세,경상
2022080900100420,2022년 8월 9일 19시,화요일,충청북도 청주시 상당구 운동동,중상사고,0,1,0,0,차대차 - 측면충돌,안전운전불이행,건조,맑음,단일로 - 기타,승용,남,66세,상해없음,승용,여,55세,중상
2022080900100448,2022년 8월 9일 20시,화요일,충청북도 청주시 흥덕구 오송읍,경상사고,0,0,1,0,차대사람 - 횡단중,보행자보호의무위반,건조,맑음,교차로 - 교차로안,승용,남,51세,상해없음,보행자,남,27세,경상
2022080900100468,2022년 8월 9일 21시,화요일,충청북도 진천군 덕산읍,경상사고,0,0,1,0,차대차 - 측면충돌,안전운전불이행,건조,맑음,교차로 - 교차로부근,이륜,남,24세,상해없음,승용,남,32세,경상
2022080900100469,2022년 8월 9일 21시,화요일,충청북도 청주시 흥덕구 송절동,경상사고,0,0,1,0,차대차 - 측면충돌,신호위반,기타,기타,교차로 - 교차로안,승용,남,42세,상해없음,승용,남,30세,경상
2022081000100019,2022년 8월 10일 01시,수요일,충청북도 청주시 흥덕구 송절동,경상사고,0,0,1,0,차대차 - 측면충돌,신호위반,젖음/습기,비,교차로 - 교차로안,승용,여,21세,상해없음,승용,남,28세,경상
2022081000100022,2022년 8월 10일 02시,수요일,충청북도 청주시 흥덕구 복대동,경상사고,0,0,1,0,차대차 - 기타,안전운전불이행,젖음/습기,비,교차로 - 교차로안,승용,여,42세,상해없음,승용,남,29세,경상
2022081000100048,2022년 8월 10일 06시,수요일,충청북도 괴산군 사리면,사망사고,1,2,0,0,차량단독 - 도로외이탈 - 기타,기타,젖음/습기,비,단일로 - 교량,승용,남,49세,중상,,,,
2022081000100061,2022년 8월 10일 07시,수요일,충청북도 충주시 칠금동,경상사고,0,0,1,0,차대차 - 기타,안전운전불이행,젖음/습기,비,교차로 - 교차로안,특수,남,56세,상해없음,승용,남,23세,경상
2022081000100084,2022년 8월 10일 08시,수요일,충청북도 진천군 진천읍,경상사고,0,0,1,0,차대차 - 측면충돌,안전운전불이행,건조,맑음,교차로 - 교차로안,화물,남,57세,상해없음,승용,여,54세,경상
2022081000100117,2022년 8월 10일 09시,수요일,충청북도 충주시 문화동,경상사고,0,0,1,0,차대차 - 측면충돌,안전거리미확보,젖음/습기,비,단일로 - 기타,화물,남,68세,상해없음,승용,여,27세,경상
2022081000100138,2022년 8월 10일 10시,수요일,충청북도 충주시 연수동,경상사고,0,0,2,0,차대차 - 기타,교차로운행방법위반,젖음/습기,비,교차로 - 교차로부근,승합,남,54세,경상,승용,남,26세,경상
2022081000100139,2022년 8월 10일 10시,수요일,충청북도 청주시 서원구 현도면,경상사고,0,0,1,0,차대차 - 측면충돌,중앙선침범,젖음/습기,비,교차로 - 교차로부근,화물,여,38세,상해없음,화물,남,57세,경상
2022081000100194,2022년 8월 10일 12시,수요일,충청북도 청주시 서원구 성화동,경상사고,0,0,2,0,차대차 - 후진중충돌,안전운전불이행,젖음/습기,비,단일로 - 기타,승용,남,79세,상해없음,승용,여,29세,경상
2022081000100217,2022년 8월 10일 13시,수요일,충청북도 음성군 원남면,경상사고,0,0,2,0,차대차 - 추돌,안전거리미확보,젖음/습기,맑음,단일로 - 기타,화물,남,72세,경상,승용,남,53세,경상
2022081000100240,2022년 8월 10일 14시,수요일,충청북도 청주시 흥덕구 송절동,중상사고,0,1,0,0,차대차 - 기타,안전운전불이행,젖음/습기,비,단일로 - 터널,승용,여,31세,상해없음,이륜,남,36세,중상
2022081000100277,2022년 8월 10일 15시,수요일,충청북도 제천시 왕암동,경상사고,0,0,2,0,차대차 - 기타,신호위반,건조,맑음,교차로 - 교차로안,화물,남,21세,경상,화물,남,56세,경상
2022081000100278,2022년 8월 10일 15시,수요일,충청북도 제천시 의림동,중상사고,0,1,0,0,차대차 - 후진중충돌,안전운전불이행,건조,맑음,단일로 - 기타,화물,남,62세,상해없음,화물,남,40세,중상
2022081000100279,2022년 8월 10일 15시,수요일,충청북도 단양군 매포읍,경상사고,0,0,2,0,차대차 - 기타,신호위반,젖음/습기,맑음,교차로 - 교차로안,화물,남,49세,경상,승용,여,55세,경상
2022081000100343,2022년 8월 10일 17시,수요일,충청북도 충주시 호암동,경상사고,0,0,1,0,차대차 - 기타,신호위반,젖음/습기,비,교차로 - 교차로안,승용,여,59세,상해없음,승용,남,60세,경상
2022081000100344,2022년 8월 10일 17시,수요일,충청북도 음성군 생극면,사망사고,1,0,0,0,차대차 - 측면충돌,기타,건조,흐림,단일로 - 기타,화물,남,63세,상해없음,자전거,남,79세,사망
2022081000100345,2022년 8월 10일 17시,수요일,충청북도 진천군 진천읍,경상사고,0,0,1,0,차대차 - 추돌,안전운전불이행,젖음/습기,비,단일로 - 지하차도(도로)내,승용,남,57세,상해없음,승용,남,42세,경상
2022081000100389,2022년 8월 10일 18시,수요일,충청북도 청주시 흥덕구 비하동,중상사고,0,1,0,0,차대차 - 측면충돌,교차로운행방법위반,젖음/습기,비,교차로 - 교차로안,승용,남,43세,상해없음,이륜,남,27세,중상
2022081000100429,2022년 8월 10일 19시,수요일,충청북도 청주시 흥덕구 비하동,경상사고,0,0,1,0,차대차 - 측면충돌,안전운전불이행,젖음/습기,비,교차로 - 교차로부근,승용,여,44세,기타불명,승용,여,31세,경상
2022081000100459,2022년 8월 10일 20시,수요일,충청북도 청주시 상당구 북문로1가,경상사고,0,0,1,0,차대차 - 측면충돌,신호위반,젖음/습기,비,단일로 - 지하차도(도로)내,승용,여,36세,상해없음,화물,남,54세,경상
2022081000100460,2022년 8월 10일 20시,수요일,충청북도 청주시 상당구 금천동,중상사고,0,1,1,0,차대사람 - 보도통행중,신호위반,젖음/습기,비,교차로 - 교차로횡단보도내,승용,남,28세,상해없음,보행자,남,53세,중상
2022081000100492,2022년 8월 10일 21시,수요일,충청북도 단양군 어상천면,경상사고,0,0,1,0,차량단독 - 전도전복 - 전도,안전운전불이행,젖음/습기,비,단일로 - 기타,화물,남,67세,경상,,,,
2022081000100527,2022년 8월 10일 22시,수요일,충청북도 진천군 덕산읍,경상사고,0,0,1,0,차대차 - 추돌,안전운전불이행,건조,맑음,교차로 - 교차로부근,승용,남,52세,상해없음,승용,남,25세,경상
2022081000100548,2022년 8월 10일 23시,수요일,충청북도 충주시 대소원면,중상사고,0,1,0,0,차대차 - 추돌,안전운전불이행,젖음/습기,비,단일로 - 기타,승용,남,28세,상해없음,화물,남,45세,중상
2022081100100044,2022년 8월 11일 05시,목요일,충청북도 청주시 서원구 산남동,중상사고,0,1,0,0,차대사람 - 길가장자리구역통행중,안전운전불이행,젖음/습기,비,단일로 - 지하차도(도로)내,승용,남,28세,상해없음,보행자,남,58세,중상
2022081100100055,2022년 8월 11일 06시,목요일,충청북도 청주시 서원구 미평동,경상사고,0,0,1,0,차대차 - 기타,안전운전불이행,젖음/습기,비,단일로 - 기타,승용,남,59세,상해없음,승용,남,37세,경상
2022081100100086,2022년 8월 11일 08시,목요일,충청북도 청주시 청원구 오창읍,경상사고,0,0,1,0,차대차 - 측면충돌,안전거리미확보,젖음/습기,비,교차로 - 교차로부근,승용,여,71세,상해없음,승용,남,53세,경상
2022081100100100,2022년 8월 11일 09시,목요일,충청북도 청주시 흥덕구 비하동,경상사고,0,0,1,0,차대차 - 측면충돌,교차로운행방법위반,젖음/습기,비,교차로 - 교차로안,승용,남,59세,상해없음,화물,남,27세,경상
2022081100100171,2022년 8월 11일 12시,목요일,충청북도 청주시 청원구 오창읍,중상사고,0,1,0,0,차대사람 - 횡단중,안전운전불이행,젖음/습기,비,교차로 - 교차로안,승용,남,48세,상해없음,보행자,여,50세,중상
2022081100100210,2022년 8월 11일 13시,목요일,충청북도 제천시 청전동,부상신고사고,0,0,0,1,차대차 - 정면충돌,직진우회전진행방해,젖음/습기,비,교차로 - 교차로안,승용,남,59세,부상신고,승용,여,46세,상해없음
2022081100100235,2022년 8월 11일 14시,목요일,충청북도 충주시 문화동,경상사고,0,0,3,0,차대차 - 기타,안전운전불이행,젖음/습기,비,단일로 - 기타,화물,남,43세,상해없음,승용,남,37세,경상
2022081100100236,2022년 8월 11일 14시,목요일,충청북도 보은군 보은읍,경상사고,0,0,4,0,차대차 - 측면충돌,교차로운행방법위반,젖음/습기,비,교차로 - 교차로안,화물,남,64세,경상,승용,여,38세,경상
2022081100100271,2022년 8월 11일 15시,목요일,충청북도 제천시 하소동,경상사고,0,0,1,0,차대차 - 기타,직진우회전진행방해,젖음/습기,비,교차로 - 교차로안,승용,여,54세,기타불명,승용,남,44세,경상
2022081100100272,2022년 8월 11일 15시,목요일,충청북도 청주시 상당구 용암동,경상사고,0,0,1,0,차대차 - 기타,신호위반,건조,맑음,교차로 - 교차로안,승용,여,61세,상해없음,이륜,남,28세,경상
2022081100100341,2022년 8월 11일 17시,목요일,충청북도 괴산군 연풍면,경상사고,0,0,1,0,차량단독 - 공작물충돌,안전운전불이행,젖음/습기,비,단일로 - 터널,화물,남,52세,경상,,,,
2022081100100342,2022년 8월 11일 17시,목요일,충청북도 진천군 진천읍,경상사고,0,0,1,0,차대차 - 측면충돌,신호위반,건조,맑음,교차로 - 교차로안,승용,여,42세,상해없음,승용,여,57세,경상
2022081100100407,2022년 8월 11일 19시,목요일,충청북도 음성군 감곡면,중상사고,0,1,0,0,차대차 - 추돌,안전운전불이행,젖음/습기,비,단일로 - 기타,이륜,남,30세,중상,건설기계,남,42세,상해없음
2022081100100408,2022년 8월 11일 19시,목요일,충청북도 청주시 흥덕구 복대동,경상사고,0,0,1,0,차대사람 - 차도통행중,안전운전불이행,젖음/습기,비,기타 - 기타,이륜,남,31세,상해없음,보행자,남,58세,경상
2022081100100409,2022년 8월 11일 19시,목요일,충청북도 청주시 흥덕구 복대동,경상사고,0,0,1,0,차대차 - 측면충돌,안전운전불이행,젖음/습기,비,기타 - 기타,승용,여,19세,상해없음,승용,남,32세,경상
2022081100100433,2022년 8월 11일 20시,목요일,충청북도 청주시 서원구 수곡동,경상사고,0,0,2,0,차대차 - 측면충돌,안전운전불이행,건조,맑음,단일로 - 기타,승용,남,60세,상해없음,승용,남,39세,경상
2022081100100461,2022년 8월 11일 21시,목요일,충청북도 청주시 청원구 우암동,경상사고,0,0,1,0,차대차 - 추돌,안전운전불이행,젖음/습기,흐림,교차로 - 교차로부근,승용,남,47세,상해없음,화물,남,64세,경상
2022081100100462,2022년 8월 11일 21시,목요일,충청북도 청주시 청원구 내덕동,중상사고,0,1,0,0,차대차 - 측면충돌,교차로운행방법위반,젖음/습기,비,단일로 - 기타,승용,여,48세,기타불명,이륜,남,23세,중상
2022081100100463,2022년 8월 11일 21시,목요일,충청북도 제천시 영천동,경상사고,0,0,1,0,차대차 - 측면충돌,신호위반,젖음/습기,비,교차로 - 교차로안,승합,남,66세,상해없음,승용,남,42세,경상
2022081200100004,2022년 8월 12일 00시,금요일,충청북도 충주시 연수동,경상사고,0,0,1,0,차대차 - 추돌,안전운전불이행,젖음/습기,흐림,단일로 - 기타,승용,남,36세,상해없음,이륜,남,59세,경상
2022081200100028,2022년 8월 12일 03시,금요일,충청북도 청주시 청원구 내덕동,경상사고,0,0,1,0,차대사람 - 기타,안전운전불이행,젖음/습기,비,교차로 - 교차로부근,승용,남,32세,상해없음,보행자,남,21세,경상
2022081200100061,2022년 8월 12일 07시,금요일,충청북도 진천군 진천읍,경상사고,0,0,1,0,차대차 - 측면충돌,신호위반,건조,맑음,교차로 - 교차로안,승용,남,37세,상해없음,자전거,남,55세,경상
2022081200100062,2022년 8월 12일 07시,금요일,충청북도 청주시 흥덕구 송정동,경상사고,0,0,1,0,차대차 - 측면충돌,안전운전불이행,건조,맑음,교차로 - 교차로부근,승용,남,23세,상해없음,승합,남,48세,경상
2022081200100096,2022년 8월 12일 08시,금요일,충청북도 충주시 주덕읍,중상사고,0,1,0,0,차대차 - 측면충돌,교차로운행방법위반,건조,맑음,교차로 - 교차로안,화물,남,65세,상해없음,이륜,남,78세,중상
2022081200100097,2022년 8월 12일 08시,금요일,충청북도 음성군 맹동면,중상사고,0,1,0,0,차대차 - 측면충돌,교차로운행방법위반,건조,맑음,단일로 - 기타,승용,남,43세,상해없음,승용,남,72세,상해없음
2022081200100192,2022년 8월 12일 11시,금요일,충청북도 청주시 상당구 영동,경상사고,0,0,1,0,차대사람 - 기타,교차로운행방법위반,건조,맑음,교차로 - 교차로안,승용,남,63세,상해없음,보행자,남,81세,경상
2022081200100193,2022년 8월 12일 11시,금요일,충청북도 충주시 금릉동,경상사고,0,0,1,0,차대차 - 측면충돌,중앙선침범,건조,맑음,교차로 - 교차로안,승용,남,55세,상해없음,승용,남,59세,경상
2022081200100194,2022년 8월 12일 11시,금요일,충청북도 충주시 금가면,경상사고,0,0,1,0,차대차 - 후진중충돌,안전운전불이행,건조,맑음,단일로 - 지하차도(도로)내,승용,여,61세,상해없음,승용,여,57세,경상
2022081200100195,2022년 8월 12일 11시,금요일,충청북도 괴산군 장연면,경상사고,0,0,1,0,차대차 - 추돌,안전운전불이행,건조,맑음,단일로 - 기타,승용,남,37세,상해없음,화물,남,50세,경상
2022081200100231,2022년 8월 12일 12시,금요일,충청북도 제천시 장락동,중상사고,0,1,1,0,차대차 - 추돌,안전거리미확보,건조,맑음,단일로 - 기타,승용,남,67세,상해없음,승용,여,44세,경상
2022081200100232,2022년 8월 12일 12시,금요일,충청북도 진천군 진천읍,경상사고,0,0,2,0,차대차 - 측면충돌,안전운전불이행,젖음/습기,맑음,단일로 - 지하차도(도로)내,이륜,남,32세,경상,승용,여,21세,경상
2022081200100233,2022년 8월 12일 12시,금요일,충청북도 청주시 서원구 분평동,경상사고,0,0,1,0,차대차 - 측면충돌,안전운전불이행,건조,맑음,단일로 - 기타,승용,여,72세,상해없음,승용,남,75세,경상
2022081200100270,2022년 8월 12일 13시,금요일,충청북도 청주시 흥덕구 송절동,경상사고,0,0,1,0,차대차 - 측면충돌,안전운전불이행,건조,맑음,교차로 - 교차로안,승용,남,66세,상해없음,승용,남,41세,경상
2022081200100301,2022년 8월 12일 14시,금요일,충청북도 충주시 중앙탑면,중상사고,0,1,1,0,차대차 - 추돌,안전거리미확보,건조,맑음,단일로 - 기타,승용,여,31세,경상,승용,여,63세,중상
2022081200100332,2022년 8월 12일 15시,금요일,충청북도 청주시 상당구 영동,경상사고,0,0,1,0,차대차 - 측면충돌,안전운전불이행,건조,맑음,단일로 - 기타,승용,남,53세,상해없음,자전거,남,88세,경상
2022081200100333,2022년 8월 12일 15시,금요일,충청북도 청주시 상당구 금천동,경상사고,0,0,1,0,차대차 - 측면충돌,안전운전불이행,건조,맑음,교차로 - 교차로부근,자전거,남,49세,경상,승용,여,58세,상해없음
2022081200100375,2022년 8월 12일 16시,금요일,충청북도 음성군 대소면,중상사고,0,1,0,0,차대차 - 추돌,안전운전불이행,건조,맑음,교차로 - 교차로안,원동기,남,58세,중상,승용,여,46세,상해없음
2022081200100376,2022년 8월 12일 16시,금요일,충청북도 청주시 흥덕구 복대동,경상사고,0,0,1,0,차대차 - 기타,교차로운행방법위반,건조,맑음,교차로 - 교차로안,승용,남,39세,상해없음,승용,여,48세,경상
2022081200100418,2022년 8월 12일 17시,금요일,충청북도 청주시 청원구 주중동,경상사고,0,0,1,0,차대차 - 기타,안전운전불이행,건조,맑음,주차장 - 주차장,승용,여,42세,기타불명,승용,여,38세,경상
2022081200100419,2022년 8월 12일 17시,금요일,충청북도 청주시 흥덕구 복대동,경상사고,0,0,2,0,차대차 - 추돌,안전운전불이행,건조,맑음,단일로 - 기타,승합,남,45세,상해없음,승용,여,35세,경상
2022081200100420,2022년 8월 12일 17시,금요일,충청북도 청주시 흥덕구 가경동,경상사고,0,0,1,0,차대차 - 추돌,안전거리미확보,건조,맑음,교차로 - 교차로부근,화물,남,64세,기타불명,승용,여,52세,경상
2022081200100463,2022년 8월 12일 18시,금요일,충청북도 청주시 청원구 오창읍,경상사고,0,0,1,0,차대차 - 측면충돌,안전거리미확보,건조,맑음,교차로 - 교차로부근,승용,여,50세,상해없음,승용,여,52세,경상
2022081200100464,2022년 8월 12일 18시,금요일,충청북도 충주시 금릉동,경상사고,0,0,1,0,차대차 - 측면충돌,신호위반,건조,맑음,교차로 - 교차로안,승용,여,65세,상해없음,승용,여,48세,경상
2022081200100465,2022년 8월 12일 18시,금요일,충청북도 청주시 상당구 남주동,경상사고,0,0,1,0,차대차 - 측면충돌,교차로운행방법위반,건조,맑음,교차로 - 교차로안,자전거,남,77세,경상,승용,남,58세,상해없음
2022081200100511,2022년 8월 12일 19시,금요일,충청북도 청주시 흥덕구 복대동,경상사고,0,0,2,0,차대차 - 정면충돌,신호위반,젖음/습기,흐림,교차로 - 교차로안,승용,남,37세,상해없음,승용,여,67세,경상
2022081200100557,2022년 8월 12일 20시,금요일,충청북도 충주시 교현동,경상사고,0,0,3,0,차대차 - 측면충돌,안전거리미확보,건조,맑음,교차로 - 교차로부근,승합,남,34세,상해없음,승용,남,25세,경상
2022081200100613,2022년 8월 12일 22시,금요일,충청북도 청주시 청원구 내수읍,경상사고,0,0,1,0,차대차 - 기타,안전운전불이행,건조,맑음,교차로 - 교차로부근,승용,남,52세,상해없음,승용,남,37세,경상
2022081200100632,2022년 8월 12일 23시,금요일,충청북도 청주시 상당구 문의면,중상사고,0,2,0,0,차대차 - 정면충돌,중앙선침범,건조,맑음,단일로 - 지하차도(도로)내,승용,남,18세,상해없음,승용,남,48세,중상
2022081300100010,2022년 8월 13일 00시,토요일,충청북도 제천시 봉양읍,경상사고,0,0,4,0,차대차 - 추돌,안전운전불이행,건조,맑음,단일로 - 기타,승용,남,61세,상해없음,승용,여,33세,경상
2022081300100030,2022년 8월 13일 02시,토요일,충청북도 증평군 증평읍,중상사고,0,1,0,0,차대사람 - 기타,안전운전불이행,건조,맑음,교차로 - 교차로부근,승용,여,19세,상해없음,보행자,남,51세,중상
2022081300100036,2022년 8월 13일 03시,토요일,충청북도 증평군 증평읍,경상사고,0,0,1,0,차대차 - 측면충돌,신호위반,건조,흐림,교차로 - 교차로안,승용,여,48세,상해없음,승용,남,47세,경상
2022081300100037,2022년 8월 13일 03시,토요일,충청북도 청주시 흥덕구 복대동,경상사고,0,0,1,0,차대차 - 후진중충돌,안전운전불이행,건조,맑음,기타 - 기타,승용,남,31세,상해없음,승용,남,32세,경상
2022081300100077,2022년 8월 13일 08시,토요일,충청북도 청주시 서원구 사창동,경상사고,0,0,1,0,차대차 - 추돌,안전거리미확보,젖음/습기,흐림,교차로 - 교차로부근,승합,남,39세,상해없음,승용,여,47세,경상
2022081300100078,2022년 8월 13일 08시,토요일,충청북도 청주시 서원구 개신동,경상사고,0,0,1,0,차대사람 - 차도통행중,안전운전불이행,건조,맑음,교차로 - 교차로안,승용,여,40세,상해없음,보행자,여,52세,경상
2022081300100121,2022년 8월 13일 10시,토요일,충청북도 충주시 용탄동,중상사고,0,1,0,0,차대사람 - 기타,안전운전불이행,건조,맑음,주차장 - 주차장,기타불명,남,42세,상해없음,보행자,남,42세,중상
2022081300100122,2022년 8월 13일 10시,토요일,충청북도 청주시 서원구 분평동,경상사고,0,0,1,0,차대차 - 측면충돌,안전운전불이행,건조,맑음,교차로 - 교차로횡단보도내,승용,남,90세,상해없음,승용,남,29세,경상
2022081300100143,2022년 8월 13일 11시,토요일,충청북도 청주시 서원구 사직동,중상사고,0,1,3,0,차대차 - 기타,안전거리미확보,건조,맑음,기타 - 기타,승용,여,37세,기타불명,승용,여,27세,중상
2022081300100228,2022년 8월 13일 13시,토요일,충청북도 음성군 원남면,경상사고,0,0,1,0,차대차 - 정면충돌,중앙선침범,젖음/습기,비,단일로 - 지하차도(도로)내,승용,남,48세,상해없음,화물,남,28세,경상
2022081300100296,2022년 8월 13일 15시,토요일,충청북도 충주시 봉방동,중상사고,0,1,0,0,차대사람 - 횡단중,안전운전불이행,젖음/습기,비,교차로 - 교차로부근,승용,남,69세,상해없음,보행자,남,28세,중상
2022081300100297,2022년 8월 13일 15시,토요일,충청북도 음성군 맹동면,경상사고,0,0,2,0,차대차 - 측면충돌,신호위반,건조,맑음,교차로 - 교차로안,승용,남,27세,경상,승용,남,34세,경상
2022081300100298,2022년 8월 13일 15시,토요일,충청북도 음성군 금왕읍,경상사고,0,0,1,0,차대차 - 추돌,안전운전불이행,젖음/습기,비,단일로 - 기타,승용,남,24세,상해없음,승용,남,60세,경상
2022081300100299,2022년 8월 13일 15시,토요일,충청북도 진천군 진천읍,경상사고,0,0,1,0,차대차 - 측면충돌,교차로운행방법위반,건조,맑음,교차로 - 교차로안,승용,남,55세,기타불명,승용,남,52세,경상