사고번호,사고일시,요일,시군구,사고내용,사망자수,중상자수,경상자수,부상신고자수,사고유형,법규위반,노면상태,기상상태,도로형태,가해운전자 차종,가해운전자 성별,가해운전자 연령,가해운전자 상해정도,피해운전자 차종,피해운전자 성별,피해운전자 연령,피해운전자 상해정도
2022081300100330,2022년 8월 13일 16시,토요일,충청북도 청주시 흥덕구 옥산면,중상사고,0,2,0,0,차대차 - 측면충돌,안전운전불이행,젖음/습기,비,단일로 - 기타,승용,남,61세,상해없음,승용,여,44세,중상
2022081300100331,2022년 8월 13일 16시,토요일,충청북도 청주시 흥덕구 봉명동,경상사고,0,0,1,0,차대차 - 기타,기타,젖음/습기,흐림,단일로 - 기타,승용,남,74세,상해없음,이륜,남,28세,경상
2022081300100417,2022년 8월 13일 19시,토요일,충청북도 진천군 진천읍,중상사고,0,2,0,0,차대차 - 정면충돌,교차로운행방법위반,건조,맑음,교차로 - 교차로안,승용,남,59세,상해없음,승용,남,18세,중상
2022081300100418,2022년 8월 13일 19시,토요일,충청북도 청주시 서원구 사직동,중상사고,0,2,0,0,차대차 - 측면충돌,안전운전불이행,건조,흐림,단일로 - 지하차도(도로)내,이륜,남,22세,중상,승용,남,51세,중상
2022081300100488,2022년 8월 13일 21시,토요일,충청북도 충주시 달천동,중상사고,0,1,0,0,차대차 - 측면충돌,교차로운행방법위반,건조,맑음,교차로 - 교차로부근,승용,여,40세,상해없음,승용,남,57세,중상
2022081300100489,2022년 8월 13일 21시,토요일,충청북도 청주시 상당구 용암동,경상사고,0,0,1,0,차대사람 - 기타,안전운전불이행,건조,맑음,교차로 - 교차로부근,원동기,남,21세,상해없음,보행자,남,10세,상해없음
2022081300100527,2022년 8월 13일 23시,토요일,충청북도 청주시 상당구 용암동,중상사고,0,1,0,0,차대사람 - 차도통행중,안전운전불이행,젖음/습기,비,단일로 - 지하차도(도로)내,승용,남,35세,상해없음,보행자,남,29세,중상
2022081400100087,2022년 8월 14일 10시,일요일,충청북도 청주시 상당구 영동,중상사고,0,1,0,0,차대차 - 기타,안전운전불이행,젖음/습기,흐림,교차로 - 교차로안,승용,남,41세,상해없음,자전거,남,62세,중상
2022081400100088,2022년 8월 14일 10시,일요일,충청북도 충주시 연수동,중상사고,0,1,2,0,차대차 - 측면충돌,신호위반,젖음/습기,비,교차로 - 교차로안,승용,여,59세,중상,승용,남,53세,경상
2022081400100110,2022년 8월 14일 11시,일요일,충청북도 음성군 금왕읍,경상사고,0,0,3,0,차대차 - 추돌,안전운전불이행,젖음/습기,흐림,단일로 - 기타,승용,여,59세,경상,승용,여,27세,상해없음
2022081400100135,2022년 8월 14일 12시,일요일,충청북도 제천시 봉양읍,중상사고,0,1,0,0,차대차 - 측면충돌,직진우회전진행방해,건조,맑음,교차로 - 교차로안,화물,남,63세,상해없음,승용,남,42세,상해없음
2022081400100136,2022년 8월 14일 12시,일요일,충청북도 청주시 흥덕구 송절동,중상사고,0,2,0,0,차량단독 - 공작물충돌,안전운전불이행,젖음/습기,비,단일로 - 기타,승용,남,67세,중상,,,,
2022081400100218,2022년 8월 14일 16시,일요일,충청북도 청주시 청원구 오창읍,중상사고,0,1,0,0,차대차 - 측면충돌,교차로운행방법위반,건조,흐림,교차로 - 교차로부근,승용,남,48세,상해없음,이륜,남,55세,중상
2022081400100241,2022년 8월 14일 17시,일요일,충청북도 청주시 흥덕구 운천동,경상사고,0,0,1,0,차대차 - 측면충돌,안전운전불이행,건조,맑음,교차로 - 교차로안,승용,남,50세,상해없음,승용,남,32세,경상
2022081400100296,2022년 8월 14일 19시,일요일,충청북도 증평군 증평읍,경상사고,0,0,1,0,차대사람 - 횡단중,신호위반,젖음/습기,맑음,교차로 - 교차로부근,이륜,남,28세,상해없음,보행자,여,28세,경상
2022081400100297,2022년 8월 14일 19시,일요일,충청북도 음성군 대소면,경상사고,0,0,2,0,차대차 - 추돌,안전운전불이행,젖음/습기,비,교차로 - 교차로부근,승용,남,50세,상해없음,승용,여,54세,상해없음
2022081400100319,2022년 8월 14일 20시,일요일,충청북도 청주시 청원구 율량동,경상사고,0,0,1,0,차대차 - 기타,신호위반,건조,맑음,교차로 - 교차로안,이륜,남,20세,상해없음,승용,남,20세,경상
2022081400100320,2022년 8월 14일 20시,일요일,충청북도 제천시 의림동,경상사고,0,0,4,0,차대차 - 측면충돌,안전거리미확보,젖음/습기,비,단일로 - 기타,승용,여,66세,상해없음,승용,남,25세,경상
2022081400100321,2022년 8월 14일 20시,일요일,충청북도 청주시 서원구 개신동,경상사고,0,0,2,0,차대차 - 추돌,안전운전불이행,건조,맑음,교차로 - 교차로부근,승용,남,37세,상해없음,승용,남,47세,경상
2022081400100339,2022년 8월 14일 21시,일요일,충청북도 증평군 증평읍,경상사고,0,0,2,0,차대차 - 추돌,안전거리미확보,건조,맑음,교차로 - 교차로부근,승용,남,48세,상해없음,승용,여,48세,경상
2022081400100340,2022년 8월 14일 21시,일요일,충청북도 청주시 흥덕구 송절동,중상사고,0,1,0,0,차대사람 - 보도통행중,보행자보호의무위반,건조,맑음,교차로 - 교차로횡단보도내,화물,남,42세,상해없음,보행자,여,36세,중상
2022081400100360,2022년 8월 14일 22시,일요일,충청북도 청주시 흥덕구 강서동,중상사고,0,1,0,0,차대차 - 기타,교차로운행방법위반,건조,맑음,교차로 - 교차로안,승용,남,44세,상해없음,개인형이동수단(PM),남,18세,중상
2022081400100361,2022년 8월 14일 22시,일요일,충청북도 청주시 상당구 금천동,부상신고사고,0,0,0,1,차량단독 - 도로외이탈 - 기타,기타,건조,맑음,단일로 - 기타,개인형이동수단(PM),남,23세,부상신고,,,,
2022081500100010,2022년 8월 15일 01시,월요일,충청북도 청주시 흥덕구 강서동,경상사고,0,0,2,0,차대차 - 추돌,안전운전불이행,건조,맑음,단일로 - 기타,승용,남,66세,상해없음,승용,남,41세,경상
2022081500100044,2022년 8월 15일 05시,월요일,충청북도 음성군 맹동면,중상사고,0,2,1,0,차대차 - 추돌,안전운전불이행,건조,맑음,단일로 - 기타,화물,남,48세,중상,승용,남,43세,경상
2022081500100059,2022년 8월 15일 07시,월요일,충청북도 진천군 이월면,경상사고,0,0,2,0,차대차 - 측면충돌,교차로운행방법위반,건조,맑음,교차로 - 교차로부근,승용,여,60세,경상,화물,남,74세,경상
2022081500100102,2022년 8월 15일 10시,월요일,충청북도 청주시 상당구 용암동,중상사고,0,2,0,0,차대차 - 기타,교차로운행방법위반,건조,맑음,교차로 - 교차로안,이륜,남,30세,중상,이륜,남,50세,중상
2022081500100121,2022년 8월 15일 11시,월요일,충청북도 청주시 청원구 사천동,경상사고,0,0,2,0,차대차 - 기타,안전운전불이행,건조,맑음,교차로 - 교차로부근,승용,남,49세,상해없음,승용,여,29세,경상
2022081500100160,2022년 8월 15일 12시,월요일,충청북도 충주시 용산동,경상사고,0,0,1,0,차대사람 - 차도통행중,안전운전불이행,건조,맑음,교차로 - 교차로안,승용,남,54세,상해없음,보행자,여,29세,경상
2022081500100161,2022년 8월 15일 12시,월요일,충청북도 진천군 진천읍,경상사고,0,0,1,0,차대차 - 측면충돌,안전거리미확보,건조,맑음,교차로 - 교차로안,승용,여,65세,상해없음,승용,여,38세,경상
2022081500100196,2022년 8월 15일 13시,월요일,충청북도 진천군 진천읍,중상사고,0,1,0,0,차대사람 - 보도통행중,보행자보호의무위반,건조,맑음,단일로 - 지하차도(도로)내,승용,남,56세,상해없음,보행자,여,78세,중상
2022081500100225,2022년 8월 15일 14시,월요일,충청북도 진천군 진천읍,중상사고,0,1,0,0,차대차 - 측면충돌,안전운전불이행,건조,맑음,교차로 - 교차로안,승용,여,71세,상해없음,이륜,남,90세,중상
2022081500100226,2022년 8월 15일 14시,월요일,충청북도 진천군 초평면,경상사고,0,0,4,0,차대차 - 추돌,안전운전불이행,건조,맑음,단일로 - 기타,승합,기타불명,미분류,기타불명,승용,여,47세,경상
2022081500100251,2022년 8월 15일 15시,월요일,충청북도 청주시 청원구 내수읍,중상사고,0,1,0,0,차대차 - 정면충돌,중앙선침범,건조,흐림,단일로 - 기타,승용,여,65세,상해없음,화물,남,66세,중상
2022081500100252,2022년 8월 15일 15시,월요일,충청북도 청주시 서원구 남이면,경상사고,0,0,1,0,차대차 - 기타,중앙선침범,젖음/습기,흐림,단일로 - 기타,승용,여,53세,상해없음,승용,여,40세,경상
2022081500100279,2022년 8월 15일 16시,월요일,충청북도 괴산군 소수면,경상사고,0,0,3,0,차대차 - 추돌,안전운전불이행,건조,맑음,교차로 - 교차로부근,승용,여,33세,상해없음,승용,여,42세,경상
2022081500100280,2022년 8월 15일 16시,월요일,충청북도 청주시 서원구 모충동,중상사고,0,1,0,0,차대차 - 추돌,신호위반,건조,맑음,교차로 - 교차로안,자전거,남,81세,중상,승용,남,52세,상해없음
2022081500100309,2022년 8월 15일 17시,월요일,충청북도 충주시 칠금동,중상사고,0,1,0,0,차대차 - 측면충돌,신호위반,건조,맑음,교차로 - 교차로안,승합,남,51세,상해없음,이륜,남,62세,중상
2022081500100310,2022년 8월 15일 17시,월요일,충청북도 제천시 두학동,중상사고,0,1,0,0,차대차 - 기타,직진우회전진행방해,건조,맑음,교차로 - 교차로안,승용,여,54세,상해없음,승용,남,76세,중상
2022081500100311,2022년 8월 15일 17시,월요일,충청북도 청주시 서원구 현도면,중상사고,0,1,0,0,차대차 - 측면충돌,중앙선침범,건조,맑음,단일로 - 기타,승용,남,70세,상해없음,자전거,남,45세,중상
2022081500100408,2022년 8월 15일 21시,월요일,충청북도 충주시 연수동,중상사고,0,1,1,0,차대차 - 추돌,안전운전불이행,젖음/습기,비,교차로 - 교차로안,이륜,남,26세,중상,승용,남,18세,경상
2022081500100409,2022년 8월 15일 21시,월요일,충청북도 제천시 고암동,중상사고,0,1,0,0,차대사람 - 길가장자리구역통행중,안전운전불이행,젖음/습기,흐림,기타 - 기타,승용,남,53세,상해없음,보행자,남,18세,중상
2022081500100425,2022년 8월 15일 22시,월요일,충청북도 청주시 상당구 용담동,경상사고,0,0,1,0,차대차 - 후진중충돌,안전운전불이행,젖음/습기,흐림,단일로 - 기타,승용,여,40세,상해없음,승용,여,49세,경상
2022081500100445,2022년 8월 15일 23시,월요일,충청북도 청주시 청원구 사천동,중상사고,0,1,1,0,차대차 - 정면충돌,신호위반,젖음/습기,비,교차로 - 교차로안,이륜,남,26세,중상,승용,남,27세,경상
2022081500100446,2022년 8월 15일 23시,월요일,충청북도 청주시 상당구 용암동,경상사고,0,0,1,0,차대차 - 후진중충돌,안전운전불이행,젖음/습기,비,교차로 - 교차로부근,승용,남,30세,상해없음,승용,남,30세,경상
2022081600100080,2022년 8월 16일 08시,화요일,충청북도 음성군 생극면,경상사고,0,0,1,0,차대차 - 기타,신호위반,건조,맑음,교차로 - 교차로안,승용,여,27세,상해없음,승용,남,33세,경상
2022081600100112,2022년 8월 16일 09시,화요일,충청북도 청주시 흥덕구 복대동,경상사고,0,0,1,0,차대사람 - 횡단중,교차로운행방법위반,건조,맑음,교차로 - 교차로부근,승용,남,66세,상해없음,보행자,여,24세,경상
2022081600100136,2022년 8월 16일 10시,화요일,충청북도 청주시 상당구 영동,중상사고,0,2,1,0,차대차 - 정면충돌,중앙선침범,건조,맑음,단일로 - 기타,승용,여,63세,중상,승용,남,42세,중상
2022081600100137,2022년 8월 16일 10시,화요일,충청북도 청주시 청원구 율량동,경상사고,0,0,1,0,차대차 - 기타,안전운전불이행,건조,맑음,교차로 - 교차로부근,승용,남,62세,상해없음,승용,여,40세,경상
2022081600100138,2022년 8월 16일 10시,화요일,충청북도 음성군 금왕읍,중상사고,0,1,0,0,차대차 - 추돌,안전거리미확보,건조,맑음,교차로 - 교차로부근,화물,남,69세,상해없음,자전거,여,79세,중상
2022081600100139,2022년 8월 16일 10시,화요일,충청북도 진천군 덕산읍,경상사고,0,0,1,0,차대차 - 추돌,교차로운행방법위반,건조,맑음,교차로 - 교차로안,승용,여,53세,경상,건설기계,남,69세,기타불명
2022081600100140,2022년 8월 16일 10시,화요일,충청북도 청주시 상당구 용암동,경상사고,0,0,1,0,차대사람 - 횡단중,안전운전불이행,건조,맑음,단일로 - 지하차도(도로)내,승용,여,38세,상해없음,보행자,여,86세,경상
2022081600100141,2022년 8월 16일 10시,화요일,충청북도 청주시 상당구 석교동,경상사고,0,0,1,0,차대사람 - 기타,안전운전불이행,건조,흐림,단일로 - 기타,승용,남,63세,상해없음,보행자,여,52세,경상
2022081600100183,2022년 8월 16일 11시,화요일,충청북도 청주시 청원구 우암동,경상사고,0,0,1,0,차대사람 - 기타,안전운전불이행,건조,맑음,기타 - 기타,승용,남,56세,상해없음,보행자,여,56세,경상
2022081600100184,2022년 8월 16일 11시,화요일,충청북도 괴산군 청안면,경상사고,0,0,3,0,차대차 - 추돌,안전운전불이행,건조,맑음,교차로 - 교차로부근,승용,남,83세,경상,승용,여,54세,경상
2022081600100185,2022년 8월 16일 11시,화요일,충청북도 청주시 상당구 영운동,중상사고,0,1,0,0,차대차 - 측면충돌,안전운전불이행,건조,맑음,교차로 - 교차로안,승용,남,73세,상해없음,자전거,남,72세,중상
2022081600100250,2022년 8월 16일 13시,화요일,충청북도 충주시 금릉동,경상사고,0,0,1,0,차대차 - 추돌,안전운전불이행,건조,맑음,단일로 - 기타,승용,남,52세,상해없음,승용,여,54세,경상
2022081600100251,2022년 8월 16일 13시,화요일,충청북도 청주시 상당구 석교동,경상사고,0,0,1,0,차대차 - 추돌,안전운전불이행,건조,맑음,단일로 - 기타,자전거,남,80세,경상,자전거,남,57세,상해없음
2022081600100289,2022년 8월 16일 14시,화요일,충청북도 청주시 서원구 남이면,경상사고,0,0,1,0,차대차 - 추돌,안전운전불이행,건조,맑음,단일로 - 기타,특수,남,44세,상해없음,특수,남,45세,경상
2022081600100319,2022년 8월 16일 15시,화요일,충청북도 청주시 청원구 오창읍,경상사고,0,0,1,0,차대차 - 측면충돌,교차로운행방법위반,건조,맑음,교차로 - 교차로안,승용,남,65세,상해없음,이륜,남,73세,경상
2022081600100320,2022년 8월 16일 15시,화요일,충청북도 음성군 금왕읍,중상사고,0,1,0,0,차대차 - 측면충돌,교차로운행방법위반,건조,맑음,교차로 - 교차로안,화물,남,67세,중상,특수,남,64세,상해없음
2022081600100357,2022년 8월 16일 16시,화요일,충청북도 청주시 흥덕구 오송읍,경상사고,0,0,1,0,차대차 - 추돌,신호위반,건조,맑음,교차로 - 교차로안,승용,남,45세,기타불명,승용,여,47세,경상
2022081600100393,2022년 8월 16일 17시,화요일,충청북도 충주시 문화동,경상사고,0,0,2,0,차대차 - 측면충돌,안전거리미확보,건조,맑음,단일로 - 기타,승용,남,56세,상해없음,승용,남,62세,경상
2022081600100394,2022년 8월 16일 17시,화요일,충청북도 진천군 덕산읍,경상사고,0,0,1,0,차대차 - 측면충돌,직진우회전진행방해,건조,맑음,교차로 - 교차로안,화물,남,66세,상해없음,이륜,남,28세,경상
2022081600100395,2022년 8월 16일 17시,화요일,충청북도 청주시 흥덕구 복대동,경상사고,0,0,2,0,차대차 - 측면충돌,교차로운행방법위반,건조,맑음,교차로 - 교차로안,화물,남,62세,상해없음,승용,남,81세,경상
2022081600100396,2022년 8월 16일 17시,화요일,충청북도 청주시 상당구 명암동,중상사고,0,1,1,0,차대차 - 측면충돌,신호위반,건조,맑음,교차로 - 교차로안,화물,남,35세,상해없음,승용,남,45세,중상
2022081600100441,2022년 8월 16일 18시,화요일,충청북도 충주시 칠금동,경상사고,0,0,1,0,차대차 - 측면충돌,교차로운행방법위반,건조,맑음,교차로 - 교차로안,화물,남,23세,상해없음,승용,남,31세,경상
2022081600100475,2022년 8월 16일 19시,화요일,충청북도 진천군 진천읍,경상사고,0,0,1,0,차대차 - 측면충돌,안전운전불이행,건조,맑음,교차로 - 교차로안,승용,여,31세,상해없음,자전거,남,57세,경상
2022081600100507,2022년 8월 16일 20시,화요일,충청북도 청주시 흥덕구 봉명동,경상사고,0,0,1,0,차대차 - 측면충돌,중앙선침범,건조,맑음,교차로 - 교차로안,승합,남,65세,상해없음,승용,여,44세,경상
2022081600100508,2022년 8월 16일 20시,화요일,충청북도 청주시 흥덕구 화계동,경상사고,0,0,1,0,차대차 - 기타,중앙선침범,건조,맑음,교차로 - 교차로부근,승용,남,54세,상해없음,승용,남,30세,경상
2022081700100030,2022년 8월 17일 02시,수요일,충청북도 충주시 성남동,중상사고,0,1,0,0,차대차 - 측면충돌,교차로운행방법위반,건조,맑음,교차로 - 교차로안,승용,여,56세,상해없음,이륜,남,41세,중상
2022081700100069,2022년 8월 17일 07시,수요일,충청북도 청주시 흥덕구 복대동,경상사고,0,0,2,0,차대차 - 측면충돌,안전운전불이행,건조,맑음,교차로 - 교차로안,승용,여,30세,상해없음,화물,남,53세,경상
2022081700100103,2022년 8월 17일 08시,수요일,충청북도 괴산군 괴산읍,경상사고,0,0,1,0,차대차 - 측면충돌,기타,건조,맑음,교차로 - 교차로안,승용,여,31세,경상,승용,남,66세,상해없음
2022081700100170,2022년 8월 17일 10시,수요일,충청북도 청주시 청원구 내수읍,경상사고,0,0,2,0,차대차 - 기타,안전운전불이행,건조,흐림,교차로 - 교차로안,승용,남,31세,상해없음,승용,남,67세,경상
2022081700100171,2022년 8월 17일 10시,수요일,충청북도 청주시 흥덕구 봉명동,경상사고,0,0,2,0,차대차 - 측면충돌,안전운전불이행,건조,맑음,교차로 - 교차로부근,승용,여,58세,상해없음,승용,여,54세,경상
2022081700100196,2022년 8월 17일 11시,수요일,충청북도 청주시 상당구 방서동,중상사고,0,1,1,0,차대차 - 측면충돌,교차로운행방법위반,건조,맑음,교차로 - 교차로안,승용,남,34세,경상,승용,여,61세,중상
2022081700100227,2022년 8월 17일 12시,수요일,충청북도 청주시 청원구 사천동,경상사고,0,0,1,0,차대차 - 기타,교차로운행방법위반,건조,맑음,교차로 - 교차로부근,이륜,남,51세,경상,승용,남,22세,상해없음
2022081700100228,2022년 8월 17일 12시,수요일,충청북도 충주시 중앙탑면,중상사고,0,1,0,0,차대차 - 추돌,안전운전불이행,건조,맑음,단일로 - 교량,승용,남,29세,상해없음,승용,남,60세,상해없음
2022081700100229,2022년 8월 17일 12시,수요일,충청북도 단양군 매포읍,경상사고,0,0,2,0,차대차 - 기타,직진우회전진행방해,건조,맑음,교차로 - 교차로안,승용,여,61세,상해없음,승용,여,59세,경상
2022081700100230,2022년 8월 17일 12시,수요일,충청북도 청주시 상당구 남주동,중상사고,0,1,0,0,차대차 - 측면충돌,교차로운행방법위반,건조,맑음,교차로 - 교차로안,화물,남,49세,상해없음,이륜,남,44세,중상
2022081700100269,2022년 8월 17일 13시,수요일,충청북도 제천시 봉양읍,중상사고,0,1,6,1,차대차 - 추돌,안전운전불이행,건조,맑음,교차로 - 교차로부근,승용,여,70세,부상신고,승용,남,61세,경상
2022081700100270,2022년 8월 17일 13시,수요일,충청북도 청주시 흥덕구 봉명동,중상사고,0,1,0,0,차대차 - 측면충돌,교차로운행방법위반,건조,맑음,교차로 - 교차로안,승용,여,62세,상해없음,이륜,남,40세,중상
2022081700100271,2022년 8월 17일 13시,수요일,충청북도 청주시 흥덕구 석곡동,중상사고,0,1,0,0,차대차 - 측면충돌,안전운전불이행,건조,맑음,기타 - 기타,승용,여,51세,상해없음,승용,여,26세,중상
2022081700100339,2022년 8월 17일 15시,수요일,충청북도 청주시 서원구 산남동,경상사고,0,0,2,0,차대차 - 측면충돌,차로위반,젖음/습기,비,단일로 - 기타,승용,여,32세,상해없음,승용,여,38세,경상
2022081700100340,2022년 8월 17일 15시,수요일,충청북도 청주시 상당구 석교동,경상사고,0,0,1,0,차량단독 - 기타,안전운전불이행,건조,맑음,단일로 - 기타,승합,남,56세,상해없음,,,,
2022081700100427,2022년 8월 17일 17시,수요일,충청북도 충주시 문화동,중상사고,0,1,0,0,차대사람 - 차도통행중,안전운전불이행,건조,맑음,단일로 - 기타,승용,여,60세,상해없음,보행자,여,58세,중상
2022081700100428,2022년 8월 17일 17시,수요일,충청북도 청주시 흥덕구 강서동,경상사고,0,0,1,0,차대차 - 측면충돌,안전운전불이행,건조,맑음,교차로 - 교차로안,승용,여,61세,상해없음,승용,남,52세,경상
2022081700100526,2022년 8월 17일 19시,수요일,충청북도 청주시 청원구 오창읍,경상사고,0,0,1,0,차대차 - 측면충돌,안전운전불이행,건조,맑음,단일로 - 기타,승용,남,49세,상해없음,자전거,남,5세,경상
2022081700100527,2022년 8월 17일 19시,수요일,충청북도 청주시 상당구 용암동,경상사고,0,0,1,0,차량단독 - 전도전복 - 전도,안전운전불이행,건조,맑음,단일로 - 기타,자전거,남,13세,경상,,,,
2022081700100553,2022년 8월 17일 20시,수요일,충청북도 청주시 상당구 용암동,경상사고,0,0,1,0,차대사람 - 길가장자리구역통행중,안전운전불이행,건조,맑음,단일로 - 지하차도(도로)내,승용,여,56세,상해없음,보행자,여,28세,경상
2022081700100592,2022년 8월 17일 21시,수요일,충청북도 청주시 청원구 오창읍,중상사고,0,2,0,0,차대차 - 기타,안전운전불이행,건조,맑음,교차로 - 교차로부근,승용,남,53세,상해없음,승용,여,44세,중상
2022081700100614,2022년 8월 17일 22시,수요일,충청북도 청주시 상당구 용정동,경상사고,0,0,3,0,차대차 - 기타,신호위반,건조,흐림,교차로 - 교차로안,승용,남,58세,상해없음,승용,남,28세,경상
2022081800100002,2022년 8월 18일 00시,목요일,충청북도 청주시 흥덕구 복대동,경상사고,0,0,2,0,차대차 - 측면충돌,신호위반,건조,맑음,기타 - 기타,승용,남,31세,상해없음,승용,여,25세,경상
2022081800100046,2022년 8월 18일 06시,목요일,충청북도 청주시 흥덕구 가경동,경상사고,0,0,1,0,차대차 - 추돌,안전운전불이행,건조,맑음,단일로 - 기타,승용,남,55세,상해없음,승용,남,27세,경상
2022081800100064,2022년 8월 18일 07시,목요일,충청북도 진천군 덕산읍,경상사고,0,0,1,0,차대차 - 추돌,안전운전불이행,건조,맑음,교차로 - 교차로안,승용,남,35세,상해없음,승용,여,40세,경상
2022081800100092,2022년 8월 18일 08시,목요일,충청북도 청주시 청원구 우암동,경상사고,0,0,1,0,차대차 - 측면충돌,안전운전불이행,건조,맑음,단일로 - 기타,승용,남,77세,상해없음,승용,남,25세,경상
2022081800100124,2022년 8월 18일 09시,목요일,충청북도 청주시 서원구 개신동,경상사고,0,0,1,0,차대차 - 기타,교차로운행방법위반,건조,맑음,기타 - 기타,승용,남,70세,기타불명,개인형이동수단(PM),남,26세,경상
2022081800100125,2022년 8월 18일 09시,목요일,충청북도 괴산군 연풍면,중상사고,0,1,0,0,차대차 - 측면충돌,안전운전불이행,건조,맑음,단일로 - 터널,화물,남,41세,상해없음,자전거,남,65세,중상
2022081800100126,2022년 8월 18일 09시,목요일,충청북도 음성군 금왕읍,경상사고,0,0,1,0,차대차 - 측면충돌,교차로운행방법위반,건조,맑음,교차로 - 교차로안,승용,여,63세,상해없음,승용,여,59세,경상
2022081800100127,2022년 8월 18일 09시,목요일,충청북도 청주시 서원구 분평동,경상사고,0,0,1,0,차대차 - 기타,안전운전불이행,건조,맑음,교차로 - 교차로부근,승용,여,49세,상해없음,자전거,여,48세,경상
2022081800100195,2022년 8월 18일 11시,목요일,충청북도 단양군 단양읍,중상사고,0,1,1,0,차대사람 - 횡단중,안전운전불이행,건조,맑음,단일로 - 기타,승용,여,70세,경상,보행자,남,85세,중상
2022081800100196,2022년 8월 18일 11시,목요일,충청북도 청주시 서원구 미평동,경상사고,0,0,1,0,차량단독 - 공작물충돌,안전운전불이행,건조,맑음,교차로 - 교차로안,승용,남,65세,경상,,,,
2022081800100264,2022년 8월 18일 13시,목요일,충청북도 진천군 진천읍,경상사고,0,0,1,0,차대차 - 추돌,안전운전불이행,건조,맑음,교차로 - 교차로부근,이륜,남,79세,상해없음,승용,남,60세,경상
2022081800100328,2022년 8월 18일 15시,목요일,충청북도 증평군 증평읍,경상사고,0,0,2,0,차대차 - 정면충돌,중앙선침범,건조,맑음,교차로 - 교차로부근,승용,여,44세,경상,승용,남,48세,경상
2022081800100364,2022년 8월 18일 16시,목요일,충청북도 청주시 청원구 주중동,경상사고,0,0,3,0,차대차 - 측면충돌,안전운전불이행,건조,맑음,단일로 - 기타,승용,여,79세,상해없음,승용,남,39세,경상
2022081800100365,2022년 8월 18일 16시,목요일,충청북도 음성군 삼성면,중상사고,0,2,0,0,차대차 - 측면충돌,신호위반,건조,맑음,교차로 - 교차로안,이륜,남,86세,중상,화물,남,37세,중상
2022081800100399,2022년 8월 18일 17시,목요일,충청북도 청주시 청원구 내수읍,경상사고,0,0,1,0,차대차 - 측면충돌,불법유턴,건조,맑음,교차로 - 교차로안,승용,여,50세,상해없음,승용,남,36세,경상
2022081800100440,2022년 8월 18일 18시,목요일,충청북도 단양군 단양읍,경상사고,0,0,1,0,차대차 - 측면충돌,안전운전불이행,건조,맑음,단일로 - 기타,화물,남,57세,상해없음,승용,여,64세,경상
2022081800100441,2022년 8월 18일 18시,목요일,충청북도 진천군 진천읍,경상사고,0,0,1,0,차대차 - 측면충돌,중앙선침범,건조,맑음,교차로 - 교차로부근,화물,남,47세,상해없음,승용,여,55세,경상
2022081800100442,2022년 8월 18일 18시,목요일,충청북도 청주시 서원구 남이면,경상사고,0,0,3,0,차대차 - 측면충돌,안전거리미확보,건조,맑음,단일로 - 기타,승용,남,26세,경상,화물,남,51세,경상
2022081800100515,2022년 8월 18일 20시,목요일,충청북도 청주시 청원구 오창읍,경상사고,0,0,1,0,차대차 - 기타,안전운전불이행,건조,맑음,교차로 - 교차로안,승용,남,38세,기타불명,승용,남,33세,경상
2022081800100539,2022년 8월 18일 21시,목요일,충청북도 충주시 성서동,경상사고,0,0,1,0,차대사람 - 횡단중,보행자보호의무위반,건조,맑음,교차로 - 교차로부근,개인형이동수단(PM),남,22세,상해없음,보행자,남,19세,경상
2022081800100556,2022년 8월 18일 22시,목요일,충청북도 청주시 흥덕구 복대동,중상사고,0,1,0,0,차대차 - 추돌,안전운전불이행,건조,맑음,교차로 - 교차로부근,승용,여,49세,상해없음,승용,남,44세,중상
2022081800100570,2022년 8월 18일 23시,목요일,충청북도 청주시 상당구 금천동,중상사고,0,1,0,0,차대차 - 측면충돌,직진우회전진행방해,건조,맑음,교차로 - 교차로안,승용,남,57세,상해없음,이륜,남,22세,중상
2022081900100030,2022년 8월 19일 03시,금요일,충청북도 청주시 흥덕구 송정동,중상사고,0,1,0,0,차대차 - 측면충돌,신호위반,건조,맑음,교차로 - 교차로안,승용,남,40세,기타불명,승용,남,54세,중상
2022081900100095,2022년 8월 19일 08시,금요일,충청북도 청주시 청원구 우암동,경상사고,0,0,1,0,차대차 - 측면충돌,직진우회전진행방해,건조,맑음,교차로 - 교차로안,승용,여,57세,상해없음,승용,여,59세,경상
2022081900100096,2022년 8월 19일 08시,금요일,충청북도 충주시 앙성면,중상사고,0,1,0,0,차대사람 - 횡단중,안전운전불이행,건조,맑음,단일로 - 기타,승합,남,60세,상해없음,보행자,여,82세,중상
2022081900100132,2022년 8월 19일 09시,금요일,충청북도 충주시 수안보면,경상사고,0,0,1,0,차대차 - 정면충돌,안전운전불이행,건조,맑음,교차로 - 교차로안,승용,남,35세,상해없음,승용,남,57세,경상
2022081900100133,2022년 8월 19일 09시,금요일,충청북도 제천시 동현동,중상사고,0,1,0,0,차대사람 - 차도통행중,안전운전불이행,건조,맑음,단일로 - 기타,건설기계,남,51세,상해없음,보행자,남,71세,중상