사고번호,사고일시,요일,시군구,사고내용,사망자수,중상자수,경상자수,부상신고자수,사고유형,법규위반,노면상태,기상상태,도로형태,가해운전자 차종,가해운전자 성별,가해운전자 연령,가해운전자 상해정도,피해운전자 차종,피해운전자 성별,피해운전자 연령,피해운전자 상해정도
2022081900100162,2022년 8월 19일 10시,금요일,충청북도 청주시 서원구 모충동,중상사고,0,1,0,0,차대사람 - 횡단중,보행자보호의무위반,건조,맑음,단일로 - 기타,승용,남,43세,상해없음,보행자,여,63세,중상
2022081900100237,2022년 8월 19일 12시,금요일,충청북도 단양군 단양읍,중상사고,0,1,1,0,차대차 - 추돌,중앙선침범,건조,맑음,기타 - 기타,승용,남,41세,상해없음,승용,남,41세,중상
2022081900100367,2022년 8월 19일 16시,금요일,충청북도 제천시 동현동,경상사고,0,0,1,0,차대차 - 추돌,안전거리미확보,건조,맑음,기타 - 기타,화물,남,70세,상해없음,승용,남,58세,경상
2022081900100414,2022년 8월 19일 17시,금요일,충청북도 충주시 봉방동,경상사고,0,0,2,0,차대차 - 추돌,안전운전불이행,건조,맑음,단일로 - 기타,화물,여,51세,상해없음,승용,남,48세,경상
2022081900100458,2022년 8월 19일 18시,금요일,충청북도 청주시 서원구 성화동,경상사고,0,0,1,0,차대차 - 측면충돌,중앙선침범,건조,맑음,교차로 - 교차로부근,승용,남,55세,상해없음,승용,남,32세,경상
2022081900100512,2022년 8월 19일 19시,금요일,충청북도 옥천군 옥천읍,경상사고,0,0,1,0,차대차 - 측면충돌,안전운전불이행,젖음/습기,흐림,단일로 - 기타,승용,남,60세,상해없음,이륜,남,48세,경상
2022081900100580,2022년 8월 19일 21시,금요일,충청북도 제천시 강제동,경상사고,0,0,5,0,차대차 - 측면충돌,안전거리미확보,젖음/습기,흐림,교차로 - 교차로부근,승용,남,28세,상해없음,이륜,남,32세,경상
2022081900100602,2022년 8월 19일 22시,금요일,충청북도 청주시 서원구 사창동,경상사고,0,0,1,0,차대차 - 기타,교차로운행방법위반,건조,맑음,교차로 - 교차로안,승합,남,62세,상해없음,화물,남,29세,경상
2022081900100619,2022년 8월 19일 23시,금요일,충청북도 청주시 청원구 주중동,경상사고,0,0,2,0,차대차 - 기타,안전거리미확보,건조,맑음,교차로 - 교차로부근,승용,남,41세,상해없음,승용,여,21세,경상
2022081900100620,2022년 8월 19일 23시,금요일,충청북도 청주시 흥덕구 봉명동,경상사고,0,0,1,0,차대차 - 기타,신호위반,건조,맑음,교차로 - 교차로안,승용,남,64세,상해없음,승용,남,61세,상해없음
2022082000100033,2022년 8월 20일 02시,토요일,충청북도 제천시 장락동,사망사고,1,0,0,0,차대차 - 추돌,안전운전불이행,젖음/습기,비,단일로 - 기타,승용,남,60세,사망,특수,남,58세,기타불명
2022082000100034,2022년 8월 20일 02시,토요일,충청북도 청주시 흥덕구 송절동,경상사고,0,0,2,0,차대차 - 기타,신호위반,건조,맑음,교차로 - 교차로안,승용,남,40세,상해없음,승용,남,56세,경상
2022082000100046,2022년 8월 20일 03시,토요일,충청북도 청주시 청원구 내수읍,중상사고,0,1,0,0,차대차 - 추돌,안전운전불이행,젖음/습기,비,기타 - 기타,화물,남,67세,중상,화물,남,59세,상해없음
2022082000100047,2022년 8월 20일 03시,토요일,충청북도 청주시 흥덕구 복대동,경상사고,0,0,1,0,차대차 - 기타,안전운전불이행,젖음/습기,비,교차로 - 교차로부근,개인형이동수단(PM),남,26세,경상,화물,남,26세,상해없음
2022082000100071,2022년 8월 20일 06시,토요일,충청북도 충주시 산척면,중상사고,0,1,0,0,차량단독 - 공작물충돌,안전운전불이행,젖음/습기,비,단일로 - 기타,승용,남,62세,중상,,,,
2022082000100072,2022년 8월 20일 06시,토요일,충청북도 청주시 흥덕구 복대동,경상사고,0,0,1,0,차대차 - 측면충돌,안전운전불이행,건조,흐림,단일로 - 기타,승용,여,28세,상해없음,자전거,남,81세,경상
2022082000100084,2022년 8월 20일 07시,토요일,충청북도 청주시 서원구 현도면,경상사고,0,0,1,0,차대차 - 추돌,안전운전불이행,건조,흐림,단일로 - 터널,승용,남,70세,상해없음,승용,여,50세,경상
2022082000100101,2022년 8월 20일 08시,토요일,충청북도 진천군 덕산읍,경상사고,0,0,1,0,차대차 - 측면충돌,교차로운행방법위반,건조,맑음,교차로 - 교차로안,승용,남,42세,기타불명,화물,남,65세,경상
2022082000100117,2022년 8월 20일 09시,토요일,충청북도 진천군 진천읍,경상사고,0,0,2,0,차대차 - 측면충돌,안전운전불이행,건조,맑음,교차로 - 교차로안,승용,남,53세,상해없음,승용,남,36세,경상
2022082000100181,2022년 8월 20일 11시,토요일,충청북도 충주시 산척면,중상사고,0,2,0,0,차량단독 - 공작물충돌,안전거리미확보,젖음/습기,흐림,단일로 - 기타,승용,남,55세,상해없음,,,,
2022082000100182,2022년 8월 20일 11시,토요일,충청북도 제천시 장락동,경상사고,0,0,1,0,차대차 - 기타,안전운전불이행,건조,맑음,교차로 - 교차로안,승용,남,86세,상해없음,이륜,남,30세,경상
2022082000100183,2022년 8월 20일 11시,토요일,충청북도 단양군 매포읍,중상사고,0,2,0,0,차대차 - 기타,안전운전불이행,건조,맑음,교차로 - 교차로부근,화물,남,53세,상해없음,화물,남,58세,중상
2022082000100227,2022년 8월 20일 12시,토요일,충청북도 충주시 칠금동,경상사고,0,0,1,0,차대차 - 추돌,안전거리미확보,건조,맑음,단일로 - 기타,승용,여,35세,상해없음,승용,남,40세,경상
2022082000100228,2022년 8월 20일 12시,토요일,충청북도 제천시 수산면,경상사고,0,0,2,0,차대차 - 후진중충돌,안전운전불이행,건조,맑음,단일로 - 기타,승용,남,44세,상해없음,승용,남,26세,경상
2022082000100229,2022년 8월 20일 12시,토요일,충청북도 청주시 흥덕구 복대동,경상사고,0,0,1,0,차대차 - 측면충돌,안전운전불이행,건조,맑음,교차로 - 교차로부근,승용,남,65세,상해없음,승용,남,54세,경상
2022082000100276,2022년 8월 20일 13시,토요일,충청북도 청주시 청원구 율량동,중상사고,0,1,0,0,차대차 - 추돌,교차로운행방법위반,건조,맑음,교차로 - 교차로부근,승용,남,69세,상해없음,승용,남,35세,중상
2022082000100277,2022년 8월 20일 13시,토요일,충청북도 청주시 흥덕구 봉명동,중상사고,0,1,0,0,차대차 - 측면충돌,안전거리미확보,건조,맑음,단일로 - 기타,승용,여,36세,상해없음,이륜,남,31세,중상
2022082000100278,2022년 8월 20일 13시,토요일,충청북도 청주시 흥덕구 상신동,경상사고,0,0,3,0,차대차 - 측면충돌,안전운전불이행,건조,맑음,교차로 - 교차로부근,승용,남,31세,기타불명,건설기계,남,46세,경상
2022082000100319,2022년 8월 20일 14시,토요일,충청북도 청주시 청원구 우암동,경상사고,0,0,1,0,차대차 - 기타,안전운전불이행,건조,맑음,교차로 - 교차로부근,승용,남,53세,기타불명,승용,남,43세,경상
2022082000100320,2022년 8월 20일 14시,토요일,충청북도 옥천군 청산면,중상사고,0,1,0,0,차량단독 - 공작물충돌,기타,건조,맑음,단일로 - 기타,이륜,남,46세,중상,,,,
2022082000100365,2022년 8월 20일 15시,토요일,충청북도 청주시 청원구 내수읍,중상사고,0,1,2,0,차대차 - 기타,안전운전불이행,건조,맑음,교차로 - 교차로안,승용,여,37세,상해없음,승용,여,32세,경상
2022082000100366,2022년 8월 20일 15시,토요일,충청북도 청주시 상당구 용정동,경상사고,0,0,3,0,차대차 - 측면충돌,안전운전불이행,건조,맑음,교차로 - 교차로부근,승용,남,45세,경상,승용,여,58세,경상
2022082000100440,2022년 8월 20일 17시,토요일,충청북도 청주시 흥덕구 오송읍,중상사고,0,1,0,0,차대사람 - 차도통행중,안전운전불이행,건조,맑음,단일로 - 기타,승용,여,27세,상해없음,보행자,여,83세,중상
2022082000100441,2022년 8월 20일 17시,토요일,충청북도 청주시 서원구 수곡동,부상신고사고,0,0,0,1,차대차 - 기타,안전운전불이행,건조,맑음,교차로 - 교차로부근,자전거,남,19세,부상신고,승용,여,28세,상해없음
2022082000100442,2022년 8월 20일 17시,토요일,충청북도 청주시 상당구 영운동,경상사고,0,0,2,0,차대차 - 측면충돌,안전운전불이행,건조,맑음,교차로 - 교차로안,승용,남,19세,상해없음,승용,남,60세,경상
2022082000100510,2022년 8월 20일 19시,토요일,충청북도 괴산군 괴산읍,경상사고,0,0,1,0,차대사람 - 길가장자리구역통행중,안전운전불이행,건조,맑음,단일로 - 기타,자전거,남,14세,상해없음,보행자,여,59세,경상
2022082000100511,2022년 8월 20일 19시,토요일,충청북도 청주시 흥덕구 원평동,중상사고,0,1,0,0,차대차 - 기타,안전운전불이행,건조,맑음,기타 - 기타,기타불명,남,32세,기타불명,자전거,남,53세,중상
2022082000100533,2022년 8월 20일 20시,토요일,충청북도 충주시 교현동,경상사고,0,0,1,0,차대차 - 측면충돌,안전운전불이행,건조,흐림,단일로 - 기타,승용,남,36세,상해없음,이륜,남,45세,경상
2022082000100534,2022년 8월 20일 20시,토요일,충청북도 단양군 단양읍,중상사고,0,1,2,0,차대사람 - 횡단중,보행자보호의무위반,건조,맑음,교차로 - 교차로횡단보도내,이륜,남,80세,중상,보행자,남,40세,경상
2022082000100575,2022년 8월 20일 21시,토요일,충청북도 음성군 대소면,중상사고,0,1,0,0,차대사람 - 차도통행중,안전운전불이행,건조,맑음,단일로 - 기타,승용,여,40세,상해없음,보행자,남,48세,중상
2022082000100576,2022년 8월 20일 21시,토요일,충청북도 청주시 흥덕구 석소동,경상사고,0,0,1,0,차대차 - 기타,차로위반,건조,맑음,단일로 - 기타,화물,남,74세,상해없음,승용,남,71세,경상
2022082000100627,2022년 8월 20일 23시,토요일,충청북도 옥천군 옥천읍,중상사고,0,1,0,0,차대차 - 측면충돌,안전운전불이행,건조,맑음,교차로 - 교차로안,승용,남,32세,상해없음,이륜,남,56세,중상
2022082100100024,2022년 8월 21일 01시,일요일,충청북도 청주시 청원구 율량동,경상사고,0,0,3,0,차대차 - 기타,교차로운행방법위반,건조,맑음,교차로 - 교차로안,승용,여,27세,상해없음,승용,남,67세,상해없음
2022082100100033,2022년 8월 21일 02시,일요일,충청북도 청주시 청원구 내덕동,중상사고,0,1,0,0,차대차 - 측면충돌,신호위반,건조,맑음,교차로 - 교차로안,이륜,남,24세,기타불명,이륜,남,25세,중상
2022082100100070,2022년 8월 21일 08시,일요일,충청북도 청주시 상당구 용암동,경상사고,0,0,1,0,차대차 - 정면충돌,안전운전불이행,건조,맑음,교차로 - 교차로부근,승용,남,30세,상해없음,승용,여,29세,경상
2022082100100082,2022년 8월 21일 09시,일요일,충청북도 보은군 보은읍,중상사고,0,1,1,0,차대차 - 측면충돌,신호위반,건조,맑음,교차로 - 교차로안,원동기,남,74세,중상,승용,여,39세,경상
2022082100100100,2022년 8월 21일 10시,일요일,충청북도 청주시 서원구 사창동,경상사고,0,0,1,0,차대차 - 추돌,안전거리미확보,건조,맑음,교차로 - 교차로부근,이륜,남,32세,상해없음,승용,여,48세,경상
2022082100100101,2022년 8월 21일 10시,일요일,충청북도 충주시 앙성면,중상사고,0,1,0,0,차대사람 - 길가장자리구역통행중,안전운전불이행,건조,맑음,단일로 - 지하차도(도로)내,기타불명,기타불명,미분류,기타불명,보행자,여,91세,중상
2022082100100102,2022년 8월 21일 10시,일요일,충청북도 제천시 봉양읍,경상사고,0,0,1,0,차대차 - 기타,안전운전불이행,건조,맑음,단일로 - 기타,자전거,남,42세,경상,승용,남,66세,상해없음
2022082100100149,2022년 8월 21일 12시,일요일,충청북도 영동군 용산면,사망사고,1,1,0,0,차량단독 - 공작물충돌,안전운전불이행,건조,맑음,단일로 - 기타,화물,남,74세,중상,,,,
2022082100100150,2022년 8월 21일 12시,일요일,충청북도 증평군 증평읍,경상사고,0,0,1,0,차대차 - 측면충돌,안전거리미확보,건조,맑음,교차로 - 교차로안,승용,여,63세,상해없음,승용,여,28세,경상
2022082100100245,2022년 8월 21일 15시,일요일,충청북도 음성군 대소면,중상사고,0,2,1,0,차대차 - 측면충돌,신호위반,건조,맑음,교차로 - 교차로안,이륜,남,69세,경상,승용,남,36세,중상
2022082100100277,2022년 8월 21일 16시,일요일,충청북도 제천시 청풍면,경상사고,0,0,3,0,차대차 - 기타,교차로운행방법위반,건조,맑음,교차로 - 교차로안,승용,남,22세,상해없음,승합,남,65세,상해없음
2022082100100307,2022년 8월 21일 17시,일요일,충청북도 충주시 용탄동,중상사고,0,1,0,0,차대차 - 정면충돌,직진우회전진행방해,건조,맑음,교차로 - 교차로안,승용,여,29세,상해없음,승용,여,31세,중상
2022082100100308,2022년 8월 21일 17시,일요일,충청북도 괴산군 괴산읍,중상사고,0,1,0,0,차대사람 - 횡단중,안전운전불이행,건조,맑음,단일로 - 기타,승용,여,62세,상해없음,보행자,남,86세,중상
2022082100100309,2022년 8월 21일 17시,일요일,충청북도 청주시 흥덕구 봉명동,경상사고,0,0,2,0,차대차 - 추돌,안전운전불이행,건조,맑음,단일로 - 기타,승용,남,34세,경상,이륜,남,36세,경상
2022082100100331,2022년 8월 21일 18시,일요일,충청북도 음성군 감곡면,경상사고,0,0,1,0,차대차 - 측면충돌,중앙선침범,건조,맑음,단일로 - 기타,승용,여,42세,상해없음,이륜,남,63세,경상
2022082100100406,2022년 8월 21일 21시,일요일,충청북도 청주시 상당구 금천동,경상사고,0,0,1,0,차대사람 - 기타,신호위반,건조,맑음,교차로 - 교차로횡단보도내,승용,여,58세,상해없음,보행자,여,59세,경상
2022082200100005,2022년 8월 22일 01시,월요일,충청북도 청주시 서원구 분평동,중상사고,0,1,0,0,차량단독 - 공작물충돌,안전운전불이행,건조,맑음,단일로 - 기타,이륜,남,28세,중상,,,,
2022082200100035,2022년 8월 22일 06시,월요일,충청북도 청주시 청원구 오창읍,경상사고,0,0,4,0,차대차 - 추돌,안전거리미확보,건조,맑음,교차로 - 교차로부근,화물,남,59세,상해없음,승용,남,57세,경상
2022082200100036,2022년 8월 22일 06시,월요일,충청북도 충주시 산척면,중상사고,0,2,0,0,차대차 - 측면충돌,직진우회전진행방해,건조,맑음,교차로 - 교차로안,화물,남,60세,중상,승용,남,60세,중상
2022082200100059,2022년 8월 22일 07시,월요일,충청북도 청주시 청원구 주성동,경상사고,0,0,2,0,차대차 - 측면충돌,안전운전불이행,건조,맑음,교차로 - 교차로부근,승용,여,44세,경상,승용,남,33세,경상
2022082200100099,2022년 8월 22일 08시,월요일,충청북도 청주시 청원구 율량동,경상사고,0,0,2,0,차대차 - 추돌,안전운전불이행,건조,맑음,단일로 - 기타,승용,남,31세,기타불명,승용,여,32세,경상
2022082200100100,2022년 8월 22일 08시,월요일,충청북도 제천시 신백동,경상사고,0,0,1,1,차대사람 - 기타,안전운전불이행,건조,맑음,단일로 - 기타,승용,남,80세,상해없음,보행자,남,67세,부상신고
2022082200100101,2022년 8월 22일 08시,월요일,충청북도 괴산군 괴산읍,경상사고,0,0,1,0,차대차 - 측면충돌,직진우회전진행방해,건조,맑음,교차로 - 교차로안,승용,여,39세,상해없음,화물,남,56세,경상
2022082200100143,2022년 8월 22일 09시,월요일,충청북도 제천시 수산면,중상사고,0,1,0,0,차대차 - 정면충돌,안전운전불이행,건조,맑음,교차로 - 교차로부근,승용,남,45세,상해없음,승용,여,62세,중상
2022082200100144,2022년 8월 22일 09시,월요일,충청북도 진천군 광혜원면,경상사고,0,0,1,0,차대차 - 측면충돌,교차로운행방법위반,건조,맑음,교차로 - 교차로안,승용,남,63세,상해없음,승용,여,46세,경상
2022082200100181,2022년 8월 22일 10시,월요일,충청북도 괴산군 괴산읍,경상사고,0,0,1,0,차대차 - 측면충돌,안전운전불이행,건조,맑음,교차로 - 교차로안,자전거,남,66세,경상,승용,남,49세,상해없음
2022082200100213,2022년 8월 22일 11시,월요일,충청북도 청주시 청원구 북이면,경상사고,0,0,1,0,차대차 - 기타,안전운전불이행,건조,맑음,기타 - 기타,승용,남,32세,상해없음,이륜,남,22세,경상
2022082200100214,2022년 8월 22일 11시,월요일,충청북도 보은군 보은읍,중상사고,0,1,0,0,차대차 - 추돌,교차로운행방법위반,건조,맑음,교차로 - 교차로안,이륜,남,82세,중상,승용,남,19세,상해없음
2022082200100235,2022년 8월 22일 12시,월요일,충청북도 제천시 송학면,중상사고,0,1,2,0,차대차 - 기타,안전운전불이행,건조,맑음,기타 - 기타,승용,남,67세,상해없음,승용,남,33세,경상
2022082200100236,2022년 8월 22일 12시,월요일,충청북도 청주시 서원구 미평동,경상사고,0,0,3,0,차대차 - 기타,안전거리미확보,건조,맑음,단일로 - 기타,승용,여,59세,상해없음,승용,남,26세,경상
2022082200100237,2022년 8월 22일 12시,월요일,충청북도 청주시 서원구 모충동,경상사고,0,0,2,0,차대차 - 측면충돌,안전운전불이행,건조,맑음,단일로 - 기타,승용,여,51세,상해없음,승용,남,37세,경상
2022082200100266,2022년 8월 22일 13시,월요일,충청북도 음성군 삼성면,중상사고,0,1,0,0,차대사람 - 기타,안전운전불이행,건조,맑음,주차장 - 주차장,화물,남,23세,상해없음,보행자,여,44세,중상
2022082200100267,2022년 8월 22일 13시,월요일,충청북도 음성군 대소면,경상사고,0,0,1,0,차대차 - 측면충돌,기타,건조,맑음,교차로 - 교차로안,승합,남,38세,상해없음,화물,남,66세,경상
2022082200100268,2022년 8월 22일 13시,월요일,충청북도 청주시 서원구 산남동,경상사고,0,0,1,0,차대차 - 측면충돌,신호위반,건조,맑음,교차로 - 교차로안,이륜,남,24세,상해없음,승용,여,40세,경상
2022082200100325,2022년 8월 22일 15시,월요일,충청북도 제천시 봉양읍,경상사고,0,0,1,0,차대차 - 측면충돌,기타,건조,맑음,교차로 - 교차로안,건설기계,남,52세,상해없음,화물,남,55세,경상
2022082200100326,2022년 8월 22일 15시,월요일,충청북도 옥천군 옥천읍,경상사고,0,0,1,0,차대차 - 측면충돌,신호위반,건조,맑음,교차로 - 교차로안,승용,남,70세,상해없음,승용,남,59세,경상
2022082200100327,2022년 8월 22일 15시,월요일,충청북도 청주시 흥덕구 봉명동,경상사고,0,0,2,0,차대차 - 측면충돌,안전운전불이행,건조,맑음,교차로 - 교차로안,승용,여,76세,경상,이륜,남,35세,경상
2022082200100343,2022년 8월 22일 16시,월요일,충청북도 충주시 살미면,중상사고,0,1,0,0,차대차 - 추돌,기타,건조,맑음,교차로 - 교차로부근,승용,남,42세,상해없음,화물,남,57세,중상
2022082200100344,2022년 8월 22일 16시,월요일,충청북도 단양군 매포읍,중상사고,0,1,1,0,차대차 - 측면충돌,신호위반,건조,맑음,교차로 - 교차로안,승합,남,61세,상해없음,화물,여,65세,경상
2022082200100415,2022년 8월 22일 18시,월요일,충청북도 제천시 동현동,경상사고,0,0,1,0,차대차 - 측면충돌,안전거리미확보,건조,맑음,단일로 - 지하차도(도로)내,승용,여,66세,상해없음,승합,남,59세,상해없음
2022082200100416,2022년 8월 22일 18시,월요일,충청북도 청주시 흥덕구 오송읍,경상사고,0,0,2,0,차대차 - 후진중충돌,안전운전불이행,건조,맑음,단일로 - 기타,승용,여,56세,상해없음,승용,남,37세,경상
2022082200100448,2022년 8월 22일 19시,월요일,충청북도 충주시 용산동,경상사고,0,0,1,0,차대차 - 추돌,안전운전불이행,건조,맑음,교차로 - 교차로안,승용,여,39세,상해없음,승용,남,28세,경상
2022082200100449,2022년 8월 22일 19시,월요일,충청북도 청주시 흥덕구 신봉동,경상사고,0,0,1,0,차대차 - 측면충돌,안전거리미확보,건조,맑음,교차로 - 교차로부근,승용,남,40세,상해없음,승용,남,42세,경상
2022082200100479,2022년 8월 22일 20시,월요일,충청북도 청주시 청원구 우암동,경상사고,0,0,1,0,차대차 - 측면충돌,기타,건조,맑음,단일로 - 기타,자전거,남,58세,경상,승용,남,37세,상해없음
2022082200100480,2022년 8월 22일 20시,월요일,충청북도 청주시 흥덕구 송절동,경상사고,0,0,1,0,차대차 - 측면충돌,교차로운행방법위반,건조,맑음,교차로 - 교차로부근,승용,남,49세,상해없음,승용,남,37세,경상
2022082200100524,2022년 8월 22일 22시,월요일,충청북도 청주시 서원구 사창동,중상사고,0,1,1,0,차대차 - 기타,신호위반,건조,맑음,기타 - 기타,이륜,남,20세,경상,이륜,남,33세,중상
2022082300100008,2022년 8월 23일 00시,화요일,충청북도 청주시 흥덕구 옥산면,경상사고,0,0,2,0,차대차 - 정면충돌,중앙선침범,젖음/습기,비,교차로 - 교차로안,승용,남,29세,상해없음,승용,여,53세,경상
2022082300100030,2022년 8월 23일 03시,화요일,충청북도 청주시 서원구 사창동,경상사고,0,0,1,0,차대차 - 측면충돌,중앙선침범,젖음/습기,비,단일로 - 기타,승용,남,63세,상해없음,이륜,남,36세,경상
2022082300100069,2022년 8월 23일 07시,화요일,충청북도 청주시 흥덕구 강내면,중상사고,0,1,0,0,차대차 - 측면충돌,교차로운행방법위반,젖음/습기,비,교차로 - 교차로부근,승용,남,29세,상해없음,승용,여,41세,중상
2022082300100129,2022년 8월 23일 09시,화요일,충청북도 음성군 음성읍,경상사고,0,0,1,0,차대차 - 추돌,안전운전불이행,젖음/습기,비,기타 - 기타,승용,남,74세,상해없음,화물,남,40세,기타불명
2022082300100130,2022년 8월 23일 09시,화요일,충청북도 청주시 서원구 죽림동,경상사고,0,0,1,0,차대차 - 측면충돌,안전거리미확보,건조,맑음,교차로 - 교차로부근,승용,여,55세,상해없음,승용,남,31세,경상
2022082300100158,2022년 8월 23일 10시,화요일,충청북도 충주시 칠금동,경상사고,0,0,3,0,차대차 - 추돌,안전거리미확보,젖음/습기,비,교차로 - 교차로부근,화물,남,48세,상해없음,화물,남,28세,경상
2022082300100159,2022년 8월 23일 10시,화요일,충청북도 청주시 흥덕구 가경동,중상사고,0,1,0,0,차대사람 - 횡단중,보행자보호의무위반,건조,맑음,교차로 - 교차로횡단보도내,승용,남,73세,상해없음,보행자,여,76세,중상
2022082300100186,2022년 8월 23일 11시,화요일,충청북도 청주시 서원구 사창동,경상사고,0,0,1,0,차대차 - 기타,신호위반,건조,맑음,교차로 - 교차로안,승용,남,74세,상해없음,승용,남,31세,경상
2022082300100187,2022년 8월 23일 11시,화요일,충청북도 청주시 청원구 오창읍,경상사고,0,0,1,0,차대차 - 측면충돌,안전운전불이행,건조,맑음,미분류 - 미분류,화물,남,65세,상해없음,승용,여,62세,경상
2022082300100188,2022년 8월 23일 11시,화요일,충청북도 청주시 흥덕구 강내면,경상사고,0,0,2,0,차대차 - 측면충돌,신호위반,건조,맑음,교차로 - 교차로안,원동기,남,50세,경상,승용,남,62세,경상
2022082300100293,2022년 8월 23일 14시,화요일,충청북도 청주시 서원구 장암동,경상사고,0,0,2,0,차대차 - 추돌,안전운전불이행,젖음/습기,비,단일로 - 기타,화물,남,66세,상해없음,승용,남,65세,경상
2022082300100334,2022년 8월 23일 15시,화요일,충청북도 영동군 영동읍,중상사고,0,1,1,0,차대사람 - 횡단중,보행자보호의무위반,젖음/습기,비,단일로 - 기타,승용,남,78세,상해없음,보행자,여,60세,중상
2022082300100377,2022년 8월 23일 16시,화요일,충청북도 제천시 명동,경상사고,0,0,1,0,차대사람 - 횡단중,안전운전불이행,건조,맑음,교차로 - 교차로안,승용,여,49세,상해없음,보행자,남,53세,경상
2022082300100427,2022년 8월 23일 17시,화요일,충청북도 충주시 연수동,경상사고,0,0,2,0,차대차 - 측면충돌,신호위반,건조,맑음,교차로 - 교차로안,승용,남,63세,상해없음,승용,여,60세,경상
2022082300100428,2022년 8월 23일 17시,화요일,충청북도 청주시 흥덕구 강내면,경상사고,0,0,1,0,차대차 - 추돌,안전운전불이행,건조,맑음,교차로 - 교차로부근,승용,남,63세,상해없음,승용,남,60세,경상
2022082300100429,2022년 8월 23일 17시,화요일,충청북도 청주시 상당구 금천동,경상사고,0,0,1,0,차대차 - 기타,중앙선침범,건조,맑음,단일로 - 기타,승용,남,21세,상해없음,승용,남,43세,경상
2022082300100551,2022년 8월 23일 20시,화요일,충청북도 청주시 청원구 율량동,중상사고,0,1,1,0,차대차 - 측면충돌,차로위반,건조,맑음,단일로 - 기타,승용,남,30세,상해없음,승용,남,63세,중상
2022082300100552,2022년 8월 23일 20시,화요일,충청북도 청주시 흥덕구 복대동,경상사고,0,0,1,0,차대사람 - 차도통행중,안전운전불이행,건조,맑음,단일로 - 기타,기타불명,기타불명,미분류,기타불명,보행자,남,36세,경상
2022082300100579,2022년 8월 23일 21시,화요일,충청북도 청주시 상당구 용암동,경상사고,0,0,1,0,차대차 - 기타,신호위반,건조,맑음,교차로 - 교차로안,승용,여,26세,상해없음,승용,남,47세,경상
2022082300100580,2022년 8월 23일 21시,화요일,충청북도 청주시 상당구 석교동,중상사고,0,1,0,0,차대사람 - 횡단중,안전운전불이행,건조,맑음,단일로 - 기타,승용,남,56세,상해없음,보행자,남,69세,중상
2022082300100605,2022년 8월 23일 22시,화요일,충청북도 청주시 청원구 오창읍,중상사고,0,1,2,0,차대차 - 기타,신호위반,건조,맑음,교차로 - 교차로안,승용,남,40세,상해없음,승용,남,40세,중상
2022082400100027,2022년 8월 24일 02시,수요일,충청북도 청주시 흥덕구 봉명동,경상사고,0,0,1,0,차대사람 - 기타,안전운전불이행,건조,맑음,교차로 - 교차로부근,승용,남,42세,상해없음,보행자,남,27세,경상
2022082400100031,2022년 8월 24일 03시,수요일,충청북도 청주시 서원구 수곡동,경상사고,0,0,1,0,차대사람 - 기타,안전운전불이행,건조,맑음,교차로 - 교차로안,승용,남,59세,상해없음,보행자,여,18세,경상
2022082400100048,2022년 8월 24일 06시,수요일,충청북도 청주시 흥덕구 가경동,경상사고,0,0,1,0,차대사람 - 횡단중,안전운전불이행,건조,맑음,교차로 - 교차로횡단보도내,승합,남,56세,상해없음,보행자,여,74세,경상
2022082400100100,2022년 8월 24일 08시,수요일,충청북도 단양군 단양읍,중상사고,0,1,0,0,차대사람 - 기타,안전운전불이행,건조,맑음,주차장 - 주차장,화물,남,65세,상해없음,보행자,여,84세,중상
2022082400100144,2022년 8월 24일 09시,수요일,충청북도 제천시 동현동,중상사고,0,1,1,0,차대차 - 추돌,안전거리미확보,건조,맑음,교차로 - 교차로안,화물,남,80세,상해없음,승용,남,63세,경상
2022082400100216,2022년 8월 24일 11시,수요일,충청북도 영동군 학산면,중상사고,0,1,0,0,차대차 - 측면충돌,중앙선침범,젖음/습기,비,단일로 - 기타,이륜,여,67세,중상,화물,남,60세,상해없음
2022082400100255,2022년 8월 24일 12시,수요일,충청북도 청주시 청원구 오창읍,경상사고,0,0,1,0,차대차 - 후진중충돌,안전운전불이행,건조,맑음,주차장 - 주차장,승합,남,65세,상해없음,승용,남,39세,경상
2022082400100376,2022년 8월 24일 16시,수요일,충청북도 제천시 하소동,경상사고,0,0,2,0,차대차 - 정면충돌,안전운전불이행,건조,맑음,교차로 - 교차로부근,승용,여,53세,경상,승용,남,43세,경상
2022082400100377,2022년 8월 24일 16시,수요일,충청북도 음성군 금왕읍,경상사고,0,0,1,0,차대차 - 기타,기타,건조,맑음,기타 - 기타,승용,남,79세,기타불명,승용,남,48세,경상
2022082400100378,2022년 8월 24일 16시,수요일,충청북도 진천군 문백면,경상사고,0,0,2,0,차대차 - 정면충돌,중앙선침범,건조,맑음,단일로 - 지하차도(도로)내,이륜,남,48세,상해없음,승합,남,54세,경상
2022082400100423,2022년 8월 24일 17시,수요일,충청북도 청주시 청원구 오창읍,경상사고,0,0,1,0,차대차 - 기타,안전거리미확보,건조,맑음,교차로 - 교차로부근,승용,남,62세,상해없음,이륜,남,49세,경상