사고번호,사고일시,요일,시군구,사고내용,사망자수,중상자수,경상자수,부상신고자수,사고유형,법규위반,노면상태,기상상태,도로형태,가해운전자 차종,가해운전자 성별,가해운전자 연령,가해운전자 상해정도,피해운전자 차종,피해운전자 성별,피해운전자 연령,피해운전자 상해정도
2022091200100190,2022년 9월 12일 14시,월요일,충청북도 충주시 연수동,중상사고,0,2,1,0,차대차 - 측면충돌,중앙선침범,건조,맑음,단일로 - 기타,승용,여,52세,상해없음,화물,기타불명,미분류,기타불명
2022091200100224,2022년 9월 12일 15시,월요일,충청북도 청주시 서원구 장암동,경상사고,0,0,1,0,차대차 - 측면충돌,안전거리미확보,건조,맑음,단일로 - 기타,자전거,남,59세,경상,승용,여,31세,상해없음
2022091200100225,2022년 9월 12일 15시,월요일,충청북도 청주시 서원구 모충동,경상사고,0,0,1,0,차대차 - 측면충돌,안전운전불이행,건조,맑음,교차로 - 교차로부근,승용,여,20세,상해없음,승용,남,46세,상해없음
2022091200100245,2022년 9월 12일 16시,월요일,충청북도 증평군 증평읍,경상사고,0,0,2,0,차대차 - 측면충돌,직진우회전진행방해,건조,맑음,교차로 - 교차로안,승용,남,19세,경상,승용,여,26세,경상
2022091200100246,2022년 9월 12일 16시,월요일,충청북도 옥천군 옥천읍,중상사고,0,2,1,0,차량단독 - 공작물충돌,안전운전불이행,건조,맑음,교차로 - 교차로안,승용,남,18세,상해없음,,,,
2022091200100268,2022년 9월 12일 17시,월요일,충청북도 청주시 상당구 금천동,중상사고,0,1,0,0,차대차 - 측면충돌,안전운전불이행,건조,맑음,단일로 - 기타,개인형이동수단(PM),남,22세,중상,승용,남,75세,상해없음
2022091200100294,2022년 9월 12일 18시,월요일,충청북도 청주시 청원구 율량동,경상사고,0,0,1,0,차대차 - 추돌,차로위반,건조,맑음,교차로 - 교차로안,승합,여,45세,상해없음,승용,남,36세,경상
2022091200100323,2022년 9월 12일 19시,월요일,충청북도 진천군 진천읍,경상사고,0,0,1,0,차대차 - 측면충돌,안전거리미확보,건조,맑음,교차로 - 교차로부근,승용,남,43세,상해없음,승용,남,23세,경상
2022091200100354,2022년 9월 12일 20시,월요일,충청북도 충주시 칠금동,경상사고,0,0,1,0,차대차 - 측면충돌,안전운전불이행,건조,흐림,단일로 - 기타,승용,남,49세,상해없음,승용,남,38세,경상
2022091200100376,2022년 9월 12일 21시,월요일,충청북도 청주시 상당구 수동,중상사고,0,1,0,0,차대차 - 후진중충돌,불법유턴,건조,맑음,교차로 - 교차로부근,승용,남,62세,상해없음,이륜,남,40세,중상
2022091300100034,2022년 9월 13일 06시,화요일,충청북도 증평군 증평읍,경상사고,0,0,1,0,차대차 - 측면충돌,안전거리미확보,건조,맑음,교차로 - 교차로부근,승용,남,63세,상해없음,승용,남,36세,경상
2022091300100035,2022년 9월 13일 06시,화요일,충청북도 음성군 음성읍,경상사고,0,0,1,0,차대차 - 기타,중앙선침범,건조,맑음,단일로 - 기타,화물,남,64세,상해없음,승용,남,55세,경상
2022091300100048,2022년 9월 13일 07시,화요일,충청북도 충주시 산척면,경상사고,0,0,1,0,차대차 - 정면충돌,안전거리미확보,건조,맑음,단일로 - 기타,승용,여,61세,상해없음,승용,여,51세,경상
2022091300100049,2022년 9월 13일 07시,화요일,충청북도 청주시 상당구 용암동,중상사고,0,1,0,0,차대차 - 측면충돌,신호위반,건조,맑음,교차로 - 교차로안,승용,남,65세,상해없음,이륜,남,21세,중상
2022091300100076,2022년 9월 13일 08시,화요일,충청북도 청주시 서원구 개신동,중상사고,0,1,0,0,차대사람 - 횡단중,안전운전불이행,건조,맑음,교차로 - 교차로안,승용,여,28세,상해없음,보행자,남,72세,중상
2022091300100077,2022년 9월 13일 08시,화요일,충청북도 청주시 흥덕구 비하동,경상사고,0,0,1,0,차대차 - 측면충돌,교차로운행방법위반,건조,맑음,교차로 - 교차로안,승용,여,41세,상해없음,승용,여,34세,경상
2022091300100078,2022년 9월 13일 08시,화요일,충청북도 청주시 흥덕구 복대동,경상사고,0,0,1,0,차대차 - 추돌,안전운전불이행,건조,맑음,교차로 - 교차로안,승용,남,35세,기타불명,승용,남,67세,경상
2022091300100167,2022년 9월 13일 11시,화요일,충청북도 청주시 청원구 내덕동,경상사고,0,0,1,0,차대차 - 기타,교차로운행방법위반,건조,맑음,교차로 - 교차로횡단보도내,승용,남,24세,상해없음,자전거,남,29세,경상
2022091300100225,2022년 9월 13일 13시,화요일,충청북도 제천시 하소동,중상사고,0,1,0,0,차대사람 - 횡단중,보행자보호의무위반,건조,맑음,교차로 - 교차로횡단보도내,승용,여,68세,상해없음,보행자,여,83세,중상
2022091300100250,2022년 9월 13일 14시,화요일,충청북도 충주시 대소원면,경상사고,0,0,1,0,차대차 - 기타,중앙선침범,건조,맑음,단일로 - 기타,사륜오토바이(ATV),남,55세,상해없음,화물,남,57세,경상
2022091300100357,2022년 9월 13일 17시,화요일,충청북도 충주시 대소원면,경상사고,0,0,1,0,차대차 - 측면충돌,신호위반,건조,맑음,교차로 - 교차로안,이륜,남,37세,상해없음,승용,여,60세,경상
2022091300100358,2022년 9월 13일 17시,화요일,충청북도 충주시 주덕읍,사망사고,1,0,0,0,차대차 - 정면충돌,안전운전불이행,건조,맑음,단일로 - 기타,화물,남,51세,상해없음,자전거,여,73세,사망
2022091300100396,2022년 9월 13일 18시,화요일,충청북도 청주시 청원구 북이면,경상사고,0,0,2,0,차대차 - 기타,신호위반,건조,맑음,기타 - 기타,승용,여,23세,경상,화물,남,46세,경상
2022091300100397,2022년 9월 13일 18시,화요일,충청북도 충주시 목행동,중상사고,0,1,0,0,차대차 - 기타,안전운전불이행,건조,맑음,교차로 - 교차로부근,승용,남,47세,상해없음,이륜,남,55세,중상
2022091300100398,2022년 9월 13일 18시,화요일,충청북도 음성군 소이면,사망사고,1,1,2,0,차대차 - 정면충돌,교차로운행방법위반,건조,맑음,교차로 - 교차로안,승합,남,62세,경상,화물,남,62세,사망
2022091300100430,2022년 9월 13일 19시,화요일,충청북도 청주시 서원구 사창동,경상사고,0,0,2,0,차대차 - 추돌,안전운전불이행,건조,맑음,단일로 - 기타,이륜,남,18세,상해없음,승용,남,28세,경상
2022091300100457,2022년 9월 13일 20시,화요일,충청북도 청주시 서원구 죽림동,경상사고,0,0,1,0,차대차 - 측면충돌,교차로운행방법위반,건조,맑음,교차로 - 교차로안,승용,남,58세,상해없음,승용,여,62세,경상
2022091400100026,2022년 9월 14일 05시,수요일,충청북도 청주시 청원구 주중동,중상사고,0,2,0,0,차대차 - 정면충돌,신호위반,건조,맑음,교차로 - 교차로안,승용,여,43세,상해없음,승용,남,65세,중상
2022091400100050,2022년 9월 14일 07시,수요일,충청북도 청주시 청원구 오창읍,중상사고,0,1,0,0,차대차 - 기타,신호위반,건조,맑음,교차로 - 교차로횡단보도내,이륜,남,52세,상해없음,자전거,여,61세,중상
2022091400100051,2022년 9월 14일 07시,수요일,충청북도 영동군 황간면,중상사고,0,1,0,0,차대사람 - 기타,안전운전불이행,건조,맑음,교차로 - 교차로안,화물,여,70세,상해없음,보행자,남,11세,중상
2022091400100134,2022년 9월 14일 09시,수요일,충청북도 제천시 의림동,경상사고,0,0,1,0,차대차 - 측면충돌,안전운전불이행,건조,맑음,교차로 - 교차로안,승용,남,66세,상해없음,승용,여,56세,경상
2022091400100135,2022년 9월 14일 09시,수요일,충청북도 청주시 상당구 용정동,경상사고,0,0,1,0,차대차 - 추돌,안전운전불이행,건조,맑음,단일로 - 기타,승용,남,71세,상해없음,승용,여,27세,경상
2022091400100220,2022년 9월 14일 12시,수요일,충청북도 충주시 동량면,경상사고,0,0,1,0,차대차 - 추돌,안전거리미확보,건조,맑음,교차로 - 교차로부근,승용,여,53세,상해없음,승용,여,48세,경상
2022091400100221,2022년 9월 14일 12시,수요일,충청북도 제천시 왕암동,경상사고,0,0,2,0,차대차 - 측면충돌,안전운전불이행,건조,맑음,교차로 - 교차로안,화물,남,59세,상해없음,화물,남,66세,경상
2022091400100252,2022년 9월 14일 13시,수요일,충청북도 충주시 소태면,중상사고,0,1,0,0,차대사람 - 기타,안전운전불이행,건조,맑음,단일로 - 기타,화물,남,24세,상해없음,보행자,남,79세,중상
2022091400100281,2022년 9월 14일 14시,수요일,충청북도 청주시 서원구 산남동,중상사고,0,1,0,0,차대사람 - 차도통행중,안전운전불이행,건조,맑음,단일로 - 기타,승용,여,63세,상해없음,보행자,여,62세,중상
2022091400100304,2022년 9월 14일 15시,수요일,충청북도 청주시 서원구 사직동,경상사고,0,0,2,0,차대차 - 기타,안전운전불이행,건조,맑음,기타 - 기타,승용,남,67세,기타불명,승용,여,30세,상해없음
2022091400100333,2022년 9월 14일 16시,수요일,충청북도 충주시 문화동,경상사고,0,0,1,0,차대사람 - 차도통행중,안전운전불이행,건조,맑음,단일로 - 기타,승용,남,67세,상해없음,보행자,남,19세,경상
2022091400100369,2022년 9월 14일 17시,수요일,충청북도 충주시 엄정면,경상사고,0,0,1,0,차대차 - 측면충돌,신호위반,건조,맑음,교차로 - 교차로안,화물,남,39세,상해없음,승용,남,66세,상해없음
2022091400100370,2022년 9월 14일 17시,수요일,충청북도 충주시 목행동,중상사고,0,1,0,0,차대차 - 측면충돌,안전운전불이행,건조,맑음,교차로 - 교차로부근,자전거,남,75세,중상,화물,남,63세,상해없음
2022091400100371,2022년 9월 14일 17시,수요일,충청북도 충주시 성내동,경상사고,0,0,2,0,차대차 - 정면충돌,직진우회전진행방해,건조,맑음,교차로 - 교차로안,승용,남,73세,경상,승용,남,63세,경상
2022091400100372,2022년 9월 14일 17시,수요일,충청북도 음성군 금왕읍,중상사고,0,2,0,0,차대차 - 기타,안전운전불이행,건조,맑음,교차로 - 교차로부근,승용,남,68세,중상,승용,남,70세,중상
2022091400100373,2022년 9월 14일 17시,수요일,충청북도 단양군 적성면,경상사고,0,0,1,0,차대차 - 기타,중앙선침범,건조,맑음,단일로 - 기타,화물,남,61세,상해없음,승용,여,61세,경상
2022091400100374,2022년 9월 14일 17시,수요일,충청북도 청주시 흥덕구 강서동,경상사고,0,0,1,0,차대차 - 측면충돌,직진우회전진행방해,건조,맑음,교차로 - 교차로안,승용,남,59세,상해없음,승용,남,27세,경상
2022091400100375,2022년 9월 14일 17시,수요일,충청북도 청주시 상당구 금천동,경상사고,0,0,1,0,차대사람 - 횡단중,보행자보호의무위반,건조,맑음,교차로 - 교차로횡단보도내,승용,여,54세,상해없음,보행자,여,40세,경상
2022091400100413,2022년 9월 14일 18시,수요일,충청북도 청주시 흥덕구 석곡동,경상사고,0,0,1,0,차대차 - 기타,안전거리미확보,건조,맑음,기타 - 기타,승용,여,34세,경상,승용,남,32세,기타불명
2022091400100484,2022년 9월 14일 20시,수요일,충청북도 청주시 흥덕구 가경동,경상사고,0,0,1,0,차대차 - 측면충돌,교차로운행방법위반,건조,맑음,교차로 - 교차로안,승용,남,73세,기타불명,승용,남,30세,경상
2022091400100485,2022년 9월 14일 20시,수요일,충청북도 청주시 상당구 가덕면,부상신고사고,0,0,0,1,차대사람 - 횡단중,안전운전불이행,건조,맑음,교차로 - 교차로부근,승용,남,35세,상해없음,보행자,남,69세,부상신고
2022091400100486,2022년 9월 14일 20시,수요일,충청북도 청주시 상당구 가덕면,중상사고,0,1,1,0,차대차 - 기타,안전거리미확보,건조,맑음,교차로 - 교차로안,자전거,남,60세,중상,승용,남,68세,상해없음
2022091400100487,2022년 9월 14일 20시,수요일,충청북도 청주시 서원구 사창동,경상사고,0,0,1,0,차대차 - 측면충돌,안전운전불이행,건조,흐림,단일로 - 기타,승용,남,27세,상해없음,승용,여,41세,경상
2022091400100506,2022년 9월 14일 21시,수요일,충청북도 제천시 모산동,중상사고,0,1,0,0,차대차 - 기타,안전운전불이행,건조,맑음,교차로 - 교차로안,승용,여,51세,상해없음,이륜,남,22세,중상
2022091400100529,2022년 9월 14일 23시,수요일,충청북도 청주시 서원구 성화동,경상사고,0,0,1,0,차대사람 - 기타,안전운전불이행,건조,맑음,교차로 - 교차로부근,승용,여,57세,상해없음,보행자,남,51세,경상
2022091500100013,2022년 9월 15일 01시,목요일,충청북도 청주시 상당구 지북동,경상사고,0,0,2,0,차대차 - 측면충돌,신호위반,건조,흐림,교차로 - 교차로안,승용,남,27세,상해없음,승용,남,50세,경상
2022091500100060,2022년 9월 15일 07시,목요일,충청북도 충주시 금릉동,경상사고,0,0,1,0,차대차 - 추돌,안전운전불이행,건조,맑음,교차로 - 교차로부근,승용,남,68세,상해없음,승용,남,38세,경상
2022091500100061,2022년 9월 15일 07시,목요일,충청북도 청주시 흥덕구 강서동,경상사고,0,0,1,0,차대차 - 추돌,교차로운행방법위반,건조,맑음,단일로 - 기타,승용,남,40세,기타불명,승용,여,43세,경상
2022091500100092,2022년 9월 15일 08시,목요일,충청북도 청주시 상당구 용암동,경상사고,0,0,2,0,차대차 - 기타,안전운전불이행,건조,맑음,교차로 - 교차로안,승용,여,30세,상해없음,승용,여,27세,경상
2022091500100128,2022년 9월 15일 09시,목요일,충청북도 제천시 영천동,사망사고,1,0,0,0,차대사람 - 차도통행중,안전운전불이행,건조,맑음,교차로 - 교차로안,화물,남,69세,상해없음,보행자,남,70세,사망
2022091500100129,2022년 9월 15일 09시,목요일,충청북도 괴산군 청안면,경상사고,0,0,1,0,차대차 - 측면충돌,직진우회전진행방해,건조,맑음,교차로 - 교차로안,화물,남,38세,상해없음,승용,여,49세,경상
2022091500100130,2022년 9월 15일 09시,목요일,충청북도 진천군 진천읍,경상사고,0,0,1,0,차대차 - 측면충돌,안전운전불이행,건조,맑음,교차로 - 교차로부근,승용,남,49세,상해없음,자전거,남,88세,경상
2022091500100154,2022년 9월 15일 10시,목요일,충청북도 충주시 성남동,중상사고,0,1,0,0,차대차 - 측면충돌,안전운전불이행,건조,맑음,단일로 - 지하차도(도로)내,승용,남,60세,상해없음,자전거,남,83세,중상
2022091500100185,2022년 9월 15일 11시,목요일,충청북도 청주시 서원구 남이면,경상사고,0,0,1,0,차대차 - 추돌,안전운전불이행,건조,맑음,교차로 - 교차로부근,화물,남,68세,상해없음,승용,여,59세,경상
2022091500100210,2022년 9월 15일 12시,목요일,충청북도 음성군 대소면,중상사고,0,2,1,0,차대차 - 측면충돌,신호위반,건조,맑음,교차로 - 교차로안,농기계,남,63세,상해없음,승용,남,57세,중상
2022091500100281,2022년 9월 15일 15시,목요일,충청북도 청주시 흥덕구 봉명동,부상신고사고,0,0,0,1,차대차 - 기타,안전운전불이행,건조,맑음,단일로 - 기타,이륜,남,40세,부상신고,승용,여,59세,상해없음
2022091500100282,2022년 9월 15일 15시,목요일,충청북도 청주시 흥덕구 오송읍,경상사고,0,0,1,0,차대차 - 측면충돌,교차로운행방법위반,건조,맑음,교차로 - 교차로안,승합,남,53세,상해없음,승용,남,26세,경상
2022091500100322,2022년 9월 15일 16시,목요일,충청북도 청주시 서원구 분평동,경상사고,0,0,2,0,차대차 - 추돌,안전운전불이행,건조,맑음,단일로 - 기타,승용,남,54세,상해없음,승용,남,33세,경상
2022091500100395,2022년 9월 15일 18시,목요일,충청북도 괴산군 괴산읍,경상사고,0,0,1,0,차대차 - 측면충돌,안전운전불이행,건조,맑음,단일로 - 기타,자전거,남,9세,경상,승용,여,50세,상해없음
2022091500100437,2022년 9월 15일 19시,목요일,충청북도 청주시 상당구 방서동,중상사고,0,1,0,0,차대차 - 기타,신호위반,건조,맑음,교차로 - 교차로안,승용,여,47세,상해없음,승용,여,53세,중상
2022091500100469,2022년 9월 15일 20시,목요일,충청북도 충주시 호암동,경상사고,0,0,6,0,차대차 - 정면충돌,안전운전불이행,건조,맑음,교차로 - 교차로안,승용,남,34세,경상,승용,남,64세,경상
2022091500100470,2022년 9월 15일 20시,목요일,충청북도 충주시 호암동,경상사고,0,0,1,0,차대차 - 측면충돌,신호위반,건조,맑음,교차로 - 교차로안,승용,남,28세,상해없음,승용,남,53세,경상
2022091500100471,2022년 9월 15일 20시,목요일,충청북도 청주시 흥덕구 복대동,경상사고,0,0,2,0,차대차 - 추돌,안전운전불이행,건조,맑음,단일로 - 기타,승용,남,25세,상해없음,승용,여,46세,경상
2022091500100473,2022년 9월 15일 20시,목요일,충청북도 청주시 상당구 남주동,중상사고,0,1,1,0,차대차 - 기타,안전운전불이행,건조,맑음,단일로 - 지하차도(도로)내,화물,남,51세,상해없음,승합,남,63세,상해없음
2022091500100491,2022년 9월 15일 21시,목요일,충청북도 진천군 덕산읍,경상사고,0,0,1,0,차대차 - 측면충돌,안전운전불이행,건조,맑음,교차로 - 교차로안,기타불명,기타불명,미분류,기타불명,승용,남,65세,경상
2022091600100030,2022년 9월 16일 03시,금요일,충청북도 청주시 청원구 주중동,중상사고,0,1,0,0,차대사람 - 기타,안전운전불이행,건조,맑음,기타 - 기타,이륜,남,18세,상해없음,보행자,여,72세,중상
2022091600100046,2022년 9월 16일 05시,금요일,충청북도 청주시 흥덕구 옥산면,경상사고,0,0,1,0,차대차 - 기타,안전운전불이행,건조,맑음,단일로 - 지하차도(도로)내,화물,남,39세,상해없음,승용,남,50세,경상
2022091600100077,2022년 9월 16일 07시,금요일,충청북도 청주시 흥덕구 문암동,경상사고,0,0,1,0,차대차 - 측면충돌,안전거리미확보,건조,맑음,단일로 - 기타,승용,남,29세,기타불명,승용,남,30세,경상
2022091600100155,2022년 9월 16일 09시,금요일,충청북도 충주시 봉방동,경상사고,0,0,2,0,차대차 - 측면충돌,안전거리미확보,건조,맑음,단일로 - 기타,승용,남,71세,경상,승용,여,59세,경상
2022091600100156,2022년 9월 16일 09시,금요일,충청북도 청주시 상당구 용담동,중상사고,0,1,0,0,차대차 - 측면충돌,안전운전불이행,건조,맑음,교차로 - 교차로부근,개인형이동수단(PM),남,18세,중상,승용,여,25세,상해없음
2022091600100180,2022년 9월 16일 10시,금요일,충청북도 청주시 상당구 남일면,경상사고,0,0,1,0,차대차 - 측면충돌,직진우회전진행방해,건조,맑음,교차로 - 교차로안,건설기계,남,52세,상해없음,승용,여,24세,경상
2022091600100208,2022년 9월 16일 11시,금요일,충청북도 청주시 서원구 사창동,경상사고,0,0,2,0,차대차 - 측면충돌,안전운전불이행,건조,맑음,단일로 - 기타,승용,남,25세,경상,승용,여,53세,경상
2022091600100209,2022년 9월 16일 11시,금요일,충청북도 청주시 흥덕구 복대동,부상신고사고,0,0,0,1,차대차 - 기타,안전운전불이행,건조,맑음,기타 - 기타,자전거,남,19세,부상신고,원동기,기타불명,미분류,기타불명
2022091600100276,2022년 9월 16일 13시,금요일,충청북도 제천시 서부동,중상사고,0,1,0,0,차대사람 - 차도통행중,안전운전불이행,건조,맑음,교차로 - 교차로부근,승합,남,60세,상해없음,보행자,남,84세,중상
2022091600100304,2022년 9월 16일 14시,금요일,충청북도 충주시 안림동,경상사고,0,0,2,0,차대차 - 추돌,안전운전불이행,건조,맑음,단일로 - 기타,화물,남,72세,상해없음,화물,남,33세,경상
2022091600100356,2022년 9월 16일 15시,금요일,충청북도 청주시 서원구 현도면,경상사고,0,0,2,0,차대차 - 측면충돌,안전운전불이행,건조,맑음,단일로 - 교량,승용,여,34세,경상,건설기계,남,64세,경상
2022091600100377,2022년 9월 16일 16시,금요일,충청북도 진천군 진천읍,경상사고,0,0,1,0,차대차 - 측면충돌,신호위반,건조,맑음,교차로 - 교차로안,승용,남,73세,상해없음,승용,남,26세,경상
2022091600100378,2022년 9월 16일 16시,금요일,충청북도 진천군 초평면,경상사고,0,0,6,0,차대차 - 추돌,안전운전불이행,건조,맑음,단일로 - 기타,승용,남,27세,상해없음,승용,여,60세,경상
2022091600100489,2022년 9월 16일 18시,금요일,충청북도 제천시 모산동,경상사고,0,0,3,0,차대차 - 후진중충돌,안전운전불이행,건조,맑음,교차로 - 교차로부근,특수,남,52세,상해없음,승용,여,22세,경상
2022091600100557,2022년 9월 16일 19시,금요일,충청북도 충주시 연수동,경상사고,0,0,1,0,차대사람 - 횡단중,보행자보호의무위반,건조,맑음,교차로 - 교차로횡단보도내,승용,남,27세,상해없음,보행자,남,74세,경상
2022091600100606,2022년 9월 16일 20시,금요일,충청북도 충주시 연수동,경상사고,0,0,1,0,차대사람 - 길가장자리구역통행중,안전운전불이행,건조,맑음,단일로 - 기타,승용,여,54세,상해없음,보행자,남,26세,경상
2022091700100044,2022년 9월 17일 02시,토요일,충청북도 제천시 신월동,경상사고,0,0,1,0,차량단독 - 공작물충돌,안전운전불이행,건조,맑음,단일로 - 기타,승용,여,51세,경상,,,,
2022091700100056,2022년 9월 17일 03시,토요일,충청북도 청주시 서원구 사창동,경상사고,0,0,1,0,차대차 - 기타,신호위반,건조,맑음,교차로 - 교차로부근,승용,남,38세,경상,이륜,남,23세,상해없음
2022091700100074,2022년 9월 17일 05시,토요일,충청북도 청주시 상당구 지북동,경상사고,0,0,2,0,차대차 - 추돌,안전운전불이행,건조,맑음,교차로 - 교차로부근,승용,남,47세,상해없음,승용,남,57세,경상
2022091700100075,2022년 9월 17일 05시,토요일,충청북도 청주시 상당구 영운동,경상사고,0,0,1,0,차대차 - 측면충돌,신호위반,건조,맑음,교차로 - 교차로안,승용,남,45세,상해없음,자전거,남,56세,경상
2022091700100085,2022년 9월 17일 06시,토요일,충청북도 청주시 청원구 오창읍,중상사고,0,1,0,0,차대차 - 측면충돌,교차로운행방법위반,건조,맑음,교차로 - 교차로안,승용,남,34세,상해없음,승용,남,69세,중상
2022091700100102,2022년 9월 17일 07시,토요일,충청북도 청주시 서원구 개신동,중상사고,0,1,0,0,차대차 - 측면충돌,안전운전불이행,건조,맑음,단일로 - 기타,화물,남,57세,상해없음,자전거,남,39세,중상
2022091700100146,2022년 9월 17일 09시,토요일,충청북도 진천군 문백면,중상사고,0,1,0,0,차대사람 - 길가장자리구역통행중,안전운전불이행,건조,맑음,단일로 - 기타,화물,남,51세,상해없음,보행자,남,75세,중상
2022091700100169,2022년 9월 17일 10시,토요일,충청북도 청주시 서원구 개신동,경상사고,0,0,2,0,차대차 - 측면충돌,차로위반,건조,맑음,단일로 - 기타,승용,남,54세,상해없음,승용,남,74세,경상
2022091700100170,2022년 9월 17일 10시,토요일,충청북도 단양군 매포읍,중상사고,0,1,2,0,차대차 - 기타,안전운전불이행,건조,맑음,교차로 - 교차로안,화물,남,63세,경상,승용,여,41세,중상
2022091700100246,2022년 9월 17일 12시,토요일,충청북도 보은군 보은읍,경상사고,0,0,1,0,차대차 - 측면충돌,교차로운행방법위반,건조,맑음,교차로 - 교차로안,승용,남,19세,상해없음,화물,남,64세,경상
2022091700100247,2022년 9월 17일 12시,토요일,충청북도 청주시 상당구 방서동,경상사고,0,0,1,0,차대차 - 기타,안전운전불이행,건조,맑음,교차로 - 교차로안,승용,여,44세,상해없음,원동기,남,32세,경상
2022091700100281,2022년 9월 17일 13시,토요일,충청북도 제천시 남천동,경상사고,0,0,1,0,차대사람 - 길가장자리구역통행중,기타,젖음/습기,맑음,단일로 - 기타,승용,남,54세,상해없음,보행자,여,66세,경상
2022091700100282,2022년 9월 17일 13시,토요일,충청북도 청주시 상당구 석교동,경상사고,0,0,1,0,차대차 - 정면충돌,신호위반,건조,맑음,교차로 - 교차로안,승용,여,48세,상해없음,자전거,남,48세,경상
2022091700100314,2022년 9월 17일 14시,토요일,충청북도 음성군 맹동면,중상사고,0,1,0,0,차량단독 - 공작물충돌,안전운전불이행,건조,맑음,교차로 - 교차로안,이륜,남,39세,중상,,,,
2022091700100315,2022년 9월 17일 14시,토요일,충청북도 청주시 상당구 영운동,경상사고,0,0,4,0,차대차 - 기타,안전운전불이행,건조,맑음,단일로 - 기타,승용,여,52세,상해없음,승용,남,42세,경상
2022091700100353,2022년 9월 17일 15시,토요일,충청북도 충주시 엄정면,경상사고,0,0,2,0,차대차 - 측면충돌,기타,건조,맑음,교차로 - 교차로안,승용,남,65세,상해없음,승용,남,22세,경상
2022091700100354,2022년 9월 17일 15시,토요일,충청북도 보은군 보은읍,경상사고,0,0,1,0,차대사람 - 횡단중,안전운전불이행,건조,맑음,교차로 - 교차로안,승용,남,72세,상해없음,보행자,남,69세,경상
2022091700100390,2022년 9월 17일 16시,토요일,충청북도 충주시 대소원면,경상사고,0,0,1,0,차대차 - 측면충돌,안전운전불이행,건조,맑음,단일로 - 기타,승용,남,51세,상해없음,승용,여,35세,경상
2022091700100435,2022년 9월 17일 17시,토요일,충청북도 증평군 증평읍,부상신고사고,0,0,0,1,차대차 - 추돌,안전운전불이행,건조,맑음,단일로 - 기타,농기계,남,77세,부상신고,화물,기타불명,미분류,기타불명
2022091700100436,2022년 9월 17일 17시,토요일,충청북도 청주시 상당구 탑동,경상사고,0,0,1,0,차대차 - 측면충돌,신호위반,건조,맑음,교차로 - 교차로안,승용,여,59세,상해없음,이륜,남,25세,경상
2022091700100474,2022년 9월 17일 18시,토요일,충청북도 진천군 진천읍,중상사고,0,1,0,0,차량단독 - 기타,안전운전불이행,건조,맑음,단일로 - 지하차도(도로)내,승합,남,44세,상해없음,,,,
2022091700100475,2022년 9월 17일 18시,토요일,충청북도 청주시 흥덕구 복대동,경상사고,0,0,1,0,차대차 - 기타,안전운전불이행,건조,맑음,교차로 - 교차로횡단보도내,승용,여,49세,상해없음,자전거,남,12세,경상
2022091700100504,2022년 9월 17일 19시,토요일,충청북도 청주시 청원구 우암동,중상사고,0,1,0,0,차대사람 - 기타,안전운전불이행,건조,맑음,기타 - 기타,승합,남,55세,상해없음,보행자,남,82세,중상
2022091700100547,2022년 9월 17일 20시,토요일,충청북도 청주시 상당구 용암동,경상사고,0,0,1,0,차대차 - 기타,안전운전불이행,건조,맑음,교차로 - 교차로안,승용,남,50세,상해없음,승용,남,29세,경상
2022091700100601,2022년 9월 17일 22시,토요일,충청북도 청주시 상당구 영운동,경상사고,0,0,1,0,차대사람 - 기타,안전운전불이행,건조,기타,단일로 - 기타,승용,남,40세,상해없음,보행자,남,39세,경상
2022091700100618,2022년 9월 17일 23시,토요일,충청북도 청주시 서원구 남이면,경상사고,0,0,1,0,차대차 - 추돌,안전운전불이행,건조,맑음,교차로 - 교차로부근,승용,여,52세,상해없음,승용,남,32세,경상
2022091800100022,2022년 9월 18일 03시,일요일,충청북도 청주시 흥덕구 복대동,경상사고,0,0,2,0,차대차 - 후진중충돌,안전운전불이행,건조,맑음,교차로 - 교차로안,승용,여,43세,상해없음,승용,남,27세,경상
2022091800100031,2022년 9월 18일 04시,일요일,충청북도 청주시 청원구 우암동,경상사고,0,0,1,0,차대차 - 측면충돌,신호위반,건조,맑음,단일로 - 기타,승용,남,47세,상해없음,승용,남,44세,경상
2022091800100083,2022년 9월 18일 10시,일요일,충청북도 충주시 금릉동,중상사고,0,1,0,0,차대차 - 측면충돌,신호위반,건조,맑음,교차로 - 교차로부근,승용,남,59세,상해없음,승용,남,32세,중상
2022091800100109,2022년 9월 18일 11시,일요일,충청북도 제천시 봉양읍,중상사고,0,1,1,0,차대차 - 기타,안전운전불이행,건조,맑음,교차로 - 교차로안,승용,남,37세,기타불명,승용,여,52세,중상
2022091800100140,2022년 9월 18일 12시,일요일,충청북도 제천시 신월동,중상사고,0,1,0,0,차대차 - 측면충돌,중앙선침범,건조,맑음,단일로 - 기타,승용,여,47세,상해없음,승용,남,59세,중상