사고번호,사고일시,요일,시군구,사고내용,사망자수,중상자수,경상자수,부상신고자수,사고유형,법규위반,노면상태,기상상태,도로형태,가해운전자 차종,가해운전자 성별,가해운전자 연령,가해운전자 상해정도,피해운전자 차종,피해운전자 성별,피해운전자 연령,피해운전자 상해정도
2022091800100141,2022년 9월 18일 12시,일요일,충청북도 청주시 흥덕구 가경동,경상사고,0,0,1,0,차대차 - 측면충돌,신호위반,건조,맑음,교차로 - 교차로부근,승용,여,23세,기타불명,승용,남,66세,경상
2022091800100167,2022년 9월 18일 13시,일요일,충청북도 청주시 청원구 우암동,경상사고,0,0,1,0,차대차 - 기타,중앙선침범,건조,맑음,단일로 - 기타,승용,남,65세,상해없음,이륜,남,26세,경상
2022091800100168,2022년 9월 18일 13시,일요일,충청북도 청주시 상당구 월오동,경상사고,0,0,1,0,차대차 - 측면충돌,안전운전불이행,건조,맑음,교차로 - 교차로안,승용,남,41세,상해없음,화물,남,53세,경상
2022091800100226,2022년 9월 18일 15시,일요일,충청북도 제천시 봉양읍,사망사고,1,0,1,0,차대차 - 측면충돌,신호위반,건조,맑음,단일로 - 고가도로위,화물,남,48세,경상,이륜,남,27세,사망
2022091800100227,2022년 9월 18일 15시,일요일,충청북도 제천시 봉양읍,경상사고,0,0,1,0,차대차 - 측면충돌,안전운전불이행,건조,맑음,교차로 - 교차로안,승용,남,58세,상해없음,승용,남,44세,경상
2022091800100245,2022년 9월 18일 16시,일요일,충청북도 청주시 서원구 남이면,경상사고,0,0,3,0,차대차 - 기타,신호위반,건조,맑음,교차로 - 교차로안,승용,남,30세,경상,승용,남,32세,경상
2022091800100246,2022년 9월 18일 16시,일요일,충청북도 청주시 서원구 성화동,경상사고,0,0,1,0,차대차 - 측면충돌,안전운전불이행,건조,맑음,단일로 - 기타,승용,남,21세,상해없음,승용,여,27세,경상
2022091800100315,2022년 9월 18일 18시,일요일,충청북도 청주시 청원구 주중동,경상사고,0,0,1,0,차대차 - 추돌,안전운전불이행,건조,맑음,단일로 - 기타,승용,남,52세,상해없음,화물,남,56세,경상
2022091800100348,2022년 9월 18일 19시,일요일,충청북도 청주시 서원구 분평동,경상사고,0,0,1,0,차대사람 - 횡단중,보행자보호의무위반,건조,맑음,기타 - 기타,원동기,남,44세,상해없음,보행자,남,56세,경상
2022091800100384,2022년 9월 18일 20시,일요일,충청북도 음성군 맹동면,경상사고,0,0,1,0,차대차 - 측면충돌,신호위반,건조,맑음,교차로 - 교차로안,승용,남,29세,상해없음,승용,남,28세,경상
2022091800100404,2022년 9월 18일 21시,일요일,충청북도 청주시 흥덕구 휴암동,경상사고,0,0,1,0,차량단독 - 공작물충돌,안전운전불이행,건조,맑음,단일로 - 기타,이륜,남,23세,경상,,,,
2022091800100435,2022년 9월 18일 23시,일요일,충청북도 청주시 흥덕구 복대동,중상사고,0,1,0,0,차대차 - 측면충돌,안전운전불이행,건조,맑음,단일로 - 기타,이륜,남,47세,상해없음,개인형이동수단(PM),남,22세,중상
2022091900100035,2022년 9월 19일 05시,월요일,충청북도 청주시 상당구 석교동,경상사고,0,0,1,0,차대차 - 측면충돌,신호위반,건조,맑음,교차로 - 교차로안,화물,남,79세,상해없음,승용,남,50세,경상
2022091900100044,2022년 9월 19일 06시,월요일,충청북도 청주시 청원구 오창읍,경상사고,0,0,1,0,차대차 - 기타,안전운전불이행,건조,맑음,기타 - 기타,승용,남,37세,상해없음,승용,남,63세,경상
2022091900100045,2022년 9월 19일 06시,월요일,충청북도 청주시 청원구 율량동,경상사고,0,0,2,0,차대차 - 기타,안전거리미확보,건조,맑음,기타 - 기타,승용,남,29세,상해없음,승용,여,46세,경상
2022091900100046,2022년 9월 19일 06시,월요일,충청북도 청주시 흥덕구 송정동,경상사고,0,0,1,0,차대차 - 측면충돌,신호위반,건조,맑음,교차로 - 교차로안,자전거,남,77세,경상,화물,남,54세,상해없음
2022091900100060,2022년 9월 19일 07시,월요일,충청북도 청주시 청원구 내수읍,경상사고,0,0,3,0,차대차 - 추돌,안전거리미확보,건조,맑음,단일로 - 기타,승합,남,56세,상해없음,승용,남,44세,상해없음
2022091900100088,2022년 9월 19일 08시,월요일,충청북도 청주시 청원구 오창읍,경상사고,0,0,1,0,차대차 - 기타,안전운전불이행,건조,맑음,교차로 - 교차로안,승용,여,35세,상해없음,승용,남,32세,경상
2022091900100089,2022년 9월 19일 08시,월요일,충청북도 청주시 청원구 우암동,경상사고,0,0,2,0,차대차 - 측면충돌,교차로운행방법위반,건조,맑음,교차로 - 교차로안,승용,여,24세,상해없음,승용,여,50세,경상
2022091900100090,2022년 9월 19일 08시,월요일,충청북도 청주시 서원구 모충동,경상사고,0,0,2,0,차대차 - 정면충돌,안전운전불이행,건조,맑음,교차로 - 교차로안,승용,남,68세,상해없음,승용,여,49세,경상
2022091900100180,2022년 9월 19일 11시,월요일,충청북도 청주시 서원구 사직동,중상사고,0,1,0,0,차대차 - 기타,안전운전불이행,건조,맑음,교차로 - 교차로부근,승용,여,65세,상해없음,승용,남,42세,중상
2022091900100204,2022년 9월 19일 12시,월요일,충청북도 청주시 상당구 북문로2가,경상사고,0,0,1,0,차대사람 - 보도통행중,안전운전불이행,건조,맑음,단일로 - 기타,자전거,남,19세,상해없음,보행자,여,58세,경상
2022091900100225,2022년 9월 19일 13시,월요일,충청북도 청주시 서원구 현도면,경상사고,0,0,1,0,차대차 - 추돌,안전운전불이행,건조,맑음,단일로 - 기타,승용,남,55세,상해없음,화물,남,33세,경상
2022091900100299,2022년 9월 19일 15시,월요일,충청북도 보은군 보은읍,경상사고,0,0,1,0,차대차 - 후진중충돌,안전운전불이행,건조,맑음,단일로 - 기타,건설기계,남,60세,상해없음,승용,여,43세,경상
2022091900100300,2022년 9월 19일 15시,월요일,충청북도 음성군 대소면,경상사고,0,0,1,0,차대차 - 추돌,안전운전불이행,건조,맑음,기타 - 기타,화물,남,71세,상해없음,승용,남,48세,경상
2022091900100338,2022년 9월 19일 16시,월요일,충청북도 청주시 상당구 북문로3가,경상사고,0,0,1,0,차대차 - 추돌,안전운전불이행,건조,맑음,교차로 - 교차로부근,원동기,남,23세,상해없음,승용,남,77세,경상
2022091900100341,2022년 9월 19일 16시,월요일,충청북도 단양군 단양읍,경상사고,0,0,1,0,차대사람 - 기타,안전운전불이행,건조,맑음,기타 - 기타,승용,남,78세,상해없음,보행자,남,49세,경상
2022091900100342,2022년 9월 19일 16시,월요일,충청북도 청주시 흥덕구 석곡동,경상사고,0,0,2,0,차대차 - 측면충돌,교차로운행방법위반,건조,맑음,교차로 - 교차로안,승용,여,49세,기타불명,승용,여,28세,경상
2022091900100384,2022년 9월 19일 17시,월요일,충청북도 청주시 청원구 주중동,경상사고,0,0,1,0,차대차 - 추돌,안전운전불이행,건조,맑음,단일로 - 기타,승용,남,51세,상해없음,이륜,남,32세,경상
2022091900100385,2022년 9월 19일 17시,월요일,충청북도 청주시 상당구 북문로2가,경상사고,0,0,1,0,차대차 - 기타,신호위반,건조,맑음,교차로 - 교차로안,개인형이동수단(PM),남,15세,상해없음,승용,남,36세,경상
2022091900100386,2022년 9월 19일 17시,월요일,충청북도 청주시 흥덕구 가경동,경상사고,0,0,1,0,차대차 - 기타,교차로운행방법위반,건조,맑음,교차로 - 교차로부근,승용,여,27세,상해없음,승용,남,62세,경상
2022091900100430,2022년 9월 19일 18시,월요일,충청북도 청주시 흥덕구 봉명동,경상사고,0,0,1,0,차대차 - 기타,교차로운행방법위반,건조,맑음,교차로 - 교차로안,승합,남,63세,상해없음,원동기,여,20세,경상
2022091900100464,2022년 9월 19일 19시,월요일,충청북도 청주시 청원구 율량동,경상사고,0,0,1,0,차대차 - 기타,안전거리미확보,건조,맑음,기타 - 기타,승용,남,46세,상해없음,승용,남,35세,경상
2022091900100465,2022년 9월 19일 19시,월요일,충청북도 진천군 이월면,경상사고,0,0,1,0,차대차 - 측면충돌,신호위반,건조,맑음,교차로 - 교차로안,승용,여,46세,상해없음,승용,남,31세,경상
2022091900100466,2022년 9월 19일 19시,월요일,충청북도 청주시 흥덕구 정봉동,중상사고,0,1,0,0,차대사람 - 기타,안전운전불이행,건조,맑음,단일로 - 기타,승용,여,25세,상해없음,보행자,여,71세,중상
2022091900100527,2022년 9월 19일 21시,월요일,충청북도 청주시 청원구 북이면,경상사고,0,0,2,0,차대차 - 측면충돌,중앙선침범,건조,맑음,단일로 - 기타,승용,남,59세,상해없음,승합,남,39세,경상
2022091900100548,2022년 9월 19일 22시,월요일,충청북도 청주시 서원구 사창동,중상사고,0,1,2,0,차대차 - 측면충돌,신호위반,건조,맑음,교차로 - 교차로안,승용,여,25세,경상,승용,남,21세,경상
2022092000100030,2022년 9월 20일 04시,화요일,충청북도 청주시 청원구 오창읍,경상사고,0,0,2,0,차대차 - 측면충돌,안전운전불이행,건조,맑음,단일로 - 기타,승용,남,63세,상해없음,승용,남,52세,경상
2022092000100036,2022년 9월 20일 05시,화요일,충청북도 음성군 감곡면,경상사고,0,0,1,0,차대차 - 측면충돌,안전운전불이행,건조,맑음,단일로 - 기타,화물,남,66세,상해없음,화물,남,44세,경상
2022092000100051,2022년 9월 20일 06시,화요일,충청북도 청주시 서원구 사창동,경상사고,0,0,2,0,차대사람 - 보도통행중,보행자보호의무위반,건조,맑음,교차로 - 교차로횡단보도내,승용,여,63세,상해없음,보행자,여,36세,경상
2022092000100069,2022년 9월 20일 07시,화요일,충청북도 청주시 서원구 사창동,경상사고,0,0,1,0,차대사람 - 기타,안전운전불이행,건조,맑음,단일로 - 기타,승용,남,27세,상해없음,보행자,여,65세,경상
2022092000100103,2022년 9월 20일 08시,화요일,충청북도 청주시 흥덕구 오송읍,경상사고,0,0,1,0,차대차 - 측면충돌,신호위반,건조,맑음,교차로 - 교차로안,화물,남,70세,상해없음,승용,남,37세,경상
2022092000100104,2022년 9월 20일 08시,화요일,충청북도 청주시 상당구 영동,중상사고,0,1,0,0,차대차 - 측면충돌,신호위반,건조,맑음,교차로 - 교차로안,화물,남,76세,상해없음,승용,남,84세,중상
2022092000100105,2022년 9월 20일 08시,화요일,충청북도 청주시 상당구 문의면,부상신고사고,0,0,0,1,차량단독 - 전도전복 - 전도,안전운전불이행,건조,맑음,단일로 - 기타,이륜,남,46세,부상신고,,,,
2022092000100175,2022년 9월 20일 10시,화요일,충청북도 제천시 장락동,부상신고사고,0,0,0,1,차대차 - 측면충돌,직진우회전진행방해,건조,맑음,교차로 - 교차로안,화물,남,54세,상해없음,승용,여,38세,부상신고
2022092000100203,2022년 9월 20일 11시,화요일,충청북도 제천시 금성면,중상사고,0,1,0,0,차대차 - 정면충돌,중앙선침범,건조,맑음,기타 - 기타,승용,남,60세,기타불명,승용,여,53세,중상
2022092000100245,2022년 9월 20일 12시,화요일,충청북도 청주시 서원구 사직동,경상사고,0,0,1,0,차대사람 - 보도통행중,보행자보호의무위반,건조,맑음,교차로 - 교차로횡단보도내,승용,남,27세,상해없음,보행자,여,49세,경상
2022092000100270,2022년 9월 20일 13시,화요일,충청북도 충주시 목행동,경상사고,0,0,2,0,차대차 - 추돌,안전거리미확보,건조,맑음,단일로 - 기타,승용,남,57세,상해없음,승용,남,52세,경상
2022092000100271,2022년 9월 20일 13시,화요일,충청북도 충주시 호암동,경상사고,0,0,2,0,차대차 - 측면충돌,안전거리미확보,건조,맑음,교차로 - 교차로부근,승용,남,80세,상해없음,승용,남,35세,경상
2022092000100272,2022년 9월 20일 13시,화요일,충청북도 제천시 강제동,중상사고,0,1,0,0,차대사람 - 기타,안전운전불이행,건조,맑음,주차장 - 주차장,승용,남,23세,상해없음,보행자,남,69세,중상
2022092000100273,2022년 9월 20일 13시,화요일,충청북도 보은군 마로면,경상사고,0,0,1,0,차대차 - 측면충돌,교차로운행방법위반,건조,맑음,교차로 - 교차로안,승용,남,37세,상해없음,승용,여,61세,경상
2022092000100313,2022년 9월 20일 14시,화요일,충청북도 청주시 상당구 낭성면,경상사고,0,0,2,0,차대차 - 기타,중앙선침범,건조,맑음,단일로 - 기타,승용,남,80세,상해없음,승용,남,61세,경상
2022092000100351,2022년 9월 20일 15시,화요일,충청북도 청주시 상당구 남일면,경상사고,0,0,4,0,차대차 - 측면충돌,안전거리미확보,건조,맑음,교차로 - 교차로부근,승합,남,59세,상해없음,화물,여,23세,경상
2022092000100396,2022년 9월 20일 16시,화요일,충청북도 제천시 봉양읍,중상사고,0,1,2,0,차량단독 - 전도전복 - 전도,안전운전불이행,건조,맑음,단일로 - 기타,승합,남,62세,경상,,,,
2022092000100439,2022년 9월 20일 17시,화요일,충청북도 진천군 진천읍,경상사고,0,0,4,0,차대차 - 측면충돌,안전운전불이행,건조,맑음,교차로 - 교차로안,승용,남,30세,상해없음,승용,남,44세,경상
2022092000100484,2022년 9월 20일 18시,화요일,충청북도 청주시 청원구 우암동,경상사고,0,0,1,0,차대차 - 추돌,안전운전불이행,건조,맑음,단일로 - 기타,원동기,남,51세,상해없음,승용,여,55세,경상
2022092000100485,2022년 9월 20일 18시,화요일,충청북도 청주시 청원구 우암동,경상사고,0,0,1,0,차대차 - 측면충돌,직진우회전진행방해,건조,맑음,교차로 - 교차로안,승용,여,25세,상해없음,승용,여,29세,경상
2022092000100486,2022년 9월 20일 18시,화요일,충청북도 제천시 천남동,사망사고,1,0,0,0,차대차 - 측면충돌,안전운전불이행,건조,맑음,단일로 - 기타,이륜,여,38세,사망,화물,남,34세,상해없음
2022092000100487,2022년 9월 20일 18시,화요일,충청북도 청주시 상당구 평촌동,경상사고,0,0,1,0,차대차 - 기타,안전운전불이행,건조,맑음,교차로 - 교차로안,승용,남,62세,상해없음,승용,남,31세,경상
2022092000100530,2022년 9월 20일 19시,화요일,충청북도 보은군 회인면,중상사고,0,1,0,0,차대차 - 추돌,안전운전불이행,건조,맑음,단일로 - 기타,화물,남,66세,상해없음,자전거,남,78세,중상
2022092000100531,2022년 9월 20일 19시,화요일,충청북도 청주시 상당구 남일면,중상사고,0,2,0,0,차대차 - 기타,기타,건조,맑음,단일로 - 기타,화물,남,66세,상해없음,승용,남,25세,중상
2022092000100564,2022년 9월 20일 20시,화요일,충청북도 청주시 흥덕구 봉명동,중상사고,0,1,0,0,차대차 - 기타,신호위반,건조,맑음,교차로 - 교차로부근,이륜,남,33세,중상,승용,남,61세,상해없음
2022092100100013,2022년 9월 21일 02시,수요일,충청북도 보은군 보은읍,중상사고,0,2,1,0,차량단독 - 공작물충돌,안전운전불이행,건조,맑음,단일로 - 기타,화물,남,16세,경상,,,,
2022092100100052,2022년 9월 21일 07시,수요일,충청북도 청주시 청원구 북이면,경상사고,0,0,2,0,차대차 - 추돌,안전거리미확보,건조,맑음,단일로 - 기타,화물,남,49세,상해없음,화물,남,50세,경상
2022092100100053,2022년 9월 21일 07시,수요일,충청북도 충주시 단월동,중상사고,0,1,0,0,차대차 - 측면충돌,중앙선침범,건조,맑음,단일로 - 기타,승용,남,58세,상해없음,자전거,여,80세,중상
2022092100100054,2022년 9월 21일 07시,수요일,충청북도 진천군 진천읍,경상사고,0,0,1,0,차대차 - 측면충돌,차로위반,건조,맑음,교차로 - 교차로부근,승용,남,48세,상해없음,승용,남,56세,경상
2022092100100055,2022년 9월 21일 07시,수요일,충청북도 청주시 흥덕구 외북동,경상사고,0,0,1,0,차대차 - 추돌,안전운전불이행,기타,기타,교차로 - 교차로부근,승용,여,29세,상해없음,화물,남,36세,경상
2022092100100178,2022년 9월 21일 10시,수요일,충청북도 영동군 영동읍,경상사고,0,0,1,0,차대사람 - 횡단중,안전운전불이행,건조,맑음,교차로 - 교차로부근,승용,남,78세,상해없음,보행자,여,21세,경상
2022092100100179,2022년 9월 21일 10시,수요일,충청북도 영동군 상촌면,중상사고,0,1,0,0,차량단독 - 전도전복 - 전도,안전운전불이행,건조,맑음,단일로 - 기타,사륜오토바이(ATV),여,58세,중상,,,,
2022092100100218,2022년 9월 21일 11시,수요일,충청북도 청주시 흥덕구 지동동,경상사고,0,0,2,0,차대차 - 추돌,안전운전불이행,건조,맑음,교차로 - 교차로부근,화물,남,69세,상해없음,화물,남,45세,경상
2022092100100290,2022년 9월 21일 13시,수요일,충청북도 음성군 원남면,경상사고,0,0,2,0,차대차 - 측면충돌,안전거리미확보,건조,맑음,교차로 - 교차로부근,화물,남,67세,상해없음,승용,남,74세,경상
2022092100100406,2022년 9월 21일 16시,수요일,충청북도 청주시 상당구 용암동,사망사고,1,0,0,0,차대사람 - 횡단중,안전운전불이행,건조,맑음,교차로 - 교차로횡단보도내,승용,여,31세,상해없음,보행자,여,81세,사망
2022092100100475,2022년 9월 21일 17시,수요일,충청북도 영동군 영동읍,경상사고,0,0,1,0,차대차 - 측면충돌,중앙선침범,건조,맑음,단일로 - 기타,화물,남,62세,상해없음,승합,남,62세,경상
2022092100100518,2022년 9월 21일 18시,수요일,충청북도 청주시 청원구 오창읍,중상사고,0,1,0,0,차대차 - 기타,신호위반,건조,맑음,교차로 - 교차로부근,승용,남,42세,상해없음,이륜,남,40세,중상
2022092100100519,2022년 9월 21일 18시,수요일,충청북도 청주시 흥덕구 봉명동,중상사고,0,1,0,0,차대차 - 측면충돌,교차로운행방법위반,건조,맑음,교차로 - 교차로안,승용,남,54세,상해없음,이륜,남,52세,중상
2022092100100520,2022년 9월 21일 18시,수요일,충청북도 청주시 서원구 모충동,경상사고,0,0,1,0,차대차 - 기타,안전운전불이행,건조,맑음,교차로 - 교차로안,승용,남,32세,상해없음,승용,남,30세,경상
2022092100100521,2022년 9월 21일 18시,수요일,충청북도 청주시 상당구 북문로1가,경상사고,0,0,1,0,차대차 - 측면충돌,안전운전불이행,건조,흐림,교차로 - 교차로부근,승용,여,53세,기타불명,승용,남,39세,경상
2022092100100557,2022년 9월 21일 19시,수요일,충청북도 청주시 청원구 북이면,사망사고,1,0,0,0,차대차 - 추돌,기타,건조,맑음,단일로 - 기타,승용,남,30세,상해없음,농기계,남,62세,사망
2022092100100558,2022년 9월 21일 19시,수요일,충청북도 충주시 중앙탑면,경상사고,0,0,1,0,차대사람 - 기타,신호위반,건조,흐림,단일로 - 기타,원동기,남,34세,상해없음,보행자,남,12세,경상
2022092100100559,2022년 9월 21일 19시,수요일,충청북도 청주시 상당구 용암동,경상사고,0,0,1,0,차대차 - 측면충돌,안전운전불이행,건조,맑음,단일로 - 지하차도(도로)내,승용,여,44세,상해없음,승용,여,66세,경상
2022092100100560,2022년 9월 21일 19시,수요일,충청북도 청주시 상당구 용암동,경상사고,0,0,1,0,차대차 - 기타,차로위반,건조,맑음,교차로 - 교차로부근,승용,남,68세,상해없음,승용,남,27세,경상
2022092100100561,2022년 9월 21일 19시,수요일,충청북도 청주시 서원구 분평동,경상사고,0,0,1,0,차대차 - 측면충돌,안전운전불이행,건조,흐림,교차로 - 교차로횡단보도내,자전거,여,63세,경상,승용,남,26세,상해없음
2022092100100599,2022년 9월 21일 20시,수요일,충청북도 음성군 원남면,경상사고,0,0,2,0,차대차 - 정면충돌,신호위반,건조,맑음,교차로 - 교차로안,승용,여,47세,경상,특수,남,40세,경상
2022092100100629,2022년 9월 21일 21시,수요일,충청북도 청주시 서원구 사창동,경상사고,0,0,1,0,차대차 - 기타,안전운전불이행,건조,맑음,기타 - 기타,승용,남,26세,상해없음,원동기,남,26세,경상
2022092100100669,2022년 9월 21일 23시,수요일,충청북도 제천시 교동,경상사고,0,0,2,0,차대차 - 측면충돌,안전거리미확보,건조,맑음,교차로 - 교차로안,승용,남,51세,상해없음,승용,여,38세,경상
2022092200100020,2022년 9월 22일 02시,목요일,충청북도 청주시 청원구 오창읍,중상사고,0,1,1,0,차대차 - 정면충돌,신호위반,건조,맑음,단일로 - 기타,승용,남,43세,중상,화물,남,38세,경상
2022092200100053,2022년 9월 22일 06시,목요일,충청북도 충주시 봉방동,중상사고,0,1,0,0,차대차 - 측면충돌,직진우회전진행방해,건조,맑음,교차로 - 교차로안,승용,남,54세,상해없음,원동기,남,63세,중상
2022092200100074,2022년 9월 22일 07시,목요일,충청북도 제천시 신동,경상사고,0,0,3,0,차대차 - 측면충돌,안전거리미확보,건조,맑음,기타 - 기타,승용,남,45세,상해없음,화물,여,47세,경상
2022092200100075,2022년 9월 22일 07시,목요일,충청북도 청주시 흥덕구 오송읍,경상사고,0,0,2,0,차대차 - 추돌,안전운전불이행,건조,흐림,단일로 - 기타,화물,남,52세,경상,승용,남,23세,경상
2022092200100113,2022년 9월 22일 08시,목요일,충청북도 충주시 칠금동,경상사고,0,0,2,0,차대차 - 기타,불법유턴,건조,맑음,단일로 - 기타,승용,여,35세,경상,승용,여,51세,경상
2022092200100114,2022년 9월 22일 08시,목요일,충청북도 청주시 서원구 남이면,중상사고,0,1,2,0,차대차 - 기타,신호위반,건조,맑음,교차로 - 교차로안,승합,남,70세,상해없음,승용,여,52세,중상
2022092200100293,2022년 9월 22일 13시,목요일,충청북도 음성군 금왕읍,경상사고,0,0,2,0,차대차 - 측면충돌,차로위반,건조,맑음,교차로 - 교차로부근,승용,여,54세,경상,승용,남,52세,경상
2022092200100294,2022년 9월 22일 13시,목요일,충청북도 청주시 흥덕구 오송읍,경상사고,0,0,1,0,차대차 - 정면충돌,안전운전불이행,건조,맑음,교차로 - 교차로안,승합,여,47세,상해없음,승용,남,39세,경상
2022092200100295,2022년 9월 22일 13시,목요일,충청북도 청주시 흥덕구 강서동,경상사고,0,0,1,0,차대차 - 측면충돌,안전운전불이행,건조,맑음,교차로 - 교차로부근,승용,남,40세,상해없음,승용,남,40세,경상
2022092200100326,2022년 9월 22일 14시,목요일,충청북도 청주시 서원구 분평동,경상사고,0,0,3,0,차대차 - 추돌,안전운전불이행,건조,맑음,단일로 - 기타,승용,남,57세,상해없음,승용,여,31세,상해없음
2022092200100351,2022년 9월 22일 15시,목요일,충청북도 청주시 청원구 외남동,경상사고,0,0,1,0,차대차 - 기타,안전거리미확보,건조,맑음,단일로 - 기타,승용,남,20세,상해없음,승용,여,26세,경상
2022092200100352,2022년 9월 22일 15시,목요일,충청북도 충주시 대소원면,중상사고,0,1,0,0,차대차 - 추돌,안전운전불이행,건조,맑음,교차로 - 교차로안,화물,남,60세,상해없음,승용,여,56세,중상
2022092200100353,2022년 9월 22일 15시,목요일,충청북도 영동군 용산면,사망사고,1,0,0,0,차대차 - 측면충돌,직진우회전진행방해,건조,맑음,교차로 - 교차로안,승용,여,68세,상해없음,자전거,남,85세,사망
2022092200100392,2022년 9월 22일 16시,목요일,충청북도 충주시 칠금동,경상사고,0,0,1,0,차대차 - 측면충돌,안전운전불이행,건조,맑음,교차로 - 교차로횡단보도내,승용,여,57세,상해없음,자전거,남,37세,경상
2022092200100439,2022년 9월 22일 17시,목요일,충청북도 진천군 광혜원면,경상사고,0,0,2,0,차대차 - 추돌,안전거리미확보,건조,맑음,교차로 - 교차로부근,승용,여,28세,상해없음,이륜,남,53세,경상
2022092200100476,2022년 9월 22일 18시,목요일,충청북도 청주시 청원구 내수읍,중상사고,0,1,0,0,차대사람 - 기타,안전운전불이행,건조,맑음,기타 - 기타,승용,남,63세,상해없음,보행자,여,84세,중상
2022092200100591,2022년 9월 22일 21시,목요일,충청북도 진천군 진천읍,중상사고,0,1,0,0,차대사람 - 횡단중,보행자보호의무위반,건조,맑음,교차로 - 교차로안,승용,여,49세,상해없음,보행자,여,37세,중상
2022092200100615,2022년 9월 22일 22시,목요일,충청북도 충주시 대소원면,중상사고,0,1,1,0,차대차 - 추돌,안전운전불이행,건조,맑음,교차로 - 교차로부근,승용,남,29세,상해없음,화물,남,44세,중상
2022092300100006,2022년 9월 23일 00시,금요일,충청북도 음성군 금왕읍,중상사고,0,1,0,0,차대차 - 측면충돌,안전운전불이행,건조,맑음,단일로 - 기타,승용,남,30세,상해없음,특수,남,48세,중상
2022092300100063,2022년 9월 23일 07시,금요일,충청북도 청주시 흥덕구 화계동,중상사고,0,1,1,0,차대차 - 측면충돌,신호위반,건조,맑음,교차로 - 교차로안,승용,남,24세,상해없음,승용,남,29세,경상
2022092300100131,2022년 9월 23일 09시,금요일,충청북도 음성군 대소면,경상사고,0,0,1,0,차대차 - 측면충돌,안전운전불이행,건조,맑음,교차로 - 교차로안,화물,남,65세,상해없음,승용,남,45세,경상
2022092300100132,2022년 9월 23일 09시,금요일,충청북도 단양군 매포읍,경상사고,0,0,1,0,차대차 - 기타,불법유턴,건조,맑음,단일로 - 기타,승용,여,54세,상해없음,승용,남,63세,경상
2022092300100133,2022년 9월 23일 09시,금요일,충청북도 청주시 상당구 가덕면,부상신고사고,0,0,0,1,차대차 - 추돌,안전거리미확보,건조,맑음,단일로 - 기타,이륜,남,74세,부상신고,승용,남,66세,상해없음
2022092300100241,2022년 9월 23일 12시,금요일,충청북도 청주시 서원구 사창동,중상사고,0,1,0,0,차대사람 - 횡단중,안전운전불이행,건조,맑음,교차로 - 교차로횡단보도내,화물,남,62세,상해없음,보행자,여,80세,중상
2022092300100242,2022년 9월 23일 12시,금요일,충청북도 청주시 흥덕구 강서동,중상사고,0,1,0,0,차대차 - 측면충돌,안전거리미확보,건조,맑음,교차로 - 교차로부근,화물,남,61세,상해없음,이륜,여,65세,중상
2022092300100273,2022년 9월 23일 13시,금요일,충청북도 청주시 청원구 오창읍,중상사고,0,3,4,0,차대차 - 기타,안전운전불이행,건조,맑음,단일로 - 기타,승용,남,41세,상해없음,승용,여,66세,중상
2022092300100274,2022년 9월 23일 13시,금요일,충청북도 충주시 호암동,경상사고,0,0,2,0,차대차 - 측면충돌,안전거리미확보,건조,맑음,단일로 - 기타,이륜,남,30세,상해없음,승용,여,18세,경상
2022092300100275,2022년 9월 23일 13시,금요일,충청북도 괴산군 사리면,경상사고,0,0,2,0,차대차 - 측면충돌,기타,건조,맑음,단일로 - 기타,승용,남,24세,경상,화물,남,67세,상해없음
2022092300100276,2022년 9월 23일 13시,금요일,충청북도 청주시 상당구 월오동,경상사고,0,0,3,0,차대차 - 기타,신호위반,건조,맑음,교차로 - 교차로안,화물,남,82세,상해없음,승용,남,21세,경상
2022092300100320,2022년 9월 23일 14시,금요일,충청북도 음성군 맹동면,중상사고,0,1,0,0,차대사람 - 기타,안전운전불이행,건조,맑음,주차장 - 주차장,화물,남,52세,상해없음,보행자,여,43세,중상
2022092300100362,2022년 9월 23일 15시,금요일,충청북도 제천시 청풍면,경상사고,0,0,2,0,차대차 - 후진중충돌,안전운전불이행,건조,맑음,기타 - 기타,승용,여,38세,경상,화물,남,72세,상해없음
2022092300100401,2022년 9월 23일 16시,금요일,충청북도 청주시 서원구 남이면,중상사고,0,2,3,0,차대차 - 추돌,안전거리미확보,건조,맑음,단일로 - 기타,승합,남,63세,기타불명,승용,남,50세,중상
2022092300100500,2022년 9월 23일 18시,금요일,충청북도 청주시 서원구 사창동,중상사고,0,1,0,0,차대사람 - 기타,보행자보호의무위반,건조,맑음,교차로 - 교차로횡단보도내,승용,남,35세,상해없음,보행자,여,13세,중상
2022092300100501,2022년 9월 23일 18시,금요일,충청북도 충주시 호암동,경상사고,0,0,1,0,차대차 - 측면충돌,안전거리미확보,건조,맑음,단일로 - 기타,승용,여,62세,상해없음,승용,여,65세,경상
2022092300100502,2022년 9월 23일 18시,금요일,충청북도 제천시 대랑동,경상사고,0,0,1,0,차대차 - 측면충돌,불법유턴,건조,맑음,교차로 - 교차로안,특수,남,65세,상해없음,승용,여,49세,경상