사고번호,사고일시,요일,시군구,사고내용,사망자수,중상자수,경상자수,부상신고자수,사고유형,법규위반,노면상태,기상상태,도로형태,가해운전자 차종,가해운전자 성별,가해운전자 연령,가해운전자 상해정도,피해운전자 차종,피해운전자 성별,피해운전자 연령,피해운전자 상해정도
2022092800100531,2022년 9월 28일 20시,수요일,충청북도 진천군 덕산읍,중상사고,0,1,0,0,차대차 - 측면충돌,안전운전불이행,건조,맑음,교차로 - 교차로안,원동기,남,45세,중상,승용,남,57세,상해없음
2022092800100532,2022년 9월 28일 20시,수요일,충청북도 청주시 흥덕구 지동동,경상사고,0,0,1,0,차대차 - 측면충돌,신호위반,건조,맑음,교차로 - 교차로안,승용,남,24세,상해없음,승합,남,62세,상해없음
2022092800100583,2022년 9월 28일 22시,수요일,충청북도 청주시 흥덕구 강내면,중상사고,0,1,0,0,차대차 - 추돌,안전운전불이행,건조,맑음,단일로 - 기타,승용,남,25세,상해없음,이륜,남,55세,중상
2022092900100003,2022년 9월 29일 00시,목요일,충청북도 청주시 흥덕구 가경동,경상사고,0,0,1,0,차대차 - 기타,중앙선침범,건조,맑음,단일로 - 기타,원동기,남,41세,상해없음,원동기,남,27세,경상
2022092900100011,2022년 9월 29일 01시,목요일,충청북도 영동군 영동읍,사망사고,1,0,0,0,차대차 - 추돌,안전운전불이행,기타,안개,단일로 - 기타,승용,남,20세,상해없음,자전거,남,59세,사망
2022092900100106,2022년 9월 29일 08시,목요일,충청북도 청주시 청원구 주성동,경상사고,0,0,1,0,차대사람 - 기타,보행자보호의무위반,건조,맑음,교차로 - 교차로안,승용,여,42세,기타불명,보행자,여,6세,경상
2022092900100107,2022년 9월 29일 08시,목요일,충청북도 청주시 청원구 오창읍,경상사고,0,0,2,0,차대차 - 측면충돌,교차로운행방법위반,건조,맑음,교차로 - 교차로부근,승용,여,32세,경상,승용,남,38세,경상
2022092900100108,2022년 9월 29일 08시,목요일,충청북도 청주시 흥덕구 복대동,경상사고,0,0,1,0,차대차 - 측면충돌,신호위반,건조,맑음,단일로 - 기타,승용,남,68세,상해없음,승용,남,34세,경상
2022092900100177,2022년 9월 29일 10시,목요일,충청북도 충주시 중앙탑면,경상사고,0,0,2,0,차대차 - 기타,안전거리미확보,건조,맑음,교차로 - 교차로안,승용,남,62세,상해없음,승용,여,38세,경상
2022092900100209,2022년 9월 29일 11시,목요일,충청북도 제천시 송학면,경상사고,0,0,2,0,차대차 - 측면충돌,안전거리미확보,건조,맑음,단일로 - 기타,승용,남,34세,경상,승용,남,64세,경상
2022092900100210,2022년 9월 29일 11시,목요일,충청북도 영동군 영동읍,중상사고,0,1,0,0,차대차 - 측면충돌,안전운전불이행,건조,맑음,단일로 - 기타,승용,여,58세,상해없음,자전거,여,74세,중상
2022092900100237,2022년 9월 29일 12시,목요일,충청북도 충주시 풍동,중상사고,0,1,0,0,차량단독 - 공작물충돌,안전운전불이행,건조,맑음,단일로 - 기타,승용,남,74세,중상,,,,
2022092900100238,2022년 9월 29일 12시,목요일,충청북도 옥천군 옥천읍,중상사고,0,1,0,0,차대사람 - 횡단중,안전운전불이행,건조,맑음,교차로 - 교차로안,화물,남,72세,상해없음,보행자,여,77세,중상
2022092900100239,2022년 9월 29일 12시,목요일,충청북도 청주시 서원구 현도면,중상사고,0,1,0,0,차대차 - 기타,안전거리미확보,건조,맑음,단일로 - 기타,화물,남,68세,상해없음,이륜,남,29세,중상
2022092900100240,2022년 9월 29일 12시,목요일,충청북도 청주시 상당구 용암동,경상사고,0,0,1,0,차대차 - 기타,안전운전불이행,건조,맑음,단일로 - 기타,승용,남,39세,상해없음,이륜,남,29세,경상
2022092900100310,2022년 9월 29일 14시,목요일,충청북도 청주시 상당구 문화동,중상사고,0,1,0,0,차대차 - 기타,안전운전불이행,건조,맑음,교차로 - 교차로부근,승용,여,58세,상해없음,승합,남,41세,상해없음
2022092900100357,2022년 9월 29일 15시,목요일,충청북도 청주시 상당구 북문로2가,경상사고,0,0,2,0,차대차 - 기타,안전운전불이행,건조,맑음,단일로 - 기타,화물,남,41세,경상,승용,여,47세,경상
2022092900100358,2022년 9월 29일 15시,목요일,충청북도 청주시 상당구 용암동,중상사고,0,1,0,0,차대사람 - 기타,안전운전불이행,건조,맑음,단일로 - 기타,승용,남,60세,상해없음,보행자,여,67세,중상
2022092900100446,2022년 9월 29일 17시,목요일,충청북도 증평군 증평읍,경상사고,0,0,1,0,차대사람 - 보도통행중,기타,건조,맑음,교차로 - 교차로부근,자전거,남,43세,상해없음,보행자,남,2세,경상
2022092900100447,2022년 9월 29일 17시,목요일,충청북도 음성군 감곡면,중상사고,0,1,1,0,차대차 - 측면충돌,교차로운행방법위반,건조,맑음,교차로 - 교차로안,승용,남,70세,경상,승용,여,20세,중상
2022092900100448,2022년 9월 29일 17시,목요일,충청북도 청주시 흥덕구 정봉동,경상사고,0,0,1,0,차대차 - 기타,안전운전불이행,건조,맑음,단일로 - 기타,화물,남,59세,상해없음,승용,남,22세,경상
2022092900100449,2022년 9월 29일 17시,목요일,충청북도 청주시 흥덕구 비하동,경상사고,0,0,1,0,차대차 - 기타,안전운전불이행,건조,맑음,단일로 - 기타,화물,남,54세,상해없음,자전거,남,62세,경상
2022092900100450,2022년 9월 29일 17시,목요일,충청북도 청주시 상당구 영운동,경상사고,0,0,1,0,차대차 - 측면충돌,안전운전불이행,건조,맑음,교차로 - 교차로안,승용,여,22세,상해없음,승용,남,27세,경상
2022092900100498,2022년 9월 29일 18시,목요일,충청북도 청주시 서원구 사직동,중상사고,0,1,0,0,차대차 - 기타,중앙선침범,건조,맑음,교차로 - 교차로부근,자전거,남,57세,중상,승용,남,31세,상해없음
2022092900100535,2022년 9월 29일 19시,목요일,충청북도 청주시 상당구 금천동,경상사고,0,0,1,0,차대사람 - 차도통행중,안전운전불이행,건조,흐림,교차로 - 교차로부근,승합,남,64세,상해없음,보행자,남,88세,경상
2022092900100587,2022년 9월 29일 21시,목요일,충청북도 증평군 증평읍,경상사고,0,0,2,0,차대차 - 측면충돌,안전운전불이행,건조,맑음,교차로 - 교차로안,승용,남,30세,상해없음,승용,남,43세,경상
2022092900100589,2022년 9월 29일 21시,목요일,충청북도 진천군 진천읍,중상사고,0,1,0,0,차대차 - 추돌,안전운전불이행,건조,맑음,단일로 - 지하차도(도로)내,승용,여,51세,상해없음,자전거,남,54세,중상
2022092900100625,2022년 9월 29일 23시,목요일,충청북도 청주시 서원구 사직동,중상사고,0,1,0,0,차대사람 - 횡단중,안전운전불이행,건조,맑음,단일로 - 기타,승용,여,64세,상해없음,보행자,여,74세,중상
2022092900100626,2022년 9월 29일 23시,목요일,충청북도 청주시 서원구 분평동,경상사고,0,0,2,0,차대차 - 측면충돌,차로위반,건조,흐림,단일로 - 기타,승용,여,54세,상해없음,승용,남,39세,경상
2022093000100027,2022년 9월 30일 01시,금요일,충청북도 청주시 청원구 내덕동,중상사고,0,1,1,0,차대차 - 기타,신호위반,건조,맑음,교차로 - 교차로안,승용,남,38세,상해없음,이륜,남,40세,중상
2022093000100057,2022년 9월 30일 05시,금요일,충청북도 보은군 보은읍,경상사고,0,0,1,0,차대차 - 추돌,교차로운행방법위반,젖음/습기,안개,교차로 - 교차로안,승용,여,56세,경상,승합,남,33세,상해없음
2022093000100150,2022년 9월 30일 09시,금요일,충청북도 청주시 흥덕구 신봉동,중상사고,0,2,0,0,차대차 - 측면충돌,신호위반,건조,맑음,교차로 - 교차로안,승용,여,41세,상해없음,승용,남,63세,중상
2022093000100209,2022년 9월 30일 11시,금요일,충청북도 진천군 덕산읍,경상사고,0,0,1,0,차대차 - 추돌,기타,건조,맑음,단일로 - 지하차도(도로)내,이륜,남,31세,상해없음,승용,남,33세,경상
2022093000100210,2022년 9월 30일 11시,금요일,충청북도 청주시 상당구 용암동,중상사고,0,1,0,0,차대사람 - 기타,안전운전불이행,건조,맑음,기타 - 기타,자전거,남,74세,상해없음,보행자,여,67세,중상
2022093000100242,2022년 9월 30일 12시,금요일,충청북도 청주시 상당구 용암동,경상사고,0,0,2,0,차대차 - 측면충돌,안전운전불이행,건조,맑음,교차로 - 교차로부근,승용,남,44세,상해없음,승용,남,65세,경상
2022093000100286,2022년 9월 30일 13시,금요일,충청북도 제천시 백운면,중상사고,0,2,2,0,차대차 - 추돌,안전거리미확보,건조,맑음,단일로 - 기타,승용,여,70세,경상,승용,남,79세,중상
2022093000100287,2022년 9월 30일 13시,금요일,충청북도 청주시 흥덕구 복대동,경상사고,0,0,2,0,차대차 - 기타,안전거리미확보,건조,맑음,단일로 - 기타,승용,남,28세,기타불명,승용,남,29세,경상
2022093000100349,2022년 9월 30일 15시,금요일,충청북도 충주시 용산동,경상사고,0,0,2,0,차대차 - 측면충돌,안전거리미확보,건조,맑음,단일로 - 기타,승용,여,21세,경상,승용,여,54세,경상
2022093000100396,2022년 9월 30일 16시,금요일,충청북도 충주시 주덕읍,중상사고,0,1,0,0,차대차 - 측면충돌,신호위반,건조,맑음,단일로 - 기타,화물,남,63세,상해없음,화물,남,59세,중상
2022093000100452,2022년 9월 30일 17시,금요일,충청북도 청주시 흥덕구 봉명동,경상사고,0,0,1,0,차대차 - 측면충돌,안전운전불이행,건조,맑음,교차로 - 교차로안,승용,여,64세,기타불명,자전거,남,22세,경상
2022093000100453,2022년 9월 30일 17시,금요일,충청북도 청주시 상당구 용담동,경상사고,0,0,1,0,차대사람 - 횡단중,안전운전불이행,건조,맑음,단일로 - 지하차도(도로)내,승용,남,25세,상해없음,보행자,남,4세,경상
2022093000100454,2022년 9월 30일 17시,금요일,충청북도 청주시 상당구 영운동,경상사고,0,0,5,0,차대차 - 측면충돌,안전운전불이행,건조,맑음,교차로 - 교차로부근,승합,남,47세,상해없음,승용,여,53세,경상
2022093000100526,2022년 9월 30일 18시,금요일,충청북도 충주시 금릉동,중상사고,0,1,0,0,차대차 - 정면충돌,교차로운행방법위반,건조,맑음,교차로 - 교차로부근,승용,남,40세,상해없음,자전거,남,70세,중상
2022093000100527,2022년 9월 30일 18시,금요일,충청북도 충주시 문화동,중상사고,0,1,0,0,차대사람 - 횡단중,안전운전불이행,건조,흐림,단일로 - 기타,승용,여,54세,상해없음,보행자,남,62세,중상
2022093000100528,2022년 9월 30일 18시,금요일,충청북도 증평군 증평읍,경상사고,0,0,2,0,차대차 - 측면충돌,직진우회전진행방해,건조,맑음,교차로 - 교차로안,이륜,남,17세,상해없음,승용,여,57세,경상
2022093000100576,2022년 9월 30일 19시,금요일,충청북도 충주시 교현동,중상사고,0,1,0,0,차대차 - 측면충돌,기타,건조,맑음,단일로 - 기타,승용,남,75세,상해없음,이륜,남,25세,중상
2022093000100577,2022년 9월 30일 19시,금요일,충청북도 충주시 칠금동,중상사고,0,3,0,0,차대차 - 기타,안전운전불이행,건조,맑음,교차로 - 교차로부근,승용,남,24세,상해없음,승용,여,46세,중상
2022093000100618,2022년 9월 30일 20시,금요일,충청북도 보은군 보은읍,중상사고,0,1,1,0,차량단독 - 공작물충돌,안전운전불이행,건조,맑음,단일로 - 기타,승용,여,62세,상해없음,,,,
2022093000100644,2022년 9월 30일 21시,금요일,충청북도 청주시 상당구 수동,경상사고,0,0,1,0,차대사람 - 기타,안전운전불이행,건조,맑음,기타 - 기타,승용,남,28세,상해없음,보행자,남,19세,경상
2022093000100645,2022년 9월 30일 21시,금요일,충청북도 음성군 삼성면,중상사고,0,1,0,0,차대사람 - 기타,안전운전불이행,건조,맑음,단일로 - 기타,승용,여,64세,상해없음,보행자,남,35세,중상
2022100100100027,2022년 10월 1일 01시,토요일,충청북도 청주시 청원구 오창읍,경상사고,0,0,1,0,차량단독 - 공작물충돌,안전운전불이행,건조,맑음,단일로 - 기타,승용,남,42세,경상,,,,
2022100100100037,2022년 10월 1일 02시,토요일,충청북도 청주시 상당구 문의면,경상사고,0,0,2,0,차량단독 - 전도전복 - 전복,안전운전불이행,건조,맑음,단일로 - 기타,승용,남,18세,상해없음,,,,
2022100100100069,2022년 10월 1일 05시,토요일,충청북도 음성군 금왕읍,경상사고,0,0,3,0,차대차 - 측면충돌,안전운전불이행,젖음/습기,안개,단일로 - 기타,승용,남,60세,경상,화물,남,61세,경상
2022100100100105,2022년 10월 1일 07시,토요일,충청북도 음성군 소이면,중상사고,0,3,0,0,차대차 - 기타,차로위반,기타,안개,단일로 - 기타,승합,기타불명,미분류,기타불명,화물,남,43세,상해없음
2022100100100127,2022년 10월 1일 08시,토요일,충청북도 진천군 초평면,사망사고,1,0,0,0,차량단독 - 공작물충돌,안전운전불이행,건조,맑음,교차로 - 교차로안,이륜,남,80세,사망,,,,
2022100100100128,2022년 10월 1일 08시,토요일,충청북도 청주시 서원구 남이면,경상사고,0,0,1,0,차대차 - 정면충돌,직진우회전진행방해,건조,맑음,단일로 - 기타,승용,여,55세,기타불명,승용,남,71세,경상
2022100100100129,2022년 10월 1일 08시,토요일,충청북도 진천군 초평면,중상사고,0,1,6,0,차대차 - 추돌,안전운전불이행,건조,맑음,단일로 - 기타,승용,여,45세,경상,승용,여,31세,경상
2022100100100152,2022년 10월 1일 09시,토요일,충청북도 단양군 단양읍,경상사고,0,0,1,0,차량단독 - 기타,안전운전불이행,기타,맑음,주차장 - 주차장,화물,남,35세,경상,,,,
2022100100100256,2022년 10월 1일 12시,토요일,충청북도 제천시 청전동,경상사고,0,0,2,0,차대차 - 기타,직진우회전진행방해,건조,맑음,교차로 - 교차로안,승용,남,66세,상해없음,승용,여,46세,경상
2022100100100257,2022년 10월 1일 12시,토요일,충청북도 청주시 서원구 남이면,중상사고,0,2,0,0,차대차 - 측면충돌,차로위반,건조,맑음,단일로 - 기타,승합,남,53세,상해없음,승용,남,64세,중상
2022100100100258,2022년 10월 1일 12시,토요일,충청북도 청주시 상당구 낭성면,경상사고,0,0,1,0,차대차 - 추돌,기타,건조,맑음,단일로 - 기타,이륜,남,45세,경상,승용,남,82세,상해없음
2022100100100337,2022년 10월 1일 14시,토요일,충청북도 청주시 청원구 내수읍,경상사고,0,0,1,0,차대차 - 추돌,안전운전불이행,건조,맑음,교차로 - 교차로부근,승용,남,21세,기타불명,승용,남,24세,경상
2022100100100373,2022년 10월 1일 15시,토요일,충청북도 청주시 흥덕구 복대동,부상신고사고,0,0,0,1,차대차 - 기타,안전운전불이행,건조,맑음,단일로 - 기타,승용,여,29세,기타불명,승용,남,48세,부상신고
2022100100100410,2022년 10월 1일 16시,토요일,충청북도 청주시 서원구 남이면,경상사고,0,0,2,0,차대차 - 기타,신호위반,건조,맑음,기타 - 기타,승용,남,26세,상해없음,승용,여,63세,경상
2022100100100454,2022년 10월 1일 17시,토요일,충청북도 청주시 상당구 낭성면,사망사고,1,1,1,0,차대차 - 측면충돌,신호위반,건조,맑음,교차로 - 교차로안,승용,남,25세,상해없음,승용,남,45세,경상
2022100100100486,2022년 10월 1일 18시,토요일,충청북도 제천시 청전동,경상사고,0,0,1,0,차대차 - 측면충돌,신호위반,건조,맑음,교차로 - 교차로안,화물,남,52세,상해없음,승용,여,66세,경상
2022100100100487,2022년 10월 1일 18시,토요일,충청북도 청주시 흥덕구 강내면,경상사고,0,0,1,0,차대차 - 측면충돌,안전거리미확보,건조,맑음,단일로 - 기타,승용,남,64세,상해없음,승용,남,41세,경상
2022100100100542,2022년 10월 1일 19시,토요일,충청북도 청주시 청원구 내덕동,경상사고,0,0,1,0,차대차 - 측면충돌,안전운전불이행,건조,맑음,기타 - 기타,승용,남,41세,상해없음,승용,남,44세,경상
2022100100100543,2022년 10월 1일 19시,토요일,충청북도 보은군 보은읍,경상사고,0,0,7,0,차대차 - 정면충돌,중앙선침범,건조,맑음,단일로 - 기타,승용,남,62세,상해없음,승용,남,62세,경상
2022100100100544,2022년 10월 1일 19시,토요일,충청북도 진천군 덕산읍,경상사고,0,0,1,0,차대차 - 측면충돌,신호위반,건조,맑음,교차로 - 교차로안,승용,여,24세,상해없음,이륜,남,58세,경상
2022100100100545,2022년 10월 1일 19시,토요일,충청북도 청주시 흥덕구 비하동,중상사고,0,1,0,0,차대차 - 측면충돌,안전운전불이행,건조,맑음,교차로 - 교차로안,이륜,남,38세,중상,승용,남,24세,상해없음
2022100100100546,2022년 10월 1일 19시,토요일,충청북도 청주시 흥덕구 복대동,경상사고,0,0,1,0,차대차 - 추돌,안전운전불이행,건조,맑음,교차로 - 교차로부근,승용,기타불명,미분류,기타불명,승용,남,67세,경상
2022100100100547,2022년 10월 1일 19시,토요일,충청북도 청주시 상당구 금천동,경상사고,0,0,1,0,차대차 - 기타,안전거리미확보,건조,맑음,교차로 - 교차로부근,승용,남,75세,기타불명,승합,남,48세,경상
2022100100100582,2022년 10월 1일 20시,토요일,충청북도 단양군 대강면,중상사고,0,1,0,0,차대사람 - 기타,안전운전불이행,건조,맑음,교차로 - 교차로부근,승용,남,64세,기타불명,보행자,남,55세,중상
2022100100100617,2022년 10월 1일 21시,토요일,충청북도 청주시 청원구 율량동,경상사고,0,0,2,0,차대차 - 측면충돌,기타,건조,맑음,교차로 - 교차로안,승용,남,33세,상해없음,승용,남,23세,경상
2022100100100646,2022년 10월 1일 22시,토요일,충청북도 청주시 서원구 남이면,경상사고,0,0,1,0,차대차 - 기타,신호위반,젖음/습기,비,교차로 - 교차로안,화물,남,62세,기타불명,승합,남,43세,상해없음
2022100200100021,2022년 10월 2일 01시,일요일,충청북도 청주시 서원구 모충동,경상사고,0,0,1,0,차대사람 - 기타,안전운전불이행,건조,맑음,단일로 - 지하차도(도로)내,승용,남,28세,상해없음,보행자,남,39세,경상
2022100200100058,2022년 10월 2일 06시,일요일,충청북도 청주시 서원구 사창동,중상사고,0,1,0,0,차대사람 - 기타,신호위반,건조,맑음,교차로 - 교차로횡단보도내,이륜,남,29세,상해없음,보행자,남,77세,중상
2022100200100096,2022년 10월 2일 10시,일요일,충청북도 청주시 흥덕구 비하동,경상사고,0,0,1,0,차대차 - 측면충돌,신호위반,건조,맑음,교차로 - 교차로안,승용,여,28세,상해없음,승용,남,61세,경상
2022100200100097,2022년 10월 2일 10시,일요일,충청북도 청주시 흥덕구 옥산면,중상사고,0,1,0,0,차대차 - 기타,안전운전불이행,건조,맑음,교차로 - 교차로안,승용,남,57세,상해없음,원동기,남,28세,중상
2022100200100194,2022년 10월 2일 14시,일요일,충청북도 제천시 고명동,중상사고,0,1,6,0,차대차 - 정면충돌,신호위반,건조,맑음,교차로 - 교차로안,승용,여,31세,경상,승용,남,43세,중상
2022100200100224,2022년 10월 2일 15시,일요일,충청북도 청주시 청원구 내덕동,경상사고,0,0,1,0,차대차 - 후진중충돌,안전운전불이행,건조,맑음,교차로 - 교차로부근,승용,여,37세,상해없음,이륜,남,25세,경상
2022100200100392,2022년 10월 2일 20시,일요일,충청북도 음성군 감곡면,경상사고,0,0,2,0,차대차 - 추돌,안전운전불이행,건조,맑음,교차로 - 교차로안,승용,남,53세,상해없음,승용,남,69세,경상
2022100200100393,2022년 10월 2일 20시,일요일,충청북도 청주시 흥덕구 복대동,경상사고,0,0,1,0,차대차 - 측면충돌,신호위반,젖음/습기,비,교차로 - 교차로횡단보도내,승용,남,25세,상해없음,승용,남,56세,경상
2022100200100437,2022년 10월 2일 22시,일요일,충청북도 음성군 대소면,경상사고,0,0,1,0,차대사람 - 보도통행중,보행자보호의무위반,젖음/습기,비,교차로 - 교차로부근,기타불명,기타불명,미분류,기타불명,보행자,남,57세,경상
2022100200100438,2022년 10월 2일 22시,일요일,충청북도 청주시 흥덕구 외북동,경상사고,0,0,1,0,차대차 - 측면충돌,안전거리미확보,건조,맑음,단일로 - 기타,화물,남,53세,상해없음,승용,여,36세,경상
2022100200100439,2022년 10월 2일 22시,일요일,충청북도 청주시 상당구 문화동,중상사고,0,1,0,0,차대차 - 정면충돌,신호위반,젖음/습기,흐림,교차로 - 교차로안,승용,남,18세,상해없음,이륜,남,20세,중상
2022100200100464,2022년 10월 2일 23시,일요일,충청북도 충주시 칠금동,경상사고,0,0,1,0,차대차 - 측면충돌,신호위반,건조,흐림,교차로 - 교차로안,승용,남,25세,상해없음,승용,남,63세,경상
2022100300100026,2022년 10월 3일 01시,월요일,충청북도 청주시 흥덕구 옥산면,경상사고,0,0,1,0,차량단독 - 도로외이탈 - 추락,안전운전불이행,건조,맑음,단일로 - 기타,승용,여,58세,경상,,,,
2022100300100084,2022년 10월 3일 08시,월요일,충청북도 충주시 수안보면,경상사고,0,0,2,0,차대차 - 측면충돌,안전거리미확보,건조,맑음,단일로 - 기타,승용,남,71세,상해없음,승용,남,67세,경상
2022100300100085,2022년 10월 3일 08시,월요일,충청북도 증평군 증평읍,경상사고,0,0,1,0,차대차 - 추돌,안전운전불이행,젖음/습기,비,교차로 - 교차로부근,화물,남,64세,상해없음,승용,여,34세,경상
2022100300100175,2022년 10월 3일 12시,월요일,충청북도 청주시 상당구 용담동,경상사고,0,0,2,0,차대차 - 추돌,안전운전불이행,건조,맑음,교차로 - 교차로부근,화물,남,66세,상해없음,승용,남,52세,경상
2022100300100194,2022년 10월 3일 13시,월요일,충청북도 청주시 서원구 사직동,중상사고,0,1,0,0,차대차 - 측면충돌,안전운전불이행,건조,맑음,단일로 - 기타,승용,남,47세,상해없음,이륜,여,72세,중상
2022100300100195,2022년 10월 3일 13시,월요일,충청북도 청주시 청원구 율량동,중상사고,0,1,0,0,차대차 - 기타,신호위반,건조,맑음,교차로 - 교차로안,승용,여,36세,상해없음,자전거,남,12세,중상
2022100300100196,2022년 10월 3일 13시,월요일,충청북도 청주시 흥덕구 비하동,경상사고,0,0,2,0,차대차 - 측면충돌,안전운전불이행,건조,맑음,교차로 - 교차로부근,승용,여,34세,상해없음,승용,여,58세,경상
2022100300100230,2022년 10월 3일 14시,월요일,충청북도 청주시 흥덕구 봉명동,경상사고,0,0,1,0,차대차 - 기타,안전운전불이행,건조,맑음,교차로 - 교차로안,승용,남,46세,상해없음,승용,남,24세,상해없음
2022100300100258,2022년 10월 3일 15시,월요일,충청북도 충주시 신니면,경상사고,0,0,1,0,차대차 - 측면충돌,직진우회전진행방해,젖음/습기,흐림,단일로 - 지하차도(도로)내,승합,여,45세,상해없음,승용,남,61세,경상
2022100300100281,2022년 10월 3일 16시,월요일,충청북도 청주시 청원구 내덕동,경상사고,0,0,1,0,차대차 - 정면충돌,안전운전불이행,건조,맑음,교차로 - 교차로부근,승용,남,25세,상해없음,개인형이동수단(PM),여,22세,경상
2022100300100282,2022년 10월 3일 16시,월요일,충청북도 충주시 교현동,중상사고,0,1,0,0,차대차 - 정면충돌,신호위반,건조,맑음,교차로 - 교차로안,승용,여,53세,상해없음,승용,여,58세,중상
2022100300100318,2022년 10월 3일 17시,월요일,충청북도 제천시 영천동,경상사고,0,0,1,0,차대차 - 후진중충돌,안전운전불이행,건조,맑음,단일로 - 기타,화물,남,65세,상해없음,승용,남,60세,상해없음
2022100300100351,2022년 10월 3일 18시,월요일,충청북도 청주시 서원구 사직동,경상사고,0,0,2,0,차대차 - 기타,교차로운행방법위반,건조,맑음,교차로 - 교차로안,승용,남,48세,상해없음,승용,남,51세,경상
2022100300100352,2022년 10월 3일 18시,월요일,충청북도 충주시 호암동,경상사고,0,0,1,0,차대차 - 기타,안전거리미확보,건조,맑음,단일로 - 기타,승용,남,69세,기타불명,승용,남,38세,상해없음
2022100300100353,2022년 10월 3일 18시,월요일,충청북도 제천시 왕암동,경상사고,0,0,1,0,차대차 - 정면충돌,신호위반,건조,맑음,교차로 - 교차로안,승용,남,65세,상해없음,승합,남,32세,경상
2022100300100354,2022년 10월 3일 18시,월요일,충청북도 청주시 흥덕구 옥산면,중상사고,0,1,1,0,차대차 - 기타,신호위반,건조,맑음,교차로 - 교차로안,원동기,남,52세,중상,승용,여,50세,경상
2022100300100384,2022년 10월 3일 19시,월요일,충청북도 진천군 덕산읍,중상사고,0,1,2,0,차대차 - 정면충돌,신호위반,건조,맑음,교차로 - 교차로안,원동기,남,49세,중상,승용,여,33세,경상
2022100300100412,2022년 10월 3일 20시,월요일,충청북도 충주시 호암동,경상사고,0,0,1,0,차대차 - 측면충돌,안전거리미확보,건조,맑음,교차로 - 교차로부근,이륜,남,19세,상해없음,승용,남,47세,경상
2022100300100413,2022년 10월 3일 20시,월요일,충청북도 충주시 주덕읍,경상사고,0,0,1,0,차대사람 - 차도통행중,안전운전불이행,젖음/습기,비,단일로 - 지하차도(도로)내,화물,남,54세,상해없음,보행자,남,55세,경상
2022100300100437,2022년 10월 3일 21시,월요일,충청북도 충주시 호암동,경상사고,0,0,2,0,차대차 - 측면충돌,신호위반,젖음/습기,비,교차로 - 교차로안,승용,여,38세,경상,승용,여,27세,경상
2022100300100438,2022년 10월 3일 21시,월요일,충청북도 제천시 청전동,중상사고,0,1,0,0,차대차 - 기타,교차로운행방법위반,젖음/습기,비,교차로 - 교차로안,승용,남,56세,상해없음,자전거,남,70세,중상
2022100300100462,2022년 10월 3일 22시,월요일,충청북도 제천시 청전동,중상사고,0,1,3,0,차대차 - 기타,신호위반,젖음/습기,비,교차로 - 교차로안,승용,여,51세,기타불명,승용,여,44세,경상
2022100300100491,2022년 10월 3일 23시,월요일,충청북도 청주시 상당구 금천동,경상사고,0,0,1,1,차대차 - 기타,신호위반,건조,맑음,교차로 - 교차로부근,이륜,남,16세,부상신고,승용,여,41세,경상
2022100400100046,2022년 10월 4일 06시,화요일,충청북도 청주시 흥덕구 복대동,경상사고,0,0,3,0,차대차 - 정면충돌,안전운전불이행,젖음/습기,비,기타 - 기타,화물,남,46세,상해없음,화물,남,50세,경상
2022100400100063,2022년 10월 4일 07시,화요일,충청북도 청주시 청원구 오창읍,중상사고,0,1,2,0,차대차 - 기타,신호위반,건조,맑음,기타 - 기타,승용,남,38세,상해없음,승용,남,48세,중상
2022100400100064,2022년 10월 4일 07시,화요일,충청북도 충주시 소태면,경상사고,0,0,1,0,차량단독 - 공작물충돌,안전운전불이행,젖음/습기,비,단일로 - 기타,승용,남,65세,상해없음,,,,
2022100400100065,2022년 10월 4일 07시,화요일,충청북도 단양군 매포읍,중상사고,0,1,0,0,차대차 - 추돌,안전운전불이행,젖음/습기,비,단일로 - 기타,승용,남,27세,상해없음,승용,남,52세,중상
2022100400100066,2022년 10월 4일 07시,화요일,충청북도 청주시 서원구 미평동,경상사고,0,0,2,0,차대차 - 측면충돌,안전운전불이행,젖음/습기,비,교차로 - 교차로안,승용,여,60세,경상,승용,여,53세,경상
2022100400100087,2022년 10월 4일 08시,화요일,충청북도 청주시 청원구 내덕동,중상사고,0,1,1,0,차대차 - 측면충돌,안전거리미확보,건조,맑음,단일로 - 기타,개인형이동수단(PM),남,58세,중상,승용,남,46세,경상
2022100400100121,2022년 10월 4일 09시,화요일,충청북도 청주시 청원구 율량동,경상사고,0,0,2,0,차대차 - 기타,안전운전불이행,젖음/습기,비,단일로 - 기타,승용,남,51세,상해없음,승용,여,59세,경상
2022100400100122,2022년 10월 4일 09시,화요일,충청북도 청주시 청원구 주중동,경상사고,0,0,1,0,차대차 - 기타,안전운전불이행,젖음/습기,비,단일로 - 기타,승용,남,69세,상해없음,승용,남,42세,경상
2022100400100156,2022년 10월 4일 10시,화요일,충청북도 보은군 보은읍,경상사고,0,0,2,0,차대차 - 정면충돌,교차로운행방법위반,건조,맑음,교차로 - 교차로부근,승용,남,71세,경상,이륜,여,71세,경상