사고번호,사고일시,요일,시군구,사고내용,사망자수,중상자수,경상자수,부상신고자수,사고유형,법규위반,노면상태,기상상태,도로형태,가해운전자 차종,가해운전자 성별,가해운전자 연령,가해운전자 상해정도,피해운전자 차종,피해운전자 성별,피해운전자 연령,피해운전자 상해정도
2022100400100231,2022년 10월 4일 12시,화요일,충청북도 청주시 청원구 우암동,경상사고,0,0,1,0,차대차 - 측면충돌,교차로운행방법위반,건조,맑음,교차로 - 교차로부근,승용,남,73세,상해없음,승용,남,40세,경상
2022100400100232,2022년 10월 4일 12시,화요일,충청북도 제천시 신동,경상사고,0,0,2,0,차대차 - 측면충돌,안전운전불이행,건조,맑음,교차로 - 교차로안,승용,남,30세,경상,승용,여,57세,경상
2022100400100233,2022년 10월 4일 12시,화요일,충청북도 제천시 흑석동,중상사고,0,1,1,0,차량단독 - 공작물충돌,기타,젖음/습기,비,단일로 - 기타,승용,남,73세,상해없음,,,,
2022100400100234,2022년 10월 4일 12시,화요일,충청북도 증평군 증평읍,경상사고,0,0,1,0,차대차 - 측면충돌,안전거리미확보,건조,맑음,단일로 - 기타,승용,남,62세,기타불명,특수,남,44세,경상
2022100400100235,2022년 10월 4일 12시,화요일,충청북도 음성군 대소면,경상사고,0,0,1,0,차대차 - 측면충돌,중앙선침범,건조,맑음,단일로 - 기타,승용,남,75세,상해없음,승용,남,27세,경상
2022100400100236,2022년 10월 4일 12시,화요일,충청북도 청주시 흥덕구 봉명동,경상사고,0,0,1,0,차대차 - 측면충돌,안전운전불이행,건조,맑음,단일로 - 기타,승용,여,43세,상해없음,이륜,남,36세,경상
2022100400100286,2022년 10월 4일 14시,화요일,충청북도 청주시 서원구 분평동,경상사고,0,0,1,0,차대차 - 후진중충돌,안전운전불이행,건조,맑음,단일로 - 기타,승용,남,37세,상해없음,승용,남,25세,경상
2022100400100367,2022년 10월 4일 16시,화요일,충청북도 청주시 흥덕구 비하동,경상사고,0,0,1,0,차대차 - 측면충돌,안전운전불이행,건조,맑음,교차로 - 교차로안,승용,남,65세,상해없음,화물,남,34세,경상
2022100400100396,2022년 10월 4일 17시,화요일,충청북도 청주시 서원구 수곡동,중상사고,0,1,0,0,차대사람 - 보도통행중,신호위반,건조,맑음,교차로 - 교차로횡단보도내,승용,여,50세,상해없음,보행자,여,74세,중상
2022100400100436,2022년 10월 4일 18시,화요일,충청북도 청주시 서원구 사창동,경상사고,0,0,1,0,차대사람 - 횡단중,안전운전불이행,건조,맑음,교차로 - 교차로부근,승용,남,33세,상해없음,보행자,여,22세,경상
2022100400100437,2022년 10월 4일 18시,화요일,충청북도 제천시 장락동,경상사고,0,0,1,0,차대차 - 기타,안전운전불이행,건조,맑음,교차로 - 교차로안,승용,여,51세,상해없음,이륜,남,70세,경상
2022100400100468,2022년 10월 4일 19시,화요일,충청북도 제천시 장락동,경상사고,0,0,2,0,차대차 - 측면충돌,신호위반,건조,맑음,교차로 - 교차로안,승용,남,29세,상해없음,승용,남,56세,경상
2022100400100469,2022년 10월 4일 19시,화요일,충청북도 청주시 흥덕구 비하동,경상사고,0,0,1,0,차대사람 - 기타,안전운전불이행,건조,맑음,단일로 - 기타,승용,남,35세,상해없음,보행자,남,33세,경상
2022100400100497,2022년 10월 4일 20시,화요일,충청북도 음성군 맹동면,경상사고,0,0,2,0,차대차 - 측면충돌,교차로운행방법위반,건조,맑음,교차로 - 교차로안,승용,남,57세,경상,승용,남,30세,경상
2022100400100527,2022년 10월 4일 21시,화요일,충청북도 충주시 성내동,사망사고,1,0,0,0,차대사람 - 횡단중,기타,건조,맑음,단일로 - 기타,이륜,남,19세,상해없음,보행자,남,59세,사망
2022100400100528,2022년 10월 4일 21시,화요일,충청북도 음성군 맹동면,경상사고,0,0,1,0,차대차 - 추돌,안전운전불이행,건조,맑음,교차로 - 교차로부근,승용,남,58세,상해없음,승용,남,64세,경상
2022100400100529,2022년 10월 4일 21시,화요일,충청북도 청주시 서원구 모충동,경상사고,0,0,1,0,차대차 - 측면충돌,기타,건조,맑음,교차로 - 교차로안,이륜,남,33세,경상,승용,여,47세,상해없음
2022100400100548,2022년 10월 4일 22시,화요일,충청북도 제천시 영천동,경상사고,0,0,2,0,차대차 - 추돌,안전운전불이행,건조,맑음,교차로 - 교차로부근,승용,남,27세,상해없음,승용,여,58세,경상
2022100400100549,2022년 10월 4일 22시,화요일,충청북도 청주시 흥덕구 복대동,경상사고,0,0,1,0,차대차 - 후진중충돌,안전운전불이행,건조,맑음,단일로 - 기타,승용,남,60세,상해없음,승용,남,34세,경상
2022100400100563,2022년 10월 4일 23시,화요일,충청북도 진천군 진천읍,경상사고,0,0,1,0,차대차 - 측면충돌,안전운전불이행,건조,맑음,기타 - 기타,승용,남,26세,상해없음,승용,남,31세,경상
2022100400100564,2022년 10월 4일 23시,화요일,충청북도 청주시 서원구 수곡동,경상사고,0,0,1,0,차량단독 - 전도전복 - 전도,안전운전불이행,건조,맑음,단일로 - 지하차도(도로)내,개인형이동수단(PM),남,27세,경상,,,,
2022100500100006,2022년 10월 5일 00시,수요일,충청북도 청주시 흥덕구 복대동,경상사고,0,0,1,0,차대사람 - 기타,안전운전불이행,건조,맑음,교차로 - 교차로부근,승용,남,62세,기타불명,보행자,남,34세,경상
2022100500100015,2022년 10월 5일 01시,수요일,충청북도 제천시 백운면,부상신고사고,0,0,0,1,차량단독 - 공작물충돌,안전운전불이행,젖음/습기,비,단일로 - 기타,승용,여,55세,부상신고,,,,
2022100500100036,2022년 10월 5일 05시,수요일,충청북도 청주시 상당구 문의면,경상사고,0,0,1,0,차량단독 - 기타,안전운전불이행,건조,맑음,단일로 - 기타,이륜,남,71세,경상,,,,
2022100500100072,2022년 10월 5일 07시,수요일,충청북도 음성군 금왕읍,경상사고,0,0,2,0,차대차 - 측면충돌,신호위반,건조,맑음,교차로 - 교차로안,승용,남,70세,경상,승용,남,58세,경상
2022100500100094,2022년 10월 5일 08시,수요일,충청북도 제천시 왕암동,중상사고,0,1,0,0,차량단독 - 공작물충돌,안전운전불이행,건조,맑음,주차장 - 주차장,승용,남,62세,기타불명,,,,
2022100500100095,2022년 10월 5일 08시,수요일,충청북도 제천시 신백동,경상사고,0,0,1,0,차대차 - 측면충돌,안전운전불이행,건조,맑음,단일로 - 지하차도(도로)내,승용,여,33세,상해없음,승용,여,34세,상해없음
2022100500100096,2022년 10월 5일 08시,수요일,충청북도 청주시 흥덕구 가경동,경상사고,0,0,1,0,차대차 - 기타,안전거리미확보,건조,맑음,단일로 - 기타,승용,남,61세,상해없음,승용,여,30세,경상
2022100500100097,2022년 10월 5일 08시,수요일,충청북도 청주시 흥덕구 복대동,경상사고,0,0,1,0,차대차 - 측면충돌,교차로운행방법위반,건조,맑음,교차로 - 교차로안,승용,남,71세,상해없음,승용,여,22세,경상
2022100500100098,2022년 10월 5일 08시,수요일,충청북도 청주시 서원구 장성동,경상사고,0,0,1,0,차대차 - 기타,안전운전불이행,건조,맑음,단일로 - 기타,승용,남,73세,상해없음,승용,여,46세,경상
2022100500100099,2022년 10월 5일 08시,수요일,충청북도 청주시 청원구 오창읍,중상사고,0,1,1,0,차대차 - 추돌,안전운전불이행,건조,맑음,단일로 - 지하차도(도로)내,건설기계,남,52세,경상,화물,남,57세,중상
2022100500100163,2022년 10월 5일 10시,수요일,충청북도 증평군 증평읍,중상사고,0,1,0,0,차대차 - 측면충돌,차로위반,건조,맑음,교차로 - 교차로안,원동기,여,80세,중상,승용,여,50세,상해없음
2022100500100193,2022년 10월 5일 11시,수요일,충청북도 청주시 흥덕구 송정동,경상사고,0,0,1,0,차대차 - 측면충돌,신호위반,건조,맑음,교차로 - 교차로안,승용,여,49세,상해없음,승용,여,43세,경상
2022100500100194,2022년 10월 5일 11시,수요일,충청북도 청주시 흥덕구 오송읍,중상사고,0,1,1,0,차대차 - 측면충돌,신호위반,건조,맑음,교차로 - 교차로안,승용,여,48세,경상,승용,여,52세,중상
2022100500100195,2022년 10월 5일 11시,수요일,충청북도 청주시 흥덕구 오송읍,사망사고,1,0,1,0,차대차 - 추돌,안전운전불이행,건조,맑음,단일로 - 기타,화물,남,59세,상해없음,화물,남,68세,사망
2022100500100284,2022년 10월 5일 14시,수요일,충청북도 청주시 청원구 주성동,경상사고,0,0,2,0,차대차 - 추돌,안전운전불이행,건조,맑음,단일로 - 기타,화물,남,62세,상해없음,승용,여,42세,경상
2022100500100285,2022년 10월 5일 14시,수요일,충청북도 보은군 보은읍,중상사고,0,1,0,0,차대사람 - 기타,안전운전불이행,건조,맑음,단일로 - 기타,화물,남,73세,상해없음,보행자,여,82세,중상
2022100500100286,2022년 10월 5일 14시,수요일,충청북도 단양군 매포읍,중상사고,0,2,1,0,차대차 - 추돌,안전운전불이행,건조,맑음,단일로 - 기타,화물,남,78세,중상,승용,여,47세,중상
2022100500100333,2022년 10월 5일 15시,수요일,충청북도 청주시 청원구 우암동,중상사고,0,1,2,0,차대사람 - 기타,기타,건조,맑음,교차로 - 교차로안,원동기,남,18세,상해없음,보행자,여,10세,중상
2022100500100368,2022년 10월 5일 16시,수요일,충청북도 증평군 증평읍,중상사고,0,1,0,0,차대차 - 측면충돌,직진우회전진행방해,건조,맑음,교차로 - 교차로안,화물,남,62세,상해없음,이륜,남,66세,중상
2022100500100408,2022년 10월 5일 17시,수요일,충청북도 제천시 송학면,경상사고,0,0,1,0,차대차 - 측면충돌,안전거리미확보,건조,맑음,단일로 - 기타,건설기계,남,44세,상해없음,승용,여,50세,경상
2022100500100450,2022년 10월 5일 18시,수요일,충청북도 충주시 연수동,중상사고,0,1,0,0,차대차 - 측면충돌,안전거리미확보,건조,흐림,교차로 - 교차로부근,승용,남,27세,상해없음,이륜,남,44세,중상
2022100500100505,2022년 10월 5일 19시,수요일,충청북도 청주시 청원구 내수읍,중상사고,0,1,0,0,차대차 - 측면충돌,기타,건조,맑음,단일로 - 기타,화물,남,42세,상해없음,승용,여,54세,중상
2022100500100506,2022년 10월 5일 19시,수요일,충청북도 충주시 중앙탑면,중상사고,0,2,2,0,차대차 - 기타,안전거리미확보,건조,맑음,단일로 - 기타,건설기계,남,45세,상해없음,승합,남,64세,중상
2022100500100542,2022년 10월 5일 20시,수요일,충청북도 충주시 칠금동,중상사고,0,1,0,0,차대차 - 후진중충돌,불법유턴,건조,맑음,교차로 - 교차로부근,승용,남,50세,상해없음,승용,남,43세,중상
2022100500100566,2022년 10월 5일 21시,수요일,충청북도 청주시 청원구 오창읍,경상사고,0,0,1,0,차대차 - 추돌,안전운전불이행,건조,맑음,단일로 - 기타,화물,남,40세,상해없음,승용,남,26세,경상
2022100600100040,2022년 10월 6일 06시,목요일,충청북도 진천군 진천읍,중상사고,0,1,0,0,차대차 - 측면충돌,신호위반,건조,맑음,교차로 - 교차로안,승용,남,55세,상해없음,승용,남,23세,중상
2022100600100094,2022년 10월 6일 08시,목요일,충청북도 충주시 대소원면,경상사고,0,0,1,0,차대차 - 추돌,안전거리미확보,건조,맑음,단일로 - 기타,승용,남,35세,상해없음,승용,여,41세,경상
2022100600100095,2022년 10월 6일 08시,목요일,충청북도 청주시 상당구 월오동,중상사고,0,1,0,0,차대차 - 기타,교차로운행방법위반,건조,맑음,교차로 - 교차로부근,승용,남,53세,상해없음,승용,여,59세,중상
2022100600100096,2022년 10월 6일 08시,목요일,충청북도 청주시 서원구 장암동,경상사고,0,0,1,0,차대차 - 추돌,안전운전불이행,건조,맑음,단일로 - 기타,화물,남,70세,상해없음,승용,여,52세,경상
2022100600100097,2022년 10월 6일 08시,목요일,충청북도 청주시 서원구 분평동,중상사고,0,1,0,0,차대차 - 기타,안전거리미확보,건조,맑음,단일로 - 기타,승용,남,78세,상해없음,화물,남,49세,중상
2022100600100137,2022년 10월 6일 09시,목요일,충청북도 보은군 보은읍,경상사고,0,0,2,0,차대차 - 측면충돌,신호위반,건조,맑음,교차로 - 교차로안,이륜,남,83세,경상,승용,여,61세,경상
2022100600100169,2022년 10월 6일 10시,목요일,충청북도 제천시 청전동,경상사고,0,0,1,0,차대차 - 기타,안전운전불이행,건조,맑음,단일로 - 기타,승용,여,41세,기타불명,개인형이동수단(PM),남,22세,경상
2022100600100201,2022년 10월 6일 11시,목요일,충청북도 청주시 서원구 사직동,경상사고,0,0,1,0,차대차 - 측면충돌,안전운전불이행,건조,맑음,단일로 - 기타,승용,남,71세,상해없음,자전거,남,79세,경상
2022100600100202,2022년 10월 6일 11시,목요일,충청북도 음성군 대소면,경상사고,0,0,1,0,차대차 - 측면충돌,안전운전불이행,건조,맑음,기타 - 기타,특수,남,56세,상해없음,승용,남,23세,경상
2022100600100203,2022년 10월 6일 11시,목요일,충청북도 청주시 흥덕구 복대동,경상사고,0,0,2,0,차대차 - 기타,교차로운행방법위반,건조,맑음,교차로 - 교차로안,승용,여,40세,상해없음,승용,남,31세,경상
2022100600100236,2022년 10월 6일 12시,목요일,충청북도 청주시 서원구 성화동,경상사고,0,0,1,0,차대차 - 기타,안전운전불이행,건조,맑음,단일로 - 기타,승용,여,36세,상해없음,승용,남,43세,경상
2022100600100237,2022년 10월 6일 12시,목요일,충청북도 청주시 상당구 석교동,경상사고,0,0,1,0,차대차 - 기타,안전운전불이행,건조,맑음,단일로 - 기타,승용,여,51세,상해없음,승용,남,45세,경상
2022100600100259,2022년 10월 6일 13시,목요일,충청북도 청주시 흥덕구 옥산면,경상사고,0,0,1,0,차대차 - 추돌,안전운전불이행,건조,맑음,단일로 - 기타,기타불명,기타불명,미분류,기타불명,승용,남,54세,경상
2022100600100285,2022년 10월 6일 14시,목요일,충청북도 충주시 연수동,경상사고,0,0,1,0,차대차 - 측면충돌,신호위반,건조,맑음,교차로 - 교차로안,승용,남,67세,상해없음,승용,남,49세,경상
2022100600100359,2022년 10월 6일 16시,목요일,충청북도 청주시 서원구 개신동,중상사고,0,1,0,0,차대사람 - 보도통행중,보행자보호의무위반,건조,맑음,교차로 - 교차로부근,승용,남,33세,상해없음,보행자,여,19세,중상
2022100600100360,2022년 10월 6일 16시,목요일,충청북도 청주시 상당구 명암동,경상사고,0,0,1,0,차대차 - 추돌,안전운전불이행,건조,맑음,단일로 - 기타,승용,남,53세,상해없음,승용,남,38세,경상
2022100600100439,2022년 10월 6일 18시,목요일,충청북도 충주시 호암동,부상신고사고,0,0,0,1,차량단독 - 전도전복 - 전도,안전운전불이행,젖음/습기,맑음,교차로 - 교차로부근,자전거,남,13세,부상신고,,,,
2022100600100440,2022년 10월 6일 18시,목요일,충청북도 증평군 증평읍,부상신고사고,0,0,0,1,차대사람 - 길가장자리구역통행중,안전운전불이행,건조,맑음,교차로 - 교차로부근,기타불명,기타불명,미분류,기타불명,보행자,여,40세,부상신고
2022100600100441,2022년 10월 6일 18시,목요일,충청북도 진천군 진천읍,경상사고,0,0,1,0,차대차 - 추돌,안전운전불이행,건조,맑음,단일로 - 지하차도(도로)내,기타불명,기타불명,미분류,기타불명,승용,남,22세,상해없음
2022100600100502,2022년 10월 6일 19시,목요일,충청북도 충주시 봉방동,경상사고,0,0,3,0,차대차 - 측면충돌,안전거리미확보,건조,흐림,교차로 - 교차로부근,승용,여,53세,상해없음,승용,남,33세,경상
2022100600100555,2022년 10월 6일 21시,목요일,충청북도 음성군 금왕읍,경상사고,0,0,1,0,차대차 - 추돌,안전거리미확보,건조,맑음,단일로 - 기타,승용,남,21세,상해없음,화물,남,26세,경상
2022100600100582,2022년 10월 6일 22시,목요일,충청북도 청주시 흥덕구 봉명동,중상사고,0,1,0,0,차대차 - 측면충돌,안전운전불이행,건조,맑음,단일로 - 기타,화물,남,45세,상해없음,승용,여,39세,중상
2022100700100043,2022년 10월 7일 05시,금요일,충청북도 옥천군 옥천읍,중상사고,0,1,0,0,차대사람 - 횡단중,안전운전불이행,건조,맑음,교차로 - 교차로부근,화물,남,64세,상해없음,보행자,남,65세,중상
2022100700100126,2022년 10월 7일 08시,금요일,충청북도 진천군 이월면,경상사고,0,0,1,0,차대차 - 측면충돌,안전운전불이행,건조,맑음,교차로 - 교차로안,화물,남,48세,상해없음,승용,남,22세,경상
2022100700100173,2022년 10월 7일 09시,금요일,충청북도 충주시 산척면,경상사고,0,0,1,0,차대차 - 추돌,안전거리미확보,건조,흐림,교차로 - 교차로부근,화물,남,48세,상해없음,승용,여,57세,경상
2022100700100174,2022년 10월 7일 09시,금요일,충청북도 청주시 흥덕구 화계동,경상사고,0,0,1,0,차대차 - 측면충돌,차로위반,건조,맑음,단일로 - 기타,승용,남,76세,상해없음,승용,남,23세,경상
2022100700100234,2022년 10월 7일 11시,금요일,충청북도 청주시 흥덕구 외북동,경상사고,0,0,3,0,차대차 - 측면충돌,중앙선침범,건조,맑음,교차로 - 교차로부근,화물,남,48세,상해없음,승용,남,41세,경상
2022100700100235,2022년 10월 7일 11시,금요일,충청북도 청주시 흥덕구 강서동,경상사고,0,0,1,0,차대차 - 후진중충돌,안전운전불이행,건조,맑음,단일로 - 기타,승용,여,42세,상해없음,승용,남,29세,경상
2022100700100270,2022년 10월 7일 12시,금요일,충청북도 음성군 맹동면,경상사고,0,0,1,0,차대차 - 기타,신호위반,건조,맑음,교차로 - 교차로부근,이륜,남,18세,상해없음,승용,남,36세,경상
2022100700100314,2022년 10월 7일 13시,금요일,충청북도 음성군 음성읍,경상사고,0,0,1,0,차대차 - 측면충돌,신호위반,건조,맑음,교차로 - 교차로안,승용,여,55세,상해없음,승용,남,90세,경상
2022100700100315,2022년 10월 7일 13시,금요일,충청북도 청주시 흥덕구 봉명동,경상사고,0,0,1,0,차대차 - 측면충돌,교차로운행방법위반,건조,맑음,교차로 - 교차로안,승용,남,84세,상해없음,이륜,남,40세,경상
2022100700100357,2022년 10월 7일 14시,금요일,충청북도 충주시 중앙탑면,경상사고,0,0,2,0,차대차 - 측면충돌,신호위반,건조,맑음,교차로 - 교차로안,승용,남,64세,상해없음,승용,여,31세,경상
2022100700100358,2022년 10월 7일 14시,금요일,충청북도 진천군 이월면,경상사고,0,0,1,0,차대차 - 측면충돌,교차로운행방법위반,건조,맑음,교차로 - 교차로안,화물,남,64세,상해없음,승용,남,40세,경상
2022100700100482,2022년 10월 7일 17시,금요일,충청북도 청주시 흥덕구 오송읍,경상사고,0,0,1,0,차대차 - 측면충돌,안전운전불이행,건조,맑음,단일로 - 기타,승용,남,21세,상해없음,승용,여,49세,경상
2022100700100520,2022년 10월 7일 18시,금요일,충청북도 청주시 상당구 석교동,경상사고,0,0,1,0,차대차 - 기타,안전운전불이행,건조,맑음,단일로 - 기타,승용,여,57세,상해없음,승합,남,51세,경상
2022100700100578,2022년 10월 7일 19시,금요일,충청북도 제천시 명동,경상사고,0,0,1,0,차대차 - 추돌,안전운전불이행,건조,흐림,교차로 - 교차로부근,화물,남,34세,상해없음,승용,남,22세,경상
2022100700100579,2022년 10월 7일 19시,금요일,충청북도 청주시 흥덕구 강서동,경상사고,0,0,1,0,차대차 - 측면충돌,안전운전불이행,건조,맑음,단일로 - 기타,승용,여,43세,상해없음,승용,남,28세,경상
2022100700100611,2022년 10월 7일 20시,금요일,충청북도 청주시 서원구 분평동,경상사고,0,0,1,0,차대차 - 측면충돌,차로위반,건조,맑음,단일로 - 기타,승용,남,64세,상해없음,승용,남,27세,경상
2022100700100647,2022년 10월 7일 21시,금요일,충청북도 충주시 호암동,경상사고,0,0,1,0,차대사람 - 횡단중,중앙선침범,건조,맑음,단일로 - 기타,승합,남,64세,상해없음,보행자,여,29세,경상
2022100700100648,2022년 10월 7일 21시,금요일,충청북도 제천시 모산동,경상사고,0,0,2,0,차대사람 - 횡단중,안전운전불이행,건조,맑음,교차로 - 교차로안,승용,여,20세,상해없음,보행자,남,56세,경상
2022100700100649,2022년 10월 7일 21시,금요일,충청북도 청주시 흥덕구 복대동,중상사고,0,1,0,0,차대차 - 측면충돌,안전운전불이행,기타,기타,기타 - 기타,승용,남,59세,상해없음,이륜,남,24세,상해없음
2022100700100650,2022년 10월 7일 21시,금요일,충청북도 청주시 상당구 용정동,경상사고,0,0,1,0,차대차 - 기타,안전운전불이행,건조,맑음,단일로 - 기타,승용,남,50세,상해없음,이륜,남,37세,경상
2022100800100024,2022년 10월 8일 01시,토요일,충청북도 청주시 청원구 우암동,경상사고,0,0,1,0,차량단독 - 전도전복 - 전도,안전운전불이행,건조,맑음,교차로 - 교차로부근,이륜,남,26세,경상,,,,
2022100800100039,2022년 10월 8일 02시,토요일,충청북도 청주시 서원구 남이면,경상사고,0,0,1,0,차대차 - 추돌,안전운전불이행,건조,맑음,단일로 - 기타,승용,남,33세,상해없음,화물,남,46세,경상
2022100800100048,2022년 10월 8일 03시,토요일,충청북도 청주시 서원구 남이면,경상사고,0,0,1,0,차대차 - 후진중충돌,안전운전불이행,건조,맑음,단일로 - 기타,승용,여,62세,상해없음,승용,남,38세,경상
2022100800100081,2022년 10월 8일 06시,토요일,충청북도 청주시 흥덕구 송정동,경상사고,0,0,1,0,차대차 - 측면충돌,중앙선침범,건조,맑음,교차로 - 교차로부근,승용,여,42세,상해없음,화물,남,41세,경상
2022100800100097,2022년 10월 8일 07시,토요일,충청북도 청주시 흥덕구 봉명동,경상사고,0,0,1,0,차대차 - 측면충돌,안전운전불이행,건조,맑음,단일로 - 기타,승용,남,59세,상해없음,화물,남,44세,경상
2022100800100209,2022년 10월 8일 11시,토요일,충청북도 청주시 청원구 오창읍,중상사고,0,1,0,0,차대차 - 기타,안전운전불이행,건조,맑음,단일로 - 기타,승용,남,40세,상해없음,개인형이동수단(PM),여,14세,중상
2022100800100211,2022년 10월 8일 11시,토요일,충청북도 청주시 서원구 개신동,경상사고,0,0,1,0,차대차 - 기타,안전거리미확보,건조,맑음,단일로 - 기타,승합,남,52세,상해없음,승용,남,45세,경상
2022100800100306,2022년 10월 8일 13시,토요일,충청북도 충주시 성내동,중상사고,0,1,1,0,차대차 - 측면충돌,직진우회전진행방해,건조,맑음,교차로 - 교차로안,승용,여,55세,경상,승용,남,36세,중상
2022100800100307,2022년 10월 8일 13시,토요일,충청북도 제천시 왕암동,경상사고,0,0,1,0,차대차 - 측면충돌,불법유턴,건조,맑음,교차로 - 교차로안,승용,남,72세,상해없음,승용,여,34세,상해없음
2022100800100308,2022년 10월 8일 13시,토요일,충청북도 괴산군 괴산읍,부상신고사고,0,0,0,1,차대차 - 기타,안전거리미확보,건조,맑음,단일로 - 기타,승용,여,53세,상해없음,화물,남,41세,부상신고
2022100800100343,2022년 10월 8일 14시,토요일,충청북도 청주시 청원구 내덕동,경상사고,0,0,2,0,차대차 - 기타,중앙선침범,건조,맑음,기타 - 기타,이륜,남,17세,상해없음,승용,남,36세,경상
2022100800100344,2022년 10월 8일 14시,토요일,충청북도 단양군 단양읍,중상사고,0,2,4,0,차대차 - 추돌,신호위반,건조,맑음,단일로 - 교량,승합,남,64세,상해없음,이륜,남,43세,중상
2022100800100456,2022년 10월 8일 17시,토요일,충청북도 청주시 청원구 내수읍,경상사고,0,0,1,0,차대차 - 기타,신호위반,건조,맑음,교차로 - 교차로안,승합,남,60세,상해없음,승용,남,48세,경상
2022100800100502,2022년 10월 8일 18시,토요일,충청북도 청주시 상당구 금천동,경상사고,0,0,1,0,차대차 - 추돌,안전거리미확보,건조,맑음,교차로 - 교차로부근,특수,남,24세,상해없음,승용,남,65세,경상
2022100800100549,2022년 10월 8일 19시,토요일,충청북도 청주시 청원구 사천동,경상사고,0,0,1,0,차대차 - 기타,교차로운행방법위반,건조,맑음,교차로 - 교차로안,개인형이동수단(PM),남,20세,기타불명,승합,남,43세,상해없음
2022100800100550,2022년 10월 8일 19시,토요일,충청북도 제천시 왕암동,중상사고,0,1,0,0,차대사람 - 기타,안전운전불이행,건조,맑음,단일로 - 기타,승합,남,51세,상해없음,보행자,여,12세,중상
2022100800100588,2022년 10월 8일 20시,토요일,충청북도 제천시 봉양읍,경상사고,0,0,2,0,차량단독 - 공작물충돌,안전운전불이행,기타,맑음,단일로 - 기타,승용,남,27세,기타불명,,,,
2022100800100651,2022년 10월 8일 23시,토요일,충청북도 보은군 보은읍,경상사고,0,0,1,0,차량단독 - 공작물충돌,안전운전불이행,건조,맑음,단일로 - 기타,승용,남,50세,경상,,,,
2022100900100056,2022년 10월 9일 05시,일요일,충청북도 제천시 청전동,경상사고,0,0,2,0,차대차 - 측면충돌,직진우회전진행방해,건조,맑음,교차로 - 교차로안,승용,여,65세,경상,승용,남,62세,경상
2022100900100079,2022년 10월 9일 08시,일요일,충청북도 청주시 상당구 용암동,경상사고,0,0,2,0,차대차 - 측면충돌,신호위반,건조,맑음,교차로 - 교차로안,승용,남,28세,경상,승용,남,39세,경상
2022100900100090,2022년 10월 9일 09시,일요일,충청북도 단양군 가곡면,경상사고,0,0,1,0,차대차 - 측면충돌,안전운전불이행,건조,맑음,단일로 - 기타,승용,남,48세,상해없음,승용,남,33세,경상
2022100900100113,2022년 10월 9일 10시,일요일,충청북도 제천시 남천동,경상사고,0,0,2,0,차대차 - 정면충돌,직진우회전진행방해,건조,맑음,교차로 - 교차로안,화물,남,59세,상해없음,승용,여,22세,경상
2022100900100163,2022년 10월 9일 12시,일요일,충청북도 충주시 호암동,경상사고,0,0,1,0,차대차 - 추돌,안전운전불이행,건조,맑음,단일로 - 기타,승용,남,52세,상해없음,이륜,남,33세,경상
2022100900100164,2022년 10월 9일 12시,일요일,충청북도 진천군 초평면,경상사고,0,0,1,0,차대차 - 측면충돌,안전운전불이행,건조,맑음,단일로 - 지하차도(도로)내,화물,남,57세,상해없음,승용,남,56세,경상
2022100900100165,2022년 10월 9일 12시,일요일,충청북도 음성군 대소면,경상사고,0,0,2,0,차대차 - 기타,기타,젖음/습기,비,단일로 - 기타,승용,남,31세,상해없음,승용,남,36세,경상
2022100900100194,2022년 10월 9일 13시,일요일,충청북도 청주시 서원구 사창동,중상사고,0,2,0,0,차대차 - 추돌,안전운전불이행,젖음/습기,비,단일로 - 기타,승용,남,20세,상해없음,승용,남,56세,중상
2022100900100195,2022년 10월 9일 13시,일요일,충청북도 영동군 용산면,경상사고,0,0,2,0,차대차 - 정면충돌,중앙선침범,젖음/습기,비,단일로 - 기타,승용,남,55세,상해없음,승용,남,55세,경상
2022100900100196,2022년 10월 9일 13시,일요일,충청북도 청주시 흥덕구 운천동,경상사고,0,0,1,0,차대차 - 기타,신호위반,젖음/습기,비,교차로 - 교차로안,이륜,남,36세,상해없음,승용,남,27세,경상
2022100900100222,2022년 10월 9일 14시,일요일,충청북도 충주시 중앙탑면,경상사고,0,0,2,0,차대차 - 기타,안전운전불이행,건조,맑음,교차로 - 교차로부근,화물,남,66세,상해없음,승용,여,28세,상해없음
2022100900100223,2022년 10월 9일 14시,일요일,충청북도 충주시 봉방동,중상사고,0,1,1,0,차대차 - 추돌,안전운전불이행,건조,맑음,교차로 - 교차로부근,화물,남,50세,상해없음,승용,남,53세,중상
2022100900100224,2022년 10월 9일 14시,일요일,충청북도 증평군 도안면,경상사고,0,0,2,0,차대차 - 정면충돌,중앙선침범,젖음/습기,비,단일로 - 기타,승용,여,57세,상해없음,승용,남,60세,경상
2022100900100225,2022년 10월 9일 14시,일요일,충청북도 옥천군 옥천읍,중상사고,0,1,0,0,차대차 - 측면충돌,안전운전불이행,젖음/습기,비,교차로 - 교차로안,승용,남,57세,상해없음,이륜,남,43세,중상