사고번호,사고일시,요일,시군구,사고내용,사망자수,중상자수,경상자수,부상신고자수,사고유형,법규위반,노면상태,기상상태,도로형태,가해운전자 차종,가해운전자 성별,가해운전자 연령,가해운전자 상해정도,피해운전자 차종,피해운전자 성별,피해운전자 연령,피해운전자 상해정도
2022101400100070,2022년 10월 14일 07시,금요일,충청북도 충주시 칠금동,경상사고,0,0,1,0,차대차 - 측면충돌,안전운전불이행,건조,맑음,기타 - 기타,승용,남,62세,상해없음,승용,여,68세,경상
2022101400100071,2022년 10월 14일 07시,금요일,충청북도 충주시 소태면,중상사고,0,1,0,0,차대차 - 정면충돌,교차로운행방법위반,건조,맑음,교차로 - 교차로안,승용,남,67세,상해없음,승용,여,71세,중상
2022101400100147,2022년 10월 14일 09시,금요일,충청북도 영동군 양강면,경상사고,0,0,1,0,차대차 - 기타,안전거리미확보,건조,맑음,단일로 - 기타,승용,여,71세,상해없음,승용,남,63세,경상
2022101400100167,2022년 10월 14일 10시,금요일,충청북도 청주시 상당구 미원면,경상사고,0,0,2,0,차대차 - 정면충돌,안전운전불이행,건조,맑음,교차로 - 교차로안,승용,남,53세,상해없음,승용,남,51세,경상
2022101400100224,2022년 10월 14일 12시,금요일,충청북도 제천시 영천동,경상사고,0,0,2,0,차대차 - 측면충돌,교차로운행방법위반,건조,맑음,교차로 - 교차로부근,승용,남,39세,경상,화물,남,76세,상해없음
2022101400100273,2022년 10월 14일 13시,금요일,충청북도 청주시 청원구 내수읍,경상사고,0,0,1,0,차대차 - 측면충돌,직진우회전진행방해,건조,맑음,교차로 - 교차로안,승용,남,66세,상해없음,승용,남,41세,경상
2022101400100274,2022년 10월 14일 13시,금요일,충청북도 충주시 문화동,중상사고,0,1,0,0,차대차 - 기타,불법유턴,건조,맑음,교차로 - 교차로부근,자전거,남,69세,중상,승용,남,66세,상해없음
2022101400100354,2022년 10월 14일 15시,금요일,충청북도 청주시 상당구 수동,경상사고,0,0,1,0,차대차 - 정면충돌,안전운전불이행,건조,맑음,교차로 - 교차로안,이륜,남,17세,상해없음,승용,여,53세,경상
2022101400100355,2022년 10월 14일 15시,금요일,충청북도 청주시 청원구 오창읍,경상사고,0,0,1,0,차대차 - 추돌,안전운전불이행,건조,맑음,교차로 - 교차로부근,승용,여,45세,기타불명,화물,남,26세,경상
2022101400100356,2022년 10월 14일 15시,금요일,충청북도 제천시 왕암동,중상사고,0,1,1,0,차대차 - 정면충돌,안전운전불이행,건조,맑음,교차로 - 교차로안,화물,남,53세,기타불명,승용,남,63세,중상
2022101400100357,2022년 10월 14일 15시,금요일,충청북도 영동군 영동읍,경상사고,0,0,2,0,차대차 - 측면충돌,안전운전불이행,건조,맑음,교차로 - 교차로안,화물,남,58세,경상,승용,남,67세,경상
2022101400100400,2022년 10월 14일 16시,금요일,충청북도 충주시 엄정면,경상사고,0,0,1,0,차대차 - 정면충돌,교차로운행방법위반,건조,맑음,교차로 - 교차로안,승용,남,62세,상해없음,사륜오토바이(ATV),남,80세,경상
2022101400100453,2022년 10월 14일 17시,금요일,충청북도 청주시 서원구 성화동,경상사고,0,0,2,0,차대차 - 측면충돌,안전운전불이행,건조,맑음,교차로 - 교차로안,승용,여,55세,경상,승용,여,44세,경상
2022101400100522,2022년 10월 14일 18시,금요일,충청북도 음성군 대소면,경상사고,0,0,2,0,차대차 - 측면충돌,교차로운행방법위반,건조,맑음,교차로 - 교차로부근,승용,여,47세,경상,승용,여,55세,경상
2022101400100523,2022년 10월 14일 18시,금요일,충청북도 청주시 서원구 모충동,중상사고,0,1,0,0,차대사람 - 횡단중,보행자보호의무위반,건조,맑음,교차로 - 교차로횡단보도내,승용,여,61세,상해없음,보행자,여,63세,중상
2022101400100524,2022년 10월 14일 18시,금요일,충청북도 청주시 상당구 북문로1가,경상사고,0,0,1,0,차대차 - 기타,안전운전불이행,건조,맑음,교차로 - 교차로안,승용,남,55세,상해없음,승용,여,31세,경상
2022101400100525,2022년 10월 14일 18시,금요일,충청북도 청주시 상당구 남일면,경상사고,0,0,2,0,차대차 - 측면충돌,안전운전불이행,건조,맑음,단일로 - 지하차도(도로)내,승용,남,49세,경상,승용,여,31세,경상
2022101400100526,2022년 10월 14일 18시,금요일,충청북도 청주시 서원구 수곡동,경상사고,0,0,2,0,차대차 - 기타,안전운전불이행,건조,맑음,교차로 - 교차로부근,승용,남,80세,상해없음,승합,남,53세,경상
2022101400100527,2022년 10월 14일 18시,금요일,충청북도 청주시 상당구 미원면,경상사고,0,0,1,0,차대차 - 측면충돌,직진우회전진행방해,건조,맑음,교차로 - 교차로안,승용,남,58세,상해없음,승용,여,19세,경상
2022101400100620,2022년 10월 14일 20시,금요일,충청북도 제천시 청전동,경상사고,0,0,1,0,차대사람 - 길가장자리구역통행중,안전운전불이행,건조,맑음,단일로 - 기타,승용,남,22세,상해없음,보행자,여,21세,경상
2022101500100006,2022년 10월 15일 00시,토요일,충청북도 청주시 청원구 율량동,경상사고,0,0,1,0,차대차 - 기타,중앙선침범,건조,맑음,기타 - 기타,승용,남,20세,상해없음,승용,남,28세,경상
2022101500100007,2022년 10월 15일 00시,토요일,충청북도 충주시 연수동,경상사고,0,0,1,0,차대차 - 정면충돌,불법유턴,건조,맑음,교차로 - 교차로안,승용,여,51세,상해없음,승합,여,44세,경상
2022101500100023,2022년 10월 15일 01시,토요일,충청북도 청주시 서원구 사창동,경상사고,0,0,2,0,차대차 - 추돌,안전운전불이행,건조,맑음,교차로 - 교차로부근,승용,여,29세,상해없음,승용,남,49세,경상
2022101500100024,2022년 10월 15일 01시,토요일,충청북도 충주시 대소원면,중상사고,0,1,0,0,차량단독 - 공작물충돌,기타,건조,맑음,단일로 - 기타,승용,남,45세,중상,,,,
2022101500100054,2022년 10월 15일 06시,토요일,충청북도 제천시 장락동,중상사고,0,1,0,0,차대사람 - 기타,안전운전불이행,건조,흐림,기타 - 기타,승용,남,44세,상해없음,보행자,남,81세,중상
2022101500100129,2022년 10월 15일 10시,토요일,충청북도 청주시 흥덕구 복대동,중상사고,0,1,0,0,차대사람 - 기타,기타,건조,맑음,단일로 - 기타,승용,여,39세,상해없음,보행자,여,69세,중상
2022101500100162,2022년 10월 15일 11시,토요일,충청북도 청주시 서원구 남이면,경상사고,0,0,1,0,차량단독 - 전도전복 - 전도,안전운전불이행,건조,맑음,기타 - 기타,건설기계,남,59세,경상,,,,
2022101500100212,2022년 10월 15일 12시,토요일,충청북도 옥천군 옥천읍,경상사고,0,0,1,0,차대차 - 측면충돌,안전운전불이행,건조,맑음,기타 - 기타,승용,남,65세,상해없음,승용,여,50세,경상
2022101500100247,2022년 10월 15일 13시,토요일,충청북도 음성군 원남면,경상사고,0,0,4,0,차대차 - 측면충돌,차로위반,건조,맑음,단일로 - 기타,승용,남,68세,상해없음,승용,여,31세,경상
2022101500100248,2022년 10월 15일 13시,토요일,충청북도 진천군 진천읍,경상사고,0,0,1,0,차대차 - 측면충돌,교차로운행방법위반,건조,맑음,교차로 - 교차로안,화물,남,63세,상해없음,승용,남,22세,경상
2022101500100293,2022년 10월 15일 14시,토요일,충청북도 청주시 상당구 석교동,경상사고,0,0,1,0,차대차 - 측면충돌,안전운전불이행,건조,맑음,단일로 - 기타,승용,여,65세,상해없음,승용,남,80세,경상
2022101500100294,2022년 10월 15일 14시,토요일,충청북도 청주시 상당구 수동,경상사고,0,0,2,0,차대차 - 측면충돌,안전운전불이행,건조,맑음,교차로 - 교차로부근,승용,남,50세,상해없음,승용,남,60세,경상
2022101500100379,2022년 10월 15일 16시,토요일,충청북도 청주시 상당구 탑동,중상사고,0,1,1,0,차대차 - 측면충돌,직진우회전진행방해,건조,맑음,교차로 - 교차로안,승용,남,53세,경상,승용,남,30세,중상
2022101500100423,2022년 10월 15일 17시,토요일,충청북도 옥천군 동이면,사망사고,1,0,0,0,차량단독 - 공작물충돌,안전운전불이행,건조,맑음,단일로 - 교량,농기계,남,68세,사망,,,,
2022101500100424,2022년 10월 15일 17시,토요일,충청북도 청주시 흥덕구 복대동,중상사고,0,1,0,0,차대차 - 측면충돌,안전운전불이행,기타,기타,교차로 - 교차로안,승용,남,39세,상해없음,자전거,여,66세,중상
2022101500100425,2022년 10월 15일 17시,토요일,충청북도 청주시 상당구 금천동,경상사고,0,0,2,0,차대차 - 측면충돌,안전운전불이행,건조,맑음,교차로 - 교차로부근,승용,여,55세,상해없음,승용,남,23세,경상
2022101500100464,2022년 10월 15일 18시,토요일,충청북도 청주시 서원구 사직동,경상사고,0,0,1,0,차대차 - 추돌,안전거리미확보,건조,맑음,단일로 - 기타,승용,여,29세,상해없음,승용,여,27세,경상
2022101500100465,2022년 10월 15일 18시,토요일,충청북도 제천시 봉양읍,경상사고,0,0,4,0,차대차 - 추돌,안전거리미확보,건조,맑음,단일로 - 기타,승용,남,43세,경상,승용,남,32세,경상
2022101500100466,2022년 10월 15일 18시,토요일,충청북도 청주시 상당구 북문로1가,중상사고,0,1,0,0,차대차 - 기타,교차로운행방법위반,건조,맑음,교차로 - 교차로안,승용,여,22세,상해없음,자전거,남,78세,중상
2022101500100512,2022년 10월 15일 19시,토요일,충청북도 괴산군 청안면,중상사고,0,1,0,0,차대사람 - 길가장자리구역통행중,기타,건조,맑음,단일로 - 기타,화물,남,59세,기타불명,보행자,남,54세,중상
2022101500100513,2022년 10월 15일 19시,토요일,충청북도 청주시 흥덕구 지동동,경상사고,0,0,1,0,차대차 - 측면충돌,신호위반,건조,맑음,교차로 - 교차로부근,승용,남,31세,상해없음,이륜,여,61세,경상
2022101500100536,2022년 10월 15일 20시,토요일,충청북도 청주시 서원구 모충동,경상사고,0,0,2,0,차대차 - 추돌,안전운전불이행,건조,맑음,단일로 - 기타,원동기,남,16세,경상,승용,여,61세,경상
2022101500100565,2022년 10월 15일 21시,토요일,충청북도 청주시 서원구 모충동,경상사고,0,0,2,0,차대차 - 측면충돌,신호위반,건조,맑음,교차로 - 교차로안,이륜,남,35세,경상,승용,남,30세,경상
2022101500100592,2022년 10월 15일 22시,토요일,충청북도 청주시 청원구 율량동,중상사고,0,1,1,0,차대차 - 추돌,안전운전불이행,건조,맑음,교차로 - 교차로부근,승용,남,41세,상해없음,승용,남,22세,경상
2022101500100614,2022년 10월 15일 23시,토요일,충청북도 청주시 흥덕구 오송읍,사망사고,1,0,0,0,차대차 - 추돌,기타,건조,맑음,단일로 - 기타,승용,남,25세,기타불명,개인형이동수단(PM),남,40세,사망
2022101600100010,2022년 10월 16일 00시,일요일,충청북도 충주시 지현동,경상사고,0,0,2,0,차대차 - 기타,안전운전불이행,건조,맑음,단일로 - 기타,이륜,남,55세,상해없음,승용,여,42세,경상
2022101600100011,2022년 10월 16일 00시,일요일,충청북도 청주시 흥덕구 비하동,부상신고사고,0,0,0,1,차대차 - 측면충돌,안전운전불이행,건조,맑음,교차로 - 교차로부근,승용,남,53세,상해없음,승용,남,23세,부상신고
2022101600100074,2022년 10월 16일 06시,일요일,충청북도 청주시 서원구 사직동,경상사고,0,0,1,0,차대차 - 정면충돌,신호위반,건조,맑음,교차로 - 교차로안,승용,남,26세,상해없음,승용,여,50세,경상
2022101600100105,2022년 10월 16일 09시,일요일,충청북도 청주시 상당구 영운동,경상사고,0,0,1,0,차대차 - 후진중충돌,불법유턴,건조,맑음,기타 - 기타,승용,남,63세,상해없음,승용,남,50세,경상
2022101600100125,2022년 10월 16일 10시,일요일,충청북도 충주시 대소원면,경상사고,0,0,2,0,차대차 - 측면충돌,안전운전불이행,건조,맑음,교차로 - 교차로부근,승용,남,68세,상해없음,승용,여,43세,경상
2022101600100126,2022년 10월 16일 10시,일요일,충청북도 청주시 흥덕구 비하동,경상사고,0,0,1,0,차대차 - 기타,안전거리미확보,건조,맑음,교차로 - 교차로부근,승용,남,47세,상해없음,승용,여,34세,경상
2022101600100142,2022년 10월 16일 11시,일요일,충청북도 청주시 흥덕구 오송읍,경상사고,0,0,3,0,차대차 - 기타,신호위반,건조,맑음,교차로 - 교차로안,승용,남,80세,상해없음,승용,남,48세,경상
2022101600100143,2022년 10월 16일 11시,일요일,충청북도 청주시 서원구 분평동,경상사고,0,0,1,0,차대차 - 측면충돌,안전거리미확보,건조,맑음,단일로 - 기타,승용,남,36세,상해없음,승용,여,37세,경상
2022101600100174,2022년 10월 16일 12시,일요일,충청북도 충주시 호암동,경상사고,0,0,1,0,차대차 - 추돌,안전운전불이행,건조,맑음,단일로 - 기타,승용,남,38세,상해없음,승용,남,21세,경상
2022101600100175,2022년 10월 16일 12시,일요일,충청북도 제천시 중앙로2가,경상사고,0,0,1,0,차대차 - 측면충돌,안전운전불이행,건조,맑음,단일로 - 기타,승용,남,57세,상해없음,승용,남,26세,경상
2022101600100232,2022년 10월 16일 14시,일요일,충청북도 청주시 흥덕구 복대동,경상사고,0,0,1,0,차대차 - 측면충돌,안전거리미확보,건조,맑음,단일로 - 기타,승용,여,67세,상해없음,승용,남,67세,경상
2022101600100233,2022년 10월 16일 14시,일요일,충청북도 청주시 흥덕구 강내면,경상사고,0,0,2,0,차대차 - 기타,안전운전불이행,건조,맑음,단일로 - 기타,승용,남,34세,상해없음,승용,남,35세,경상
2022101600100234,2022년 10월 16일 14시,일요일,충청북도 청주시 상당구 남문로2가,중상사고,0,1,0,0,차대차 - 측면충돌,안전운전불이행,건조,맑음,교차로 - 교차로부근,화물,남,44세,상해없음,이륜,남,31세,중상
2022101600100235,2022년 10월 16일 14시,일요일,충청북도 청주시 상당구 남일면,중상사고,0,1,1,0,차대차 - 추돌,안전운전불이행,건조,맑음,교차로 - 교차로부근,승용,남,65세,상해없음,이륜,남,42세,경상
2022101600100269,2022년 10월 16일 15시,일요일,충청북도 증평군 증평읍,경상사고,0,0,1,0,차대차 - 측면충돌,직진우회전진행방해,건조,맑음,교차로 - 교차로안,승용,남,52세,기타불명,승용,남,38세,경상
2022101600100270,2022년 10월 16일 15시,일요일,충청북도 진천군 덕산읍,경상사고,0,0,1,0,차대사람 - 길가장자리구역통행중,안전운전불이행,건조,맑음,주차장 - 주차장,승용,남,53세,상해없음,보행자,여,30세,경상
2022101600100298,2022년 10월 16일 16시,일요일,충청북도 제천시 하소동,중상사고,0,1,0,0,차대차 - 측면충돌,신호위반,건조,맑음,교차로 - 교차로안,승용,여,57세,상해없음,이륜,남,35세,중상
2022101600100325,2022년 10월 16일 17시,일요일,충청북도 제천시 금성면,사망사고,1,0,0,0,차량단독 - 공작물충돌,안전운전불이행,건조,맑음,단일로 - 기타,승용,남,52세,사망,,,,
2022101600100326,2022년 10월 16일 17시,일요일,충청북도 음성군 삼성면,중상사고,0,1,0,0,차대차 - 측면충돌,교차로운행방법위반,건조,맑음,교차로 - 교차로안,승용,남,62세,상해없음,이륜,남,66세,중상
2022101600100367,2022년 10월 16일 18시,일요일,충청북도 충주시 주덕읍,경상사고,0,0,2,0,차대차 - 측면충돌,안전거리미확보,건조,흐림,단일로 - 기타,승용,남,48세,상해없음,승용,남,56세,경상
2022101600100368,2022년 10월 16일 18시,일요일,충청북도 음성군 금왕읍,경상사고,0,0,1,0,차대차 - 측면충돌,안전운전불이행,건조,맑음,단일로 - 기타,승용,남,50세,상해없음,승용,여,64세,경상
2022101600100369,2022년 10월 16일 18시,일요일,충청북도 청주시 흥덕구 송절동,경상사고,0,0,1,0,차대차 - 기타,교차로운행방법위반,건조,맑음,교차로 - 교차로부근,승용,남,58세,상해없음,승용,남,72세,경상
2022101600100407,2022년 10월 16일 19시,일요일,충청북도 청주시 청원구 율량동,중상사고,0,1,0,0,차대차 - 측면충돌,안전운전불이행,건조,맑음,기타 - 기타,승용,남,34세,상해없음,이륜,남,67세,중상
2022101600100408,2022년 10월 16일 19시,일요일,충청북도 청주시 흥덕구 가경동,경상사고,0,0,1,0,차대차 - 측면충돌,안전운전불이행,건조,맑음,교차로 - 교차로안,기타불명,기타불명,미분류,기타불명,승용,남,28세,경상
2022101600100409,2022년 10월 16일 19시,일요일,충청북도 청주시 서원구 미평동,경상사고,0,0,3,0,차대차 - 추돌,안전운전불이행,건조,맑음,교차로 - 교차로안,승용,남,68세,상해없음,승용,남,58세,경상
2022101600100410,2022년 10월 16일 19시,일요일,충청북도 청주시 상당구 용암동,경상사고,0,0,1,0,차대차 - 측면충돌,신호위반,건조,맑음,교차로 - 교차로안,원동기,남,28세,상해없음,이륜,남,36세,경상
2022101600100432,2022년 10월 16일 20시,일요일,충청북도 청주시 흥덕구 봉명동,경상사고,0,0,1,0,차대차 - 측면충돌,신호위반,기타,기타,기타 - 기타,승용,여,64세,상해없음,이륜,남,30세,경상
2022101600100454,2022년 10월 16일 21시,일요일,충청북도 청주시 청원구 오창읍,중상사고,0,1,0,0,차대차 - 기타,안전운전불이행,건조,맑음,교차로 - 교차로부근,승용,남,43세,상해없음,승용,남,38세,중상
2022101600100475,2022년 10월 16일 22시,일요일,충청북도 청주시 상당구 용암동,경상사고,0,0,1,0,차대차 - 측면충돌,신호위반,건조,맑음,교차로 - 교차로횡단보도내,이륜,남,18세,상해없음,자전거,남,15세,경상
2022101700100004,2022년 10월 17일 00시,월요일,충청북도 충주시 칠금동,경상사고,0,0,1,0,차대차 - 정면충돌,안전운전불이행,건조,맑음,교차로 - 교차로부근,승용,남,21세,상해없음,이륜,여,59세,경상
2022101700100041,2022년 10월 17일 06시,월요일,충청북도 청주시 청원구 율량동,경상사고,0,0,2,0,차대차 - 추돌,안전거리미확보,건조,맑음,단일로 - 기타,화물,남,49세,상해없음,승용,남,24세,경상
2022101700100042,2022년 10월 17일 06시,월요일,충청북도 괴산군 칠성면,중상사고,0,1,1,0,차대차 - 측면충돌,교차로운행방법위반,건조,맑음,교차로 - 교차로안,승용,남,73세,경상,승용,남,58세,중상
2022101700100043,2022년 10월 17일 06시,월요일,충청북도 보은군 보은읍,중상사고,0,1,0,0,차대사람 - 기타,안전운전불이행,건조,맑음,교차로 - 교차로안,승용,여,48세,상해없음,보행자,여,70세,중상
2022101700100071,2022년 10월 17일 07시,월요일,충청북도 청주시 청원구 북이면,경상사고,0,0,1,0,차대차 - 기타,안전거리미확보,건조,맑음,단일로 - 기타,승용,여,43세,상해없음,승합,남,70세,상해없음
2022101700100072,2022년 10월 17일 07시,월요일,충청북도 음성군 맹동면,중상사고,0,1,0,0,차대차 - 측면충돌,신호위반,건조,맑음,교차로 - 교차로안,승용,남,51세,상해없음,승용,남,43세,중상
2022101700100107,2022년 10월 17일 08시,월요일,충청북도 청주시 청원구 율량동,중상사고,0,1,0,0,차대사람 - 차도통행중,안전운전불이행,건조,맑음,단일로 - 기타,승용,남,54세,상해없음,보행자,여,30세,중상
2022101700100232,2022년 10월 17일 11시,월요일,충청북도 충주시 연수동,경상사고,0,0,1,0,차대차 - 측면충돌,안전운전불이행,건조,맑음,단일로 - 기타,승용,여,48세,상해없음,자전거,여,64세,경상
2022101700100266,2022년 10월 17일 12시,월요일,충청북도 청주시 서원구 사창동,중상사고,0,1,0,0,차대사람 - 기타,안전운전불이행,건조,맑음,기타 - 기타,자전거,남,15세,상해없음,보행자,남,21세,중상
2022101700100267,2022년 10월 17일 12시,월요일,충청북도 청주시 흥덕구 비하동,경상사고,0,0,1,0,차대사람 - 횡단중,안전운전불이행,건조,맑음,단일로 - 기타,승용,남,54세,상해없음,보행자,여,33세,경상
2022101700100268,2022년 10월 17일 12시,월요일,충청북도 청주시 상당구 용암동,중상사고,0,1,0,0,차대차 - 측면충돌,안전운전불이행,건조,맑음,단일로 - 기타,승용,여,52세,상해없음,이륜,남,23세,중상
2022101700100309,2022년 10월 17일 13시,월요일,충청북도 청주시 서원구 사직동,중상사고,0,1,0,0,차대차 - 기타,교차로운행방법위반,건조,맑음,교차로 - 교차로횡단보도내,자전거,남,60세,중상,승용,남,69세,상해없음
2022101700100310,2022년 10월 17일 13시,월요일,충청북도 충주시 칠금동,경상사고,0,0,1,0,차대차 - 측면충돌,교차로운행방법위반,건조,맑음,교차로 - 교차로안,승용,여,67세,상해없음,자전거,남,85세,경상
2022101700100352,2022년 10월 17일 14시,월요일,충청북도 충주시 교현동,경상사고,0,0,2,0,차대차 - 측면충돌,안전운전불이행,건조,맑음,단일로 - 기타,승용,남,44세,상해없음,승용,여,39세,경상
2022101700100353,2022년 10월 17일 14시,월요일,충청북도 청주시 흥덕구 정봉동,경상사고,0,0,1,0,차대차 - 측면충돌,안전운전불이행,건조,맑음,교차로 - 교차로안,화물,여,28세,상해없음,승용,남,37세,경상
2022101700100398,2022년 10월 17일 15시,월요일,충청북도 청주시 흥덕구 복대동,부상신고사고,0,0,0,1,차대차 - 추돌,안전운전불이행,건조,맑음,교차로 - 교차로부근,승용,여,61세,상해없음,승용,남,47세,부상신고
2022101700100399,2022년 10월 17일 15시,월요일,충청북도 청주시 흥덕구 수의동,경상사고,0,0,1,0,차대차 - 기타,신호위반,건조,맑음,교차로 - 교차로안,승용,남,72세,상해없음,승용,여,52세,경상
2022101700100400,2022년 10월 17일 15시,월요일,충청북도 청주시 상당구 남일면,중상사고,0,1,5,0,차대차 - 측면충돌,안전운전불이행,건조,맑음,교차로 - 교차로부근,화물,남,64세,상해없음,승용,여,58세,경상
2022101700100446,2022년 10월 17일 16시,월요일,충청북도 보은군 보은읍,중상사고,0,1,0,0,차대사람 - 기타,안전운전불이행,건조,맑음,교차로 - 교차로안,건설기계,남,66세,상해없음,보행자,남,67세,중상
2022101700100447,2022년 10월 17일 16시,월요일,충청북도 청주시 흥덕구 가경동,중상사고,0,1,0,0,차대차 - 측면충돌,안전운전불이행,건조,맑음,교차로 - 교차로안,승용,남,46세,기타불명,이륜,남,65세,중상
2022101700100448,2022년 10월 17일 16시,월요일,충청북도 청주시 흥덕구 상신동,경상사고,0,0,1,0,차대차 - 추돌,안전운전불이행,건조,맑음,단일로 - 기타,승용,남,56세,상해없음,승용,여,50세,경상
2022101700100571,2022년 10월 17일 18시,월요일,충청북도 음성군 대소면,경상사고,0,0,2,0,차대차 - 정면충돌,안전운전불이행,건조,맑음,단일로 - 기타,화물,남,41세,경상,승용,여,24세,경상
2022101700100572,2022년 10월 17일 18시,월요일,충청북도 옥천군 옥천읍,경상사고,0,0,1,0,차대차 - 추돌,안전운전불이행,건조,맑음,교차로 - 교차로부근,승용,여,70세,상해없음,승용,여,58세,경상
2022101700100573,2022년 10월 17일 18시,월요일,충청북도 진천군 초평면,경상사고,0,0,1,0,차대차 - 측면충돌,신호위반,건조,맑음,교차로 - 교차로안,승용,남,56세,상해없음,승용,여,60세,경상
2022101700100574,2022년 10월 17일 18시,월요일,충청북도 진천군 진천읍,중상사고,0,1,0,0,차대차 - 추돌,안전운전불이행,건조,맑음,단일로 - 지하차도(도로)내,승용,여,26세,상해없음,농기계,남,59세,중상
2022101700100626,2022년 10월 17일 19시,월요일,충청북도 청주시 서원구 개신동,경상사고,0,0,1,0,차대차 - 측면충돌,안전거리미확보,건조,맑음,단일로 - 기타,승용,남,35세,상해없음,승용,남,73세,경상
2022101700100652,2022년 10월 17일 20시,월요일,충청북도 청주시 청원구 율량동,경상사고,0,0,1,0,차대차 - 기타,안전운전불이행,건조,맑음,교차로 - 교차로부근,이륜,남,39세,상해없음,이륜,남,31세,경상
2022101700100653,2022년 10월 17일 20시,월요일,충청북도 충주시 교현동,경상사고,0,0,1,0,차대차 - 추돌,안전운전불이행,건조,맑음,교차로 - 교차로부근,승용,남,29세,상해없음,승합,남,41세,경상
2022101700100654,2022년 10월 17일 20시,월요일,충청북도 청주시 상당구 문화동,경상사고,0,0,3,0,차대차 - 추돌,안전운전불이행,건조,맑음,교차로 - 교차로부근,승용,남,50세,상해없음,승용,여,43세,경상
2022101700100674,2022년 10월 17일 21시,월요일,충청북도 청주시 서원구 수곡동,경상사고,0,0,1,0,차대사람 - 기타,안전운전불이행,건조,맑음,단일로 - 지하차도(도로)내,승합,남,39세,상해없음,보행자,여,53세,경상
2022101800100033,2022년 10월 18일 05시,화요일,충청북도 청주시 청원구 북이면,사망사고,1,0,0,0,차량단독 - 도로외이탈 - 추락,안전운전불이행,건조,맑음,단일로 - 기타,화물,남,60세,사망,,,,
2022101800100042,2022년 10월 18일 06시,화요일,충청북도 청주시 흥덕구 신촌동,경상사고,0,0,1,0,차대차 - 추돌,안전운전불이행,건조,맑음,단일로 - 기타,승용,남,22세,상해없음,승용,남,70세,경상
2022101800100056,2022년 10월 18일 07시,화요일,충청북도 청주시 청원구 주중동,경상사고,0,0,1,0,차대차 - 기타,안전거리미확보,건조,맑음,단일로 - 기타,승용,남,26세,상해없음,승용,남,56세,경상
2022101800100057,2022년 10월 18일 07시,화요일,충청북도 충주시 안림동,경상사고,0,0,1,0,차대차 - 추돌,안전운전불이행,건조,맑음,단일로 - 기타,승용,남,42세,상해없음,승용,남,33세,경상
2022101800100058,2022년 10월 18일 07시,화요일,충청북도 진천군 광혜원면,경상사고,0,0,1,0,차대차 - 측면충돌,안전운전불이행,건조,맑음,교차로 - 교차로안,승용,여,23세,상해없음,승용,남,22세,경상
2022101800100059,2022년 10월 18일 07시,화요일,충청북도 청주시 서원구 남이면,중상사고,0,1,0,0,차대차 - 추돌,안전운전불이행,건조,맑음,단일로 - 기타,승용,남,33세,상해없음,승용,여,39세,중상
2022101800100104,2022년 10월 18일 08시,화요일,충청북도 충주시 주덕읍,경상사고,0,0,1,0,차대차 - 측면충돌,안전거리미확보,건조,맑음,단일로 - 기타,승용,남,61세,상해없음,승용,여,67세,경상
2022101800100210,2022년 10월 18일 11시,화요일,충청북도 청주시 흥덕구 복대동,중상사고,0,1,0,0,차대차 - 기타,안전운전불이행,건조,맑음,단일로 - 기타,이륜,남,35세,상해없음,승용,남,56세,중상
2022101800100243,2022년 10월 18일 12시,화요일,충청북도 음성군 대소면,경상사고,0,0,1,0,차대차 - 측면충돌,신호위반,건조,맑음,교차로 - 교차로안,이륜,남,49세,경상,화물,남,47세,상해없음
2022101800100280,2022년 10월 18일 13시,화요일,충청북도 괴산군 문광면,중상사고,0,1,0,0,차대사람 - 기타,신호위반,건조,맑음,단일로 - 기타,화물,남,41세,상해없음,보행자,남,50세,중상
2022101800100281,2022년 10월 18일 13시,화요일,충청북도 진천군 진천읍,경상사고,0,0,2,0,차대차 - 추돌,안전운전불이행,건조,맑음,교차로 - 교차로부근,승용,남,27세,상해없음,승용,여,31세,경상
2022101800100283,2022년 10월 18일 13시,화요일,충청북도 청주시 흥덕구 옥산면,사망사고,1,1,1,0,차대차 - 추돌,안전운전불이행,건조,맑음,단일로 - 기타,화물,남,62세,상해없음,화물,남,39세,경상
2022101800100374,2022년 10월 18일 15시,화요일,충청북도 괴산군 청천면,경상사고,0,0,1,0,차대차 - 측면충돌,안전운전불이행,건조,맑음,교차로 - 교차로부근,승용,남,69세,상해없음,승용,남,22세,경상
2022101800100424,2022년 10월 18일 16시,화요일,충청북도 충주시 달천동,경상사고,0,0,1,0,차대차 - 추돌,안전운전불이행,건조,맑음,단일로 - 고가도로위,화물,남,66세,상해없음,승용,여,38세,경상
2022101800100425,2022년 10월 18일 16시,화요일,충청북도 음성군 감곡면,중상사고,0,1,0,0,차대차 - 측면충돌,안전운전불이행,건조,맑음,교차로 - 교차로안,자전거,남,78세,중상,승용,남,54세,상해없음