사고번호,사고일시,요일,시군구,사고내용,사망자수,중상자수,경상자수,부상신고자수,사고유형,법규위반,노면상태,기상상태,도로형태,가해운전자 차종,가해운전자 성별,가해운전자 연령,가해운전자 상해정도,피해운전자 차종,피해운전자 성별,피해운전자 연령,피해운전자 상해정도
2022102800100442,2022년 10월 28일 16시,금요일,충청북도 청주시 청원구 내덕동,중상사고,0,1,0,0,차대차 - 기타,안전운전불이행,건조,맑음,단일로 - 기타,이륜,남,18세,중상,승합,남,53세,상해없음
2022102800100443,2022년 10월 28일 16시,금요일,충청북도 음성군 생극면,경상사고,0,0,1,0,차대차 - 정면충돌,안전운전불이행,건조,맑음,교차로 - 교차로안,승용,남,30세,상해없음,승용,남,30세,경상
2022102800100444,2022년 10월 28일 16시,금요일,충청북도 청주시 상당구 용암동,중상사고,0,1,0,0,차대차 - 측면충돌,안전운전불이행,건조,맑음,교차로 - 교차로안,이륜,남,29세,중상,승용,남,49세,기타불명
2022102800100486,2022년 10월 28일 17시,금요일,충청북도 청주시 청원구 내수읍,경상사고,0,0,1,0,차대사람 - 기타,보행자보호의무위반,건조,맑음,교차로 - 교차로횡단보도내,화물,남,51세,상해없음,보행자,남,83세,경상
2022102800100557,2022년 10월 28일 18시,금요일,충청북도 청주시 청원구 내덕동,경상사고,0,0,2,0,차대차 - 측면충돌,신호위반,건조,맑음,교차로 - 교차로안,승용,여,29세,상해없음,승용,남,30세,경상
2022102800100558,2022년 10월 28일 18시,금요일,충청북도 단양군 적성면,경상사고,0,0,1,0,차대차 - 추돌,중앙선침범,건조,기타,기타 - 기타,건설기계,남,62세,상해없음,승용,여,62세,경상
2022102800100559,2022년 10월 28일 18시,금요일,충청북도 진천군 진천읍,경상사고,0,0,1,0,차대차 - 기타,교차로운행방법위반,건조,맑음,교차로 - 교차로안,승용,남,57세,상해없음,이륜,남,47세,경상
2022102800100636,2022년 10월 28일 19시,금요일,충청북도 충주시 지현동,경상사고,0,0,1,1,차대차 - 측면충돌,교차로운행방법위반,건조,맑음,단일로 - 기타,승용,남,54세,부상신고,승용,남,24세,경상
2022102800100637,2022년 10월 28일 19시,금요일,충청북도 충주시 대소원면,경상사고,0,0,1,0,차대차 - 추돌,안전운전불이행,건조,흐림,교차로 - 교차로부근,승용,남,32세,상해없음,승용,남,33세,경상
2022102800100638,2022년 10월 28일 19시,금요일,충청북도 제천시 송학면,사망사고,1,0,0,0,차대사람 - 횡단중,안전운전불이행,건조,맑음,교차로 - 교차로부근,화물,남,56세,상해없음,보행자,여,85세,사망
2022102800100741,2022년 10월 28일 22시,금요일,충청북도 청주시 서원구 개신동,중상사고,0,1,1,0,차대차 - 정면충돌,교차로운행방법위반,건조,맑음,교차로 - 교차로안,승용,여,46세,경상,이륜,남,44세,중상
2022102900100010,2022년 10월 29일 00시,토요일,충청북도 청주시 흥덕구 봉명동,중상사고,0,1,0,0,차대차 - 측면충돌,안전운전불이행,건조,맑음,단일로 - 기타,승용,남,42세,상해없음,이륜,남,50세,중상
2022102900100070,2022년 10월 29일 07시,토요일,충청북도 청주시 상당구 석교동,중상사고,0,1,0,0,차대사람 - 차도통행중,안전운전불이행,건조,맑음,단일로 - 기타,승합,남,63세,상해없음,보행자,남,73세,중상
2022102900100086,2022년 10월 29일 08시,토요일,충청북도 충주시 교현동,경상사고,0,0,1,0,차대차 - 기타,안전운전불이행,건조,맑음,단일로 - 기타,승용,남,53세,상해없음,승용,여,24세,경상
2022102900100105,2022년 10월 29일 09시,토요일,충청북도 청주시 서원구 분평동,경상사고,0,0,5,0,차대차 - 추돌,안전운전불이행,건조,맑음,단일로 - 기타,승용,남,56세,상해없음,승용,여,32세,상해없음
2022102900100147,2022년 10월 29일 10시,토요일,충청북도 청주시 흥덕구 봉명동,중상사고,0,1,0,0,차대차 - 측면충돌,기타,건조,맑음,단일로 - 기타,승합,남,64세,상해없음,이륜,남,45세,중상
2022102900100265,2022년 10월 29일 13시,토요일,충청북도 청주시 청원구 율량동,경상사고,0,0,1,0,차대차 - 측면충돌,교차로운행방법위반,건조,맑음,교차로 - 교차로안,승용,여,43세,상해없음,자전거,여,20세,경상
2022102900100266,2022년 10월 29일 13시,토요일,충청북도 청주시 상당구 석교동,중상사고,0,1,0,0,차대차 - 측면충돌,안전운전불이행,건조,맑음,교차로 - 교차로안,이륜,남,90세,중상,승용,남,21세,상해없음
2022102900100267,2022년 10월 29일 13시,토요일,충청북도 음성군 금왕읍,중상사고,0,1,0,0,차대사람 - 기타,안전운전불이행,건조,맑음,기타 - 기타,승용,남,29세,상해없음,보행자,남,72세,중상
2022102900100310,2022년 10월 29일 14시,토요일,충청북도 청주시 흥덕구 봉명동,경상사고,0,0,1,0,차대차 - 기타,안전운전불이행,건조,맑음,교차로 - 교차로부근,승용,남,50세,상해없음,이륜,남,41세,경상
2022102900100349,2022년 10월 29일 15시,토요일,충청북도 제천시 모산동,경상사고,0,0,2,0,차대차 - 추돌,안전거리미확보,건조,맑음,교차로 - 교차로부근,승용,여,52세,상해없음,승용,여,26세,경상
2022102900100350,2022년 10월 29일 15시,토요일,충청북도 청주시 흥덕구 비하동,경상사고,0,0,1,0,차대사람 - 기타,안전운전불이행,건조,맑음,주차장 - 주차장,승용,여,54세,상해없음,보행자,여,70세,경상
2022102900100384,2022년 10월 29일 16시,토요일,충청북도 음성군 금왕읍,경상사고,0,0,3,0,차대차 - 추돌,안전거리미확보,건조,맑음,단일로 - 기타,화물,남,54세,상해없음,승용,남,55세,경상
2022102900100385,2022년 10월 29일 16시,토요일,충청북도 음성군 금왕읍,경상사고,0,0,1,0,차대차 - 측면충돌,차로위반,건조,맑음,단일로 - 기타,화물,남,63세,상해없음,승용,남,53세,경상
2022102900100422,2022년 10월 29일 17시,토요일,충청북도 청주시 흥덕구 원평동,경상사고,0,0,1,0,차대차 - 기타,안전운전불이행,건조,맑음,단일로 - 기타,승합,남,42세,상해없음,자전거,여,86세,경상
2022102900100462,2022년 10월 29일 18시,토요일,충청북도 청주시 흥덕구 오송읍,경상사고,0,0,1,0,차대차 - 추돌,교차로운행방법위반,건조,맑음,교차로 - 교차로부근,승용,남,53세,기타불명,승용,남,40세,경상
2022102900100463,2022년 10월 29일 18시,토요일,충청북도 청주시 서원구 미평동,경상사고,0,0,1,0,차대차 - 기타,안전운전불이행,건조,맑음,교차로 - 교차로부근,승용,남,58세,상해없음,승용,남,64세,상해없음
2022102900100511,2022년 10월 29일 19시,토요일,충청북도 청주시 서원구 수곡동,경상사고,0,0,1,0,차대사람 - 기타,안전운전불이행,건조,맑음,교차로 - 교차로안,승용,남,22세,상해없음,보행자,남,48세,경상
2022102900100582,2022년 10월 29일 21시,토요일,충청북도 청주시 청원구 내덕동,중상사고,0,1,0,0,차대차 - 기타,안전운전불이행,건조,맑음,교차로 - 교차로안,승용,여,25세,상해없음,이륜,남,41세,중상
2022102900100583,2022년 10월 29일 21시,토요일,충청북도 충주시 산척면,경상사고,0,0,2,0,차대차 - 추돌,안전운전불이행,건조,맑음,교차로 - 교차로안,승용,남,64세,상해없음,승용,여,54세,경상
2022102900100584,2022년 10월 29일 21시,토요일,충청북도 청주시 흥덕구 송정동,경상사고,0,0,1,0,차대차 - 추돌,안전거리미확보,건조,맑음,교차로 - 교차로안,승용,남,44세,상해없음,승용,남,58세,경상
2022102900100618,2022년 10월 29일 22시,토요일,충청북도 제천시 장락동,중상사고,0,1,0,0,차대차 - 후진중충돌,안전운전불이행,건조,맑음,교차로 - 교차로부근,승용,남,53세,상해없음,이륜,남,58세,중상
2022102900100619,2022년 10월 29일 22시,토요일,충청북도 청주시 서원구 모충동,중상사고,0,1,0,0,차대차 - 측면충돌,교차로운행방법위반,건조,흐림,교차로 - 교차로안,승용,남,46세,상해없음,이륜,남,34세,중상
2022102900100645,2022년 10월 29일 23시,토요일,충청북도 청주시 흥덕구 지동동,경상사고,0,0,2,0,차대차 - 측면충돌,안전운전불이행,건조,맑음,단일로 - 기타,승용,여,25세,상해없음,승용,남,29세,경상
2022103000100008,2022년 10월 30일 00시,일요일,충청북도 청주시 흥덕구 복대동,경상사고,0,0,1,0,차대차 - 기타,안전운전불이행,건조,맑음,단일로 - 기타,원동기,남,18세,상해없음,기타불명,기타불명,미분류,기타불명
2022103000100052,2022년 10월 30일 04시,일요일,충청북도 청주시 흥덕구 봉명동,중상사고,0,2,1,0,차량단독 - 기타,안전운전불이행,건조,맑음,기타 - 기타,승용,남,17세,상해없음,,,,
2022103000100070,2022년 10월 30일 06시,일요일,충청북도 청주시 흥덕구 가경동,중상사고,0,1,0,0,차대사람 - 횡단중,안전운전불이행,건조,맑음,교차로 - 교차로부근,승용,남,78세,상해없음,보행자,여,47세,중상
2022103000100113,2022년 10월 30일 09시,일요일,충청북도 제천시 백운면,경상사고,0,0,1,0,차대차 - 추돌,안전거리미확보,건조,맑음,기타 - 기타,승용,남,63세,상해없음,이륜,남,35세,경상
2022103000100134,2022년 10월 30일 10시,일요일,충청북도 단양군 영춘면,경상사고,0,0,1,0,차량단독 - 전도전복 - 전도,안전운전불이행,건조,맑음,단일로 - 기타,이륜,남,48세,경상,,,,
2022103000100156,2022년 10월 30일 11시,일요일,충청북도 음성군 음성읍,경상사고,0,0,1,3,차대차 - 추돌,안전거리미확보,건조,맑음,교차로 - 교차로부근,승용,남,77세,상해없음,승용,남,47세,경상
2022103000100157,2022년 10월 30일 11시,일요일,충청북도 음성군 음성읍,중상사고,0,2,0,0,차대차 - 측면충돌,교차로운행방법위반,건조,맑음,교차로 - 교차로안,승용,여,40세,상해없음,농기계,남,75세,중상
2022103000100184,2022년 10월 30일 12시,일요일,충청북도 청주시 청원구 오창읍,경상사고,0,0,3,0,차대차 - 추돌,안전운전불이행,건조,맑음,단일로 - 기타,승용,여,30세,경상,승용,남,62세,경상
2022103000100185,2022년 10월 30일 12시,일요일,충청북도 충주시 엄정면,경상사고,0,0,1,0,차대차 - 측면충돌,안전운전불이행,건조,맑음,교차로 - 교차로안,이륜,남,69세,상해없음,승용,남,25세,경상
2022103000100186,2022년 10월 30일 12시,일요일,충청북도 제천시 고암동,경상사고,0,0,1,0,차대사람 - 기타,안전운전불이행,건조,맑음,교차로 - 교차로부근,승용,여,61세,상해없음,보행자,남,87세,경상
2022103000100187,2022년 10월 30일 12시,일요일,충청북도 증평군 증평읍,경상사고,0,0,2,2,차대차 - 정면충돌,안전운전불이행,건조,맑음,교차로 - 교차로안,승용,남,52세,부상신고,승용,여,41세,경상
2022103000100188,2022년 10월 30일 12시,일요일,충청북도 괴산군 소수면,경상사고,0,0,2,0,차대차 - 정면충돌,안전운전불이행,건조,맑음,교차로 - 교차로안,승용,남,55세,상해없음,승용,남,65세,경상
2022103000100222,2022년 10월 30일 13시,일요일,충청북도 청주시 흥덕구 봉명동,경상사고,0,0,1,0,차대차 - 기타,안전거리미확보,건조,맑음,단일로 - 기타,승용,남,28세,상해없음,승용,남,30세,경상
2022103000100223,2022년 10월 30일 13시,일요일,충청북도 영동군 용산면,경상사고,0,0,1,0,차대차 - 기타,안전거리미확보,건조,맑음,단일로 - 기타,승용,남,30세,상해없음,승용,남,44세,경상
2022103000100257,2022년 10월 30일 14시,일요일,충청북도 보은군 속리산면,경상사고,0,0,2,0,차대차 - 측면충돌,안전운전불이행,건조,맑음,단일로 - 기타,승합,남,56세,상해없음,승용,남,38세,경상
2022103000100279,2022년 10월 30일 15시,일요일,충청북도 단양군 단양읍,경상사고,0,0,1,0,차대차 - 기타,안전운전불이행,건조,맑음,기타 - 기타,화물,남,40세,상해없음,이륜,남,61세,경상
2022103000100306,2022년 10월 30일 16시,일요일,충청북도 충주시 봉방동,경상사고,0,0,1,0,차대차 - 측면충돌,안전운전불이행,건조,맑음,단일로 - 기타,승용,기타불명,미분류,기타불명,승용,남,45세,경상
2022103000100337,2022년 10월 30일 17시,일요일,충청북도 충주시 용산동,경상사고,0,0,1,0,차대차 - 측면충돌,직진우회전진행방해,건조,맑음,교차로 - 교차로안,이륜,남,61세,상해없음,자전거,여,13세,경상
2022103000100395,2022년 10월 30일 19시,일요일,충청북도 괴산군 청안면,중상사고,0,1,0,0,차대사람 - 횡단중,중앙선침범,건조,흐림,단일로 - 기타,승용,남,53세,상해없음,보행자,남,67세,중상
2022103000100436,2022년 10월 30일 22시,일요일,충청북도 청주시 서원구 현도면,경상사고,0,0,1,0,차대차 - 측면충돌,안전운전불이행,건조,맑음,단일로 - 기타,승합,남,31세,상해없음,승용,여,58세,경상
2022103100100007,2022년 10월 31일 01시,월요일,충청북도 음성군 맹동면,경상사고,0,0,1,0,차량단독 - 전도전복 - 전도,안전운전불이행,건조,맑음,단일로 - 기타,승용,남,26세,경상,,,,
2022103100100037,2022년 10월 31일 06시,월요일,충청북도 청주시 흥덕구 송정동,중상사고,0,1,0,0,차대차 - 측면충돌,중앙선침범,건조,맑음,기타 - 기타,승용,남,62세,상해없음,이륜,남,38세,중상
2022103100100088,2022년 10월 31일 08시,월요일,충청북도 청주시 청원구 사천동,중상사고,0,2,4,0,차대차 - 추돌,안전거리미확보,건조,맑음,단일로 - 기타,승용,여,62세,중상,승용,여,53세,경상
2022103100100134,2022년 10월 31일 09시,월요일,충청북도 청주시 서원구 죽림동,경상사고,0,0,1,0,차대차 - 측면충돌,안전운전불이행,건조,맑음,교차로 - 교차로안,자전거,남,71세,경상,승용,남,68세,상해없음
2022103100100135,2022년 10월 31일 09시,월요일,충청북도 청주시 서원구 분평동,경상사고,0,0,1,0,차대차 - 추돌,안전운전불이행,건조,맑음,교차로 - 교차로부근,승용,남,52세,상해없음,승용,여,31세,경상
2022103100100136,2022년 10월 31일 09시,월요일,충청북도 청주시 상당구 탑동,경상사고,0,0,2,0,차대차 - 기타,안전운전불이행,건조,맑음,교차로 - 교차로안,승용,남,71세,상해없음,승용,남,62세,경상
2022103100100193,2022년 10월 31일 11시,월요일,충청북도 청주시 청원구 내덕동,중상사고,0,1,0,0,차대차 - 측면충돌,안전운전불이행,건조,맑음,단일로 - 기타,승용,남,74세,상해없음,자전거,남,80세,중상
2022103100100194,2022년 10월 31일 11시,월요일,충청북도 충주시 대소원면,경상사고,0,0,2,0,차대차 - 추돌,안전운전불이행,건조,맑음,단일로 - 지하차도(도로)내,승용,여,65세,상해없음,화물,남,46세,경상
2022103100100195,2022년 10월 31일 11시,월요일,충청북도 충주시 칠금동,경상사고,0,0,1,0,차대차 - 기타,불법유턴,건조,맑음,교차로 - 교차로안,승용,남,71세,상해없음,승용,남,29세,경상
2022103100100196,2022년 10월 31일 11시,월요일,충청북도 청주시 흥덕구 복대동,중상사고,0,1,0,0,차대차 - 측면충돌,안전운전불이행,건조,맑음,교차로 - 교차로부근,승용,여,62세,상해없음,이륜,남,58세,중상
2022103100100239,2022년 10월 31일 12시,월요일,충청북도 충주시 안림동,경상사고,0,0,1,0,차대차 - 추돌,안전운전불이행,건조,맑음,단일로 - 기타,이륜,남,22세,상해없음,화물,남,75세,경상
2022103100100240,2022년 10월 31일 12시,월요일,충청북도 청주시 흥덕구 송정동,중상사고,0,1,1,0,차대차 - 측면충돌,교차로운행방법위반,건조,맑음,교차로 - 교차로안,화물,남,41세,기타불명,승용,남,62세,경상
2022103100100241,2022년 10월 31일 12시,월요일,충청북도 괴산군 장연면,경상사고,0,0,1,0,차대차 - 추돌,안전거리미확보,건조,맑음,단일로 - 기타,화물,남,48세,상해없음,승용,남,31세,경상
2022103100100263,2022년 10월 31일 13시,월요일,충청북도 제천시 왕암동,경상사고,0,0,1,0,차대차 - 측면충돌,안전거리미확보,건조,맑음,교차로 - 교차로안,승용,여,50세,상해없음,화물,남,39세,경상
2022103100100264,2022년 10월 31일 13시,월요일,충청북도 단양군 단양읍,경상사고,0,0,2,0,차대차 - 기타,안전운전불이행,건조,맑음,단일로 - 기타,승용,남,53세,경상,승용,남,64세,경상
2022103100100299,2022년 10월 31일 14시,월요일,충청북도 청주시 청원구 우암동,경상사고,0,0,1,0,차대사람 - 기타,안전운전불이행,건조,맑음,기타 - 기타,화물,남,62세,기타불명,보행자,남,54세,경상
2022103100100300,2022년 10월 31일 14시,월요일,충청북도 청주시 서원구 남이면,경상사고,0,0,1,0,차량단독 - 기타,안전운전불이행,건조,맑음,단일로 - 기타,승합,남,59세,상해없음,,,,
2022103100100342,2022년 10월 31일 15시,월요일,충청북도 음성군 금왕읍,경상사고,0,0,1,0,차대차 - 추돌,안전운전불이행,건조,맑음,단일로 - 기타,화물,남,55세,상해없음,승용,남,20세,상해없음
2022103100100343,2022년 10월 31일 15시,월요일,충청북도 청주시 상당구 서운동,경상사고,0,0,1,0,차대차 - 측면충돌,안전거리미확보,건조,맑음,단일로 - 지하차도(도로)내,승합,남,36세,상해없음,승용,남,60세,경상
2022103100100344,2022년 10월 31일 15시,월요일,충청북도 청주시 상당구 용암동,경상사고,0,0,1,0,차대사람 - 기타,기타,건조,맑음,기타 - 기타,개인형이동수단(PM),남,18세,기타불명,보행자,남,8세,경상
2022103100100386,2022년 10월 31일 16시,월요일,충청북도 청주시 청원구 오창읍,경상사고,0,0,1,0,차대차 - 기타,교차로운행방법위반,건조,맑음,기타 - 기타,승용,남,42세,상해없음,승용,여,40세,경상
2022103100100387,2022년 10월 31일 16시,월요일,충청북도 청주시 흥덕구 강서동,경상사고,0,0,1,0,차대차 - 측면충돌,교차로운행방법위반,건조,맑음,교차로 - 교차로횡단보도내,승용,여,58세,상해없음,이륜,남,27세,경상
2022103100100388,2022년 10월 31일 16시,월요일,충청북도 청주시 상당구 영운동,경상사고,0,0,1,0,차대차 - 기타,안전운전불이행,건조,맑음,단일로 - 기타,승용,남,38세,경상,승용,여,47세,상해없음
2022103100100417,2022년 10월 31일 17시,월요일,충청북도 제천시 서부동,부상신고사고,0,0,0,1,차대차 - 추돌,안전운전불이행,건조,맑음,교차로 - 교차로부근,승용,남,51세,상해없음,승용,여,50세,부상신고
2022103100100418,2022년 10월 31일 17시,월요일,충청북도 음성군 대소면,경상사고,0,0,1,0,차대차 - 측면충돌,중앙선침범,건조,맑음,교차로 - 교차로부근,승용,여,75세,상해없음,승용,여,51세,경상
2022103100100419,2022년 10월 31일 17시,월요일,충청북도 단양군 단양읍,경상사고,0,0,2,0,차대차 - 기타,안전운전불이행,건조,맑음,기타 - 기타,화물,여,59세,상해없음,승용,남,67세,경상
2022103100100420,2022년 10월 31일 17시,월요일,충청북도 청주시 흥덕구 송절동,경상사고,0,0,1,0,차대사람 - 길가장자리구역통행중,안전운전불이행,건조,맑음,단일로 - 기타,승용,남,34세,상해없음,보행자,남,40세,경상
2022103100100470,2022년 10월 31일 18시,월요일,충청북도 청주시 청원구 내덕동,경상사고,0,0,1,0,차대차 - 측면충돌,안전거리미확보,건조,맑음,단일로 - 교량,승용,여,29세,상해없음,승용,여,67세,경상
2022103100100471,2022년 10월 31일 18시,월요일,충청북도 충주시 수안보면,경상사고,0,0,2,0,차대차 - 측면충돌,중앙선침범,건조,맑음,단일로 - 기타,승용,여,47세,경상,승용,여,56세,경상
2022103100100472,2022년 10월 31일 18시,월요일,충청북도 영동군 영동읍,부상신고사고,0,0,0,1,차대사람 - 기타,안전운전불이행,건조,맑음,단일로 - 기타,승용,남,67세,상해없음,보행자,남,44세,부상신고
2022103100100473,2022년 10월 31일 18시,월요일,충청북도 청주시 상당구 용암동,경상사고,0,0,1,0,차대차 - 측면충돌,신호위반,건조,맑음,교차로 - 교차로횡단보도내,승용,여,34세,상해없음,자전거,여,34세,경상
2022103100100526,2022년 10월 31일 19시,월요일,충청북도 청주시 흥덕구 비하동,경상사고,0,0,2,0,차대차 - 기타,안전운전불이행,건조,맑음,교차로 - 교차로부근,화물,남,32세,상해없음,승용,남,24세,경상
2022103100100527,2022년 10월 31일 19시,월요일,충청북도 청주시 흥덕구 봉명동,경상사고,0,0,1,0,차대차 - 후진중충돌,안전운전불이행,건조,맑음,교차로 - 교차로안,승용,남,71세,상해없음,이륜,남,48세,상해없음
2022103100100577,2022년 10월 31일 21시,월요일,충청북도 음성군 음성읍,중상사고,0,2,0,0,차대차 - 정면충돌,신호위반,건조,맑음,교차로 - 교차로안,승용,남,53세,상해없음,승용,남,42세,중상
2022103100100595,2022년 10월 31일 22시,월요일,충청북도 충주시 교현동,경상사고,0,0,1,0,차대차 - 측면충돌,신호위반,건조,맑음,교차로 - 교차로횡단보도내,이륜,남,38세,상해없음,개인형이동수단(PM),여,22세,경상
2022110100100008,2022년 11월 1일 00시,화요일,충청북도 청주시 서원구 사창동,중상사고,0,1,0,0,차대차 - 추돌,안전운전불이행,건조,맑음,단일로 - 기타,원동기,남,20세,중상,원동기,남,22세,상해없음
2022110100100017,2022년 11월 1일 01시,화요일,충청북도 청주시 상당구 영동,경상사고,0,0,1,0,차대차 - 측면충돌,신호위반,건조,맑음,교차로 - 교차로안,원동기,남,19세,상해없음,승용,남,23세,경상
2022110100100092,2022년 11월 1일 08시,화요일,충청북도 증평군 증평읍,경상사고,0,0,2,0,차대차 - 측면충돌,기타,건조,맑음,교차로 - 교차로안,승합,남,53세,경상,농기계,남,83세,경상
2022110100100184,2022년 11월 1일 11시,화요일,충청북도 제천시 중앙로2가,경상사고,0,0,1,0,차대차 - 추돌,안전거리미확보,건조,맑음,교차로 - 교차로부근,승용,남,59세,상해없음,승용,여,45세,경상
2022110100100185,2022년 11월 1일 11시,화요일,충청북도 청주시 상당구 용암동,중상사고,0,1,0,0,차대차 - 기타,안전운전불이행,건조,맑음,단일로 - 기타,승용,남,49세,상해없음,이륜,남,35세,중상
2022110100100218,2022년 11월 1일 12시,화요일,충청북도 청주시 서원구 성화동,경상사고,0,0,1,0,차대차 - 후진중충돌,안전운전불이행,건조,맑음,교차로 - 교차로안,승용,여,60세,상해없음,이륜,남,22세,경상
2022110100100368,2022년 11월 1일 16시,화요일,충청북도 청주시 서원구 남이면,경상사고,0,0,1,0,차대차 - 측면충돌,안전거리미확보,건조,맑음,교차로 - 교차로부근,이륜,남,16세,상해없음,승용,남,57세,경상
2022110100100369,2022년 11월 1일 16시,화요일,충청북도 청주시 상당구 남일면,경상사고,0,0,1,0,차대차 - 측면충돌,안전운전불이행,건조,맑음,교차로 - 교차로부근,승용,여,36세,상해없음,승용,남,68세,경상
2022110100100370,2022년 11월 1일 16시,화요일,충청북도 청주시 서원구 모충동,경상사고,0,0,1,0,차대사람 - 보도통행중,안전운전불이행,건조,맑음,단일로 - 기타,개인형이동수단(PM),여,19세,상해없음,보행자,남,61세,경상
2022110100100412,2022년 11월 1일 17시,화요일,충청북도 충주시 성서동,경상사고,0,0,1,0,차대차 - 추돌,안전운전불이행,건조,맑음,교차로 - 교차로부근,승용,여,72세,상해없음,화물,남,46세,경상
2022110100100413,2022년 11월 1일 17시,화요일,충청북도 청주시 흥덕구 가경동,경상사고,0,0,1,0,차대차 - 측면충돌,안전거리미확보,건조,맑음,단일로 - 기타,승용,남,57세,상해없음,승용,여,25세,경상
2022110100100414,2022년 11월 1일 17시,화요일,충청북도 청주시 상당구 남일면,경상사고,0,0,2,0,차대차 - 추돌,안전운전불이행,건조,맑음,단일로 - 기타,승용,남,74세,상해없음,승용,여,30세,경상
2022110100100469,2022년 11월 1일 18시,화요일,충청북도 제천시 금성면,중상사고,0,1,2,0,차대차 - 측면충돌,신호위반,건조,맑음,교차로 - 교차로안,원동기,남,17세,경상,승용,여,54세,경상
2022110100100470,2022년 11월 1일 18시,화요일,충청북도 진천군 덕산읍,경상사고,0,0,1,0,차대사람 - 차도통행중,안전운전불이행,건조,맑음,교차로 - 교차로안,승용,남,52세,상해없음,보행자,남,64세,경상
2022110100100471,2022년 11월 1일 18시,화요일,충청북도 청주시 흥덕구 송절동,중상사고,0,1,0,0,차대사람 - 횡단중,보행자보호의무위반,건조,맑음,교차로 - 교차로횡단보도내,승용,여,49세,상해없음,보행자,여,7세,중상
2022110100100472,2022년 11월 1일 18시,화요일,충청북도 청주시 흥덕구 강서동,부상신고사고,0,0,0,1,차대사람 - 횡단중,안전운전불이행,건조,맑음,교차로 - 교차로횡단보도내,기타불명,기타불명,미분류,기타불명,보행자,남,42세,부상신고
2022110100100533,2022년 11월 1일 19시,화요일,충청북도 청주시 상당구 용암동,중상사고,0,1,0,0,차대차 - 측면충돌,교차로운행방법위반,건조,맑음,교차로 - 교차로안,승용,여,51세,상해없음,이륜,남,33세,중상
2022110100100534,2022년 11월 1일 19시,화요일,충청북도 청주시 서원구 산남동,경상사고,0,0,1,0,차대차 - 기타,안전운전불이행,건조,맑음,교차로 - 교차로부근,자전거,남,27세,경상,승용,여,53세,상해없음
2022110100100564,2022년 11월 1일 20시,화요일,충청북도 청주시 흥덕구 옥산면,중상사고,0,1,1,0,차대차 - 측면충돌,교차로운행방법위반,기타,기타,교차로 - 교차로안,승용,남,42세,상해없음,승용,여,31세,중상
2022110100100565,2022년 11월 1일 20시,화요일,충청북도 청주시 상당구 용암동,경상사고,0,0,1,0,차대차 - 측면충돌,안전운전불이행,건조,맑음,교차로 - 교차로횡단보도내,개인형이동수단(PM),남,13세,상해없음,승용,여,48세,경상
2022110200100053,2022년 11월 2일 06시,수요일,충청북도 단양군 가곡면,경상사고,0,0,1,0,차대차 - 측면충돌,안전운전불이행,젖음/습기,안개,교차로 - 교차로부근,승용,남,62세,경상,화물,남,69세,상해없음
2022110200100073,2022년 11월 2일 07시,수요일,충청북도 청주시 상당구 금천동,중상사고,0,1,0,0,차대사람 - 기타,안전운전불이행,건조,맑음,교차로 - 교차로안,승용,여,75세,상해없음,보행자,여,77세,중상
2022110200100103,2022년 11월 2일 08시,수요일,충청북도 청주시 서원구 개신동,경상사고,0,0,1,0,차대차 - 측면충돌,교차로운행방법위반,건조,맑음,교차로 - 교차로안,승용,남,70세,상해없음,승용,남,33세,경상
2022110200100104,2022년 11월 2일 08시,수요일,충청북도 청주시 흥덕구 복대동,경상사고,0,0,1,0,차대차 - 기타,안전거리미확보,건조,맑음,단일로 - 기타,승용,여,64세,상해없음,승합,남,50세,상해없음
2022110200100154,2022년 11월 2일 09시,수요일,충청북도 진천군 초평면,중상사고,0,1,1,0,차대차 - 추돌,안전거리미확보,젖음/습기,안개,교차로 - 교차로부근,화물,남,46세,중상,승용,남,55세,경상
2022110200100215,2022년 11월 2일 11시,수요일,충청북도 청주시 서원구 개신동,중상사고,0,1,0,0,차대사람 - 횡단중,신호위반,건조,맑음,교차로 - 교차로횡단보도내,화물,남,64세,상해없음,보행자,여,21세,중상
2022110200100216,2022년 11월 2일 11시,수요일,충청북도 충주시 대소원면,경상사고,0,0,2,0,차대차 - 추돌,안전운전불이행,건조,맑음,단일로 - 기타,승용,여,63세,상해없음,화물,남,66세,상해없음
2022110200100240,2022년 11월 2일 12시,수요일,충청북도 청주시 청원구 율량동,경상사고,0,0,1,0,차대차 - 기타,안전운전불이행,건조,맑음,교차로 - 교차로안,승용,남,74세,상해없음,이륜,남,56세,경상
2022110200100241,2022년 11월 2일 12시,수요일,충청북도 제천시 청전동,경상사고,0,0,1,0,차대차 - 후진중충돌,안전운전불이행,건조,맑음,단일로 - 기타,승용,남,57세,상해없음,이륜,남,22세,경상
2022110200100299,2022년 11월 2일 14시,수요일,충청북도 충주시 칠금동,경상사고,0,0,1,0,차대차 - 기타,기타,건조,맑음,교차로 - 교차로부근,승용,여,53세,상해없음,이륜,남,47세,경상