사고번호,사고일시,요일,시군구,사고내용,사망자수,중상자수,경상자수,부상신고자수,사고유형,법규위반,노면상태,기상상태,도로형태,가해운전자 차종,가해운전자 성별,가해운전자 연령,가해운전자 상해정도,피해운전자 차종,피해운전자 성별,피해운전자 연령,피해운전자 상해정도
2022111100100389,2022년 11월 11일 16시,금요일,충청북도 청주시 청원구 사천동,경상사고,0,0,1,0,차대차 - 후진중충돌,불법유턴,건조,맑음,교차로 - 교차로안,승용,남,80세,상해없음,승용,남,43세,경상
2022111100100390,2022년 11월 11일 16시,금요일,충청북도 옥천군 동이면,중상사고,0,1,0,0,차량단독 - 공작물충돌,안전운전불이행,건조,맑음,기타 - 기타,승용,남,72세,중상,,,,
2022111100100391,2022년 11월 11일 16시,금요일,충청북도 청주시 흥덕구 복대동,경상사고,0,0,1,0,차대차 - 측면충돌,안전운전불이행,건조,맑음,교차로 - 교차로안,승용,남,40세,상해없음,이륜,남,32세,경상
2022111100100392,2022년 11월 11일 16시,금요일,충청북도 청주시 흥덕구 강서동,부상신고사고,0,0,0,1,차대사람 - 차도통행중,안전운전불이행,건조,맑음,단일로 - 기타,승용,남,37세,상해없음,보행자,남,26세,부상신고
2022111100100393,2022년 11월 11일 16시,금요일,충청북도 청주시 흥덕구 문암동,경상사고,0,0,1,0,차대사람 - 횡단중,안전운전불이행,건조,맑음,교차로 - 교차로안,화물,남,55세,상해없음,보행자,남,9세,경상
2022111100100439,2022년 11월 11일 17시,금요일,충청북도 청주시 청원구 오창읍,경상사고,0,0,1,0,차대차 - 측면충돌,교차로운행방법위반,건조,맑음,교차로 - 교차로안,승용,남,64세,상해없음,승용,남,39세,경상
2022111100100440,2022년 11월 11일 17시,금요일,충청북도 진천군 이월면,경상사고,0,0,5,0,차대차 - 추돌,안전거리미확보,건조,맑음,단일로 - 지하차도(도로)내,승용,남,23세,경상,승용,남,49세,경상
2022111100100441,2022년 11월 11일 17시,금요일,충청북도 청주시 흥덕구 문암동,경상사고,0,0,1,0,차대사람 - 횡단중,안전운전불이행,건조,맑음,기타 - 기타,화물,남,55세,상해없음,보행자,남,9세,경상
2022111100100442,2022년 11월 11일 17시,금요일,충청북도 청주시 흥덕구 화계동,경상사고,0,0,2,0,차대차 - 측면충돌,안전운전불이행,건조,맑음,교차로 - 교차로부근,승용,남,26세,상해없음,이륜,남,26세,경상
2022111100100495,2022년 11월 11일 18시,금요일,충청북도 청주시 상당구 용암동,경상사고,0,0,1,0,차대차 - 측면충돌,신호위반,건조,맑음,교차로 - 교차로안,개인형이동수단(PM),남,13세,상해없음,승용,여,44세,경상
2022111100100496,2022년 11월 11일 18시,금요일,충청북도 청주시 상당구 탑동,중상사고,0,1,0,0,차대차 - 측면충돌,안전운전불이행,건조,맑음,단일로 - 기타,화물,남,39세,상해없음,이륜,남,43세,중상
2022111100100551,2022년 11월 11일 19시,금요일,충청북도 청주시 흥덕구 가경동,중상사고,0,1,0,0,차대차 - 기타,교차로운행방법위반,건조,맑음,교차로 - 교차로안,승용,여,59세,상해없음,이륜,남,29세,중상
2022111100100584,2022년 11월 11일 20시,금요일,충청북도 충주시 연수동,중상사고,0,1,0,0,차대차 - 측면충돌,신호위반,건조,맑음,교차로 - 교차로안,이륜,남,13세,상해없음,승용,남,51세,중상
2022111100100585,2022년 11월 11일 20시,금요일,충청북도 제천시 하소동,중상사고,0,1,1,0,차대사람 - 횡단중,보행자보호의무위반,건조,흐림,교차로 - 교차로횡단보도내,승용,남,57세,상해없음,보행자,남,69세,중상
2022111100100614,2022년 11월 11일 21시,금요일,충청북도 음성군 생극면,중상사고,0,1,3,0,차대차 - 기타,안전운전불이행,건조,맑음,교차로 - 교차로안,승용,남,39세,상해없음,승용,여,45세,상해없음
2022111100100615,2022년 11월 11일 21시,금요일,충청북도 청주시 흥덕구 봉명동,경상사고,0,0,1,0,차대차 - 측면충돌,교차로운행방법위반,건조,기타,교차로 - 교차로안,기타불명,기타불명,미분류,기타불명,승용,남,31세,경상
2022111100100667,2022년 11월 11일 23시,금요일,충청북도 청주시 흥덕구 복대동,경상사고,0,0,1,0,차대차 - 측면충돌,기타,건조,맑음,교차로 - 교차로부근,승용,남,63세,상해없음,개인형이동수단(PM),남,41세,경상
2022111200100026,2022년 11월 12일 02시,토요일,충청북도 청주시 흥덕구 봉명동,경상사고,0,0,1,0,차대사람 - 횡단중,안전운전불이행,건조,맑음,기타 - 기타,승용,여,54세,상해없음,보행자,남,29세,경상
2022111200100068,2022년 11월 12일 06시,토요일,충청북도 청주시 흥덕구 가경동,경상사고,0,0,2,0,차대차 - 측면충돌,신호위반,건조,맑음,교차로 - 교차로안,화물,남,61세,상해없음,승용,남,42세,경상
2022111200100220,2022년 11월 12일 12시,토요일,충청북도 충주시 단월동,부상신고사고,0,0,0,1,차대차 - 기타,안전거리미확보,건조,맑음,단일로 - 기타,승용,여,37세,상해없음,승용,여,22세,상해없음
2022111200100252,2022년 11월 12일 13시,토요일,충청북도 음성군 대소면,중상사고,0,1,0,0,차량단독 - 기타,안전운전불이행,건조,맑음,단일로 - 기타,이륜,남,71세,중상,,,,
2022111200100253,2022년 11월 12일 13시,토요일,충청북도 청주시 상당구 용암동,경상사고,0,0,2,0,차대차 - 측면충돌,안전운전불이행,건조,맑음,교차로 - 교차로안,특수,남,26세,경상,이륜,남,37세,경상
2022111200100296,2022년 11월 12일 14시,토요일,충청북도 청주시 상당구 문의면,중상사고,0,1,0,0,차대차 - 측면충돌,안전운전불이행,건조,맑음,단일로 - 기타,승용,여,43세,상해없음,이륜,남,79세,중상
2022111200100328,2022년 11월 12일 15시,토요일,충청북도 제천시 봉양읍,중상사고,0,2,3,0,차대차 - 기타,중앙선침범,건조,맑음,단일로 - 기타,승용,여,33세,상해없음,승용,남,45세,중상
2022111200100329,2022년 11월 12일 15시,토요일,충청북도 청주시 흥덕구 강서동,중상사고,0,2,2,0,차대차 - 측면충돌,신호위반,건조,맑음,교차로 - 교차로안,승용,여,24세,경상,승용,남,67세,경상
2022111200100373,2022년 11월 12일 16시,토요일,충청북도 충주시 용산동,중상사고,0,1,0,0,차대차 - 측면충돌,교차로운행방법위반,건조,맑음,교차로 - 교차로안,승용,남,29세,상해없음,개인형이동수단(PM),남,23세,중상
2022111200100413,2022년 11월 12일 17시,토요일,충청북도 충주시 대소원면,중상사고,0,2,4,0,차대차 - 기타,안전운전불이행,건조,흐림,단일로 - 기타,승용,남,48세,상해없음,승용,남,57세,중상
2022111200100414,2022년 11월 12일 17시,토요일,충청북도 영동군 심천면,중상사고,0,1,0,0,차대차 - 측면충돌,안전운전불이행,건조,맑음,교차로 - 교차로안,자전거,남,61세,중상,승용,여,32세,상해없음
2022111200100415,2022년 11월 12일 17시,토요일,충청북도 진천군 진천읍,경상사고,0,0,1,0,차대차 - 추돌,안전운전불이행,건조,맑음,교차로 - 교차로부근,이륜,남,37세,경상,승합,남,45세,상해없음
2022111200100471,2022년 11월 12일 18시,토요일,충청북도 청주시 상당구 용담동,경상사고,0,0,3,0,차대차 - 추돌,안전운전불이행,건조,맑음,단일로 - 기타,승용,여,51세,상해없음,승용,여,29세,경상
2022111200100472,2022년 11월 12일 18시,토요일,충청북도 청주시 서원구 수곡동,경상사고,0,0,2,0,차대차 - 기타,신호위반,건조,맑음,교차로 - 교차로부근,승용,여,62세,상해없음,승용,남,30세,경상
2022111200100532,2022년 11월 12일 19시,토요일,충청북도 청주시 청원구 율량동,경상사고,0,0,1,0,차대차 - 기타,직진우회전진행방해,젖음/습기,흐림,교차로 - 교차로안,승용,여,27세,상해없음,이륜,남,29세,경상
2022111200100533,2022년 11월 12일 19시,토요일,충청북도 청주시 상당구 북문로2가,경상사고,0,0,1,0,차대사람 - 보도통행중,안전운전불이행,건조,맑음,기타 - 기타,개인형이동수단(PM),남,16세,상해없음,보행자,남,7세,경상
2022111200100534,2022년 11월 12일 19시,토요일,충청북도 증평군 도안면,경상사고,0,0,1,0,차대차 - 추돌,안전거리미확보,젖음/습기,흐림,단일로 - 고가도로위,승합,남,49세,기타불명,승용,여,54세,경상
2022111200100535,2022년 11월 12일 19시,토요일,충청북도 보은군 삼승면,경상사고,0,0,1,0,차대차 - 추돌,중앙선침범,건조,맑음,단일로 - 기타,승용,남,43세,상해없음,승용,여,59세,경상
2022111200100582,2022년 11월 12일 20시,토요일,충청북도 충주시 칠금동,중상사고,0,1,0,0,차대차 - 정면충돌,교차로운행방법위반,젖음/습기,비,교차로 - 교차로안,승용,남,56세,상해없음,이륜,남,20세,중상
2022111200100583,2022년 11월 12일 20시,토요일,충청북도 청주시 상당구 남일면,경상사고,0,0,2,0,차대차 - 추돌,안전운전불이행,건조,맑음,단일로 - 기타,승용,남,75세,상해없음,승용,여,63세,경상
2022111200100619,2022년 11월 12일 21시,토요일,충청북도 진천군 덕산읍,경상사고,0,0,1,0,차대차 - 측면충돌,안전운전불이행,젖음/습기,비,단일로 - 지하차도(도로)내,승용,남,38세,상해없음,승용,남,33세,상해없음
2022111200100656,2022년 11월 12일 22시,토요일,충청북도 청주시 청원구 사천동,중상사고,0,1,0,0,차량단독 - 전도전복 - 전도,기타,젖음/습기,맑음,단일로 - 기타,승용,남,21세,기타불명,,,,
2022111200100657,2022년 11월 12일 22시,토요일,충청북도 음성군 맹동면,경상사고,0,0,1,0,차대차 - 측면충돌,안전운전불이행,젖음/습기,비,단일로 - 기타,승용,남,54세,상해없음,이륜,남,40세,경상
2022111200100689,2022년 11월 12일 23시,토요일,충청북도 충주시 대소원면,중상사고,0,1,0,0,차대차 - 추돌,안전운전불이행,젖음/습기,비,단일로 - 기타,승용,여,54세,상해없음,이륜,남,28세,중상
2022111200100690,2022년 11월 12일 23시,토요일,충청북도 제천시 백운면,경상사고,0,0,1,0,차량단독 - 공작물충돌,안전운전불이행,젖음/습기,비,단일로 - 터널,승용,남,30세,경상,,,,
2022111200100691,2022년 11월 12일 23시,토요일,충청북도 음성군 감곡면,중상사고,0,2,0,0,차대사람 - 차도통행중,안전운전불이행,젖음/습기,비,단일로 - 기타,승용,남,61세,상해없음,보행자,남,19세,중상
2022111200100692,2022년 11월 12일 23시,토요일,충청북도 청주시 흥덕구 신성동,경상사고,0,0,2,0,차대차 - 추돌,안전운전불이행,젖음/습기,비,기타 - 기타,승용,남,28세,상해없음,승용,여,35세,경상
2022111300100007,2022년 11월 13일 00시,일요일,충청북도 음성군 맹동면,경상사고,0,0,1,0,차대사람 - 차도통행중,안전운전불이행,젖음/습기,비,단일로 - 기타,승용,남,25세,상해없음,보행자,남,38세,경상
2022111300100023,2022년 11월 13일 01시,일요일,충청북도 충주시 교현동,중상사고,0,2,0,0,차대차 - 정면충돌,중앙선침범,젖음/습기,흐림,교차로 - 교차로부근,승용,남,40세,상해없음,승용,남,37세,중상
2022111300100040,2022년 11월 13일 02시,일요일,충청북도 증평군 증평읍,경상사고,0,0,1,1,차량단독 - 공작물충돌,기타,젖음/습기,비,단일로 - 기타,승용,남,50세,부상신고,,,,
2022111300100121,2022년 11월 13일 10시,일요일,충청북도 충주시 칠금동,경상사고,0,0,2,0,차대차 - 기타,신호위반,건조,맑음,교차로 - 교차로안,승용,여,25세,상해없음,승용,남,30세,경상
2022111300100157,2022년 11월 13일 12시,일요일,충청북도 충주시 봉방동,경상사고,0,0,1,0,차대차 - 측면충돌,안전거리미확보,건조,맑음,단일로 - 기타,화물,남,62세,상해없음,승합,남,46세,경상
2022111300100187,2022년 11월 13일 13시,일요일,충청북도 괴산군 괴산읍,사망사고,1,0,0,0,차대사람 - 횡단중,안전운전불이행,건조,맑음,단일로 - 기타,화물,남,65세,상해없음,보행자,여,77세,사망
2022111300100246,2022년 11월 13일 15시,일요일,충청북도 청주시 흥덕구 오송읍,경상사고,0,0,1,0,차대차 - 기타,안전운전불이행,건조,맑음,교차로 - 교차로부근,승용,남,21세,상해없음,화물,남,64세,경상
2022111300100273,2022년 11월 13일 16시,일요일,충청북도 음성군 감곡면,중상사고,0,1,0,0,차대차 - 측면충돌,안전운전불이행,건조,맑음,기타 - 기타,승합,남,59세,상해없음,이륜,남,29세,중상
2022111300100308,2022년 11월 13일 17시,일요일,충청북도 음성군 음성읍,경상사고,0,0,1,0,차대차 - 측면충돌,교차로운행방법위반,건조,맑음,교차로 - 교차로안,이륜,남,43세,경상,승합,남,51세,상해없음
2022111300100309,2022년 11월 13일 17시,일요일,충청북도 청주시 흥덕구 가경동,경상사고,0,0,1,0,차대차 - 측면충돌,중앙선침범,건조,맑음,교차로 - 교차로부근,승용,여,47세,상해없음,자전거,남,88세,경상
2022111300100336,2022년 11월 13일 18시,일요일,충청북도 청주시 상당구 용암동,경상사고,0,0,3,0,차대차 - 측면충돌,안전운전불이행,건조,맑음,기타 - 기타,승용,남,54세,상해없음,승용,여,31세,경상
2022111300100439,2022년 11월 13일 22시,일요일,충청북도 청주시 서원구 모충동,경상사고,0,0,1,0,차대차 - 기타,안전운전불이행,건조,맑음,교차로 - 교차로부근,원동기,남,63세,경상,승용,남,60세,상해없음
2022111300100440,2022년 11월 13일 22시,일요일,충청북도 영동군 학산면,경상사고,0,0,1,0,차대차 - 추돌,안전운전불이행,건조,맑음,단일로 - 기타,승용,여,31세,상해없음,화물,남,52세,경상
2022111400100014,2022년 11월 14일 02시,월요일,충청북도 청주시 흥덕구 송절동,경상사고,0,0,1,0,차대차 - 후진중충돌,안전운전불이행,건조,맑음,단일로 - 기타,승용,남,51세,상해없음,승용,남,26세,기타불명
2022111400100028,2022년 11월 14일 05시,월요일,충청북도 청주시 흥덕구 외북동,경상사고,0,0,1,0,차대차 - 기타,중앙선침범,건조,맑음,교차로 - 교차로부근,승용,남,39세,상해없음,승용,남,45세,경상
2022111400100047,2022년 11월 14일 06시,월요일,충청북도 제천시 천남동,경상사고,0,0,1,0,차대차 - 기타,안전운전불이행,건조,맑음,단일로 - 기타,화물,남,42세,상해없음,승용,남,74세,경상
2022111400100064,2022년 11월 14일 07시,월요일,충청북도 영동군 양강면,중상사고,0,1,0,0,차대사람 - 기타,기타,건조,맑음,단일로 - 기타,승합,남,61세,상해없음,보행자,여,87세,중상
2022111400100065,2022년 11월 14일 07시,월요일,충청북도 청주시 상당구 용암동,경상사고,0,0,1,0,차대차 - 측면충돌,교차로운행방법위반,건조,맑음,교차로 - 교차로안,승용,여,41세,상해없음,승용,남,39세,경상
2022111400100161,2022년 11월 14일 10시,월요일,충청북도 청주시 상당구 서운동,경상사고,0,0,1,0,차대사람 - 차도통행중,안전운전불이행,건조,맑음,단일로 - 기타,승용,남,87세,상해없음,보행자,남,87세,경상
2022111400100191,2022년 11월 14일 11시,월요일,충청북도 청주시 서원구 성화동,중상사고,0,1,0,0,차대차 - 추돌,안전운전불이행,건조,맑음,단일로 - 기타,이륜,남,31세,중상,화물,남,47세,상해없음
2022111400100217,2022년 11월 14일 12시,월요일,충청북도 음성군 음성읍,경상사고,0,0,1,0,차대차 - 측면충돌,안전거리미확보,건조,맑음,교차로 - 교차로부근,승용,남,61세,상해없음,승용,여,37세,경상
2022111400100251,2022년 11월 14일 13시,월요일,충청북도 충주시 교현동,중상사고,0,1,0,0,차대사람 - 차도통행중,안전운전불이행,건조,맑음,단일로 - 기타,승용,여,74세,상해없음,보행자,남,80세,중상
2022111400100310,2022년 11월 14일 15시,월요일,충청북도 청주시 서원구 수곡동,경상사고,0,0,1,0,차대차 - 측면충돌,안전운전불이행,건조,맑음,교차로 - 교차로횡단보도내,자전거,남,12세,경상,화물,남,49세,상해없음
2022111400100350,2022년 11월 14일 16시,월요일,충청북도 충주시 중앙탑면,경상사고,0,0,2,0,차대차 - 기타,안전운전불이행,건조,맑음,단일로 - 기타,이륜,남,37세,기타불명,승용,여,43세,경상
2022111400100351,2022년 11월 14일 16시,월요일,충청북도 청주시 서원구 분평동,경상사고,0,0,1,0,차대차 - 추돌,안전운전불이행,건조,맑음,단일로 - 기타,이륜,남,18세,상해없음,승용,여,37세,경상
2022111400100397,2022년 11월 14일 17시,월요일,충청북도 청주시 흥덕구 복대동,부상신고사고,0,0,0,2,차대차 - 측면충돌,안전운전불이행,건조,맑음,교차로 - 교차로안,승용,남,39세,부상신고,승용,남,56세,부상신고
2022111400100442,2022년 11월 14일 18시,월요일,충청북도 음성군 음성읍,중상사고,0,1,0,0,차대차 - 측면충돌,중앙선침범,건조,맑음,단일로 - 기타,자전거,남,73세,중상,승용,여,32세,상해없음
2022111400100443,2022년 11월 14일 18시,월요일,충청북도 진천군 진천읍,중상사고,0,1,1,0,차대사람 - 횡단중,보행자보호의무위반,건조,맑음,교차로 - 교차로안,승용,여,60세,상해없음,보행자,여,18세,중상
2022111400100444,2022년 11월 14일 18시,월요일,충청북도 청주시 흥덕구 봉명동,중상사고,0,1,0,0,차대차 - 측면충돌,직진우회전진행방해,건조,맑음,교차로 - 교차로안,승합,남,47세,상해없음,원동기,남,28세,중상
2022111400100445,2022년 11월 14일 18시,월요일,충청북도 청주시 상당구 낭성면,사망사고,1,0,0,0,차대차 - 추돌,안전운전불이행,건조,맑음,단일로 - 기타,승용,남,47세,사망,승용,남,66세,상해없음
2022111400100446,2022년 11월 14일 18시,월요일,충청북도 청주시 상당구 금천동,경상사고,0,0,1,0,차대차 - 측면충돌,안전운전불이행,건조,맑음,교차로 - 교차로안,원동기,남,23세,경상,승용,여,39세,상해없음
2022111400100499,2022년 11월 14일 19시,월요일,충청북도 청주시 상당구 영동,경상사고,0,0,1,0,차대차 - 후진중충돌,안전운전불이행,건조,맑음,단일로 - 기타,승용,여,62세,상해없음,승용,여,53세,경상
2022111400100500,2022년 11월 14일 19시,월요일,충청북도 충주시 교현동,경상사고,0,0,1,0,차대차 - 측면충돌,교차로운행방법위반,건조,맑음,교차로 - 교차로안,승용,남,62세,상해없음,승용,남,28세,경상
2022111400100559,2022년 11월 14일 21시,월요일,충청북도 청주시 청원구 내덕동,경상사고,0,0,2,0,차대차 - 추돌,안전운전불이행,건조,맑음,교차로 - 교차로부근,승용,여,62세,상해없음,승용,남,29세,경상
2022111400100560,2022년 11월 14일 21시,월요일,충청북도 청주시 흥덕구 비하동,경상사고,0,0,1,0,차대차 - 추돌,안전운전불이행,건조,맑음,교차로 - 교차로부근,승용,여,37세,상해없음,승용,남,54세,경상
2022111400100582,2022년 11월 14일 22시,월요일,충청북도 청주시 청원구 오창읍,중상사고,0,1,0,0,차대사람 - 기타,안전운전불이행,건조,맑음,단일로 - 기타,승용,남,45세,상해없음,보행자,남,52세,중상
2022111400100604,2022년 11월 14일 23시,월요일,충청북도 청주시 상당구 석교동,경상사고,0,0,1,0,차대차 - 추돌,안전운전불이행,건조,맑음,단일로 - 기타,승용,남,44세,상해없음,승용,남,69세,경상
2022111400100605,2022년 11월 14일 23시,월요일,충청북도 청주시 상당구 문화동,경상사고,0,0,1,0,차대차 - 기타,신호위반,건조,맑음,교차로 - 교차로안,승용,여,56세,상해없음,승용,남,56세,경상
2022111500100016,2022년 11월 15일 01시,화요일,충청북도 청주시 흥덕구 봉명동,중상사고,0,1,0,0,차대차 - 측면충돌,직진우회전진행방해,건조,맑음,교차로 - 교차로부근,개인형이동수단(PM),남,68세,중상,승용,남,24세,기타불명
2022111500100058,2022년 11월 15일 06시,화요일,충청북도 청주시 흥덕구 송정동,경상사고,0,0,1,0,차대차 - 정면충돌,안전운전불이행,건조,맑음,교차로 - 교차로안,승용,남,48세,상해없음,이륜,남,39세,경상
2022111500100059,2022년 11월 15일 06시,화요일,충청북도 청주시 흥덕구 문암동,경상사고,0,0,1,0,차대차 - 측면충돌,안전운전불이행,건조,맑음,기타 - 기타,승용,남,29세,상해없음,승용,남,56세,경상
2022111500100085,2022년 11월 15일 07시,화요일,충청북도 충주시 노은면,경상사고,0,0,1,0,차대차 - 측면충돌,안전거리미확보,건조,맑음,단일로 - 기타,승용,남,72세,상해없음,승용,남,43세,경상
2022111500100124,2022년 11월 15일 08시,화요일,충청북도 증평군 증평읍,사망사고,1,0,0,0,차대사람 - 횡단중,안전운전불이행,건조,맑음,교차로 - 교차로횡단보도내,승합,남,71세,상해없음,보행자,여,91세,사망
2022111500100182,2022년 11월 15일 10시,화요일,충청북도 충주시 충의동,중상사고,0,1,0,0,차대사람 - 보도통행중,안전운전불이행,건조,맑음,단일로 - 지하차도(도로)내,승용,남,73세,상해없음,보행자,남,81세,중상
2022111500100183,2022년 11월 15일 10시,화요일,충청북도 충주시 문화동,경상사고,0,0,1,0,차대차 - 측면충돌,교차로운행방법위반,건조,맑음,교차로 - 교차로안,승용,여,70세,상해없음,승용,여,42세,경상
2022111500100211,2022년 11월 15일 11시,화요일,충청북도 충주시 교현동,경상사고,0,0,1,0,차대사람 - 횡단중,신호위반,건조,맑음,교차로 - 교차로횡단보도내,개인형이동수단(PM),남,75세,상해없음,보행자,남,41세,경상
2022111500100249,2022년 11월 15일 12시,화요일,충청북도 청주시 청원구 오창읍,중상사고,0,1,0,0,차대차 - 측면충돌,신호위반,건조,맑음,교차로 - 교차로안,승용,남,52세,상해없음,승용,남,26세,중상
2022111500100250,2022년 11월 15일 12시,화요일,충청북도 청주시 상당구 용암동,경상사고,0,0,1,0,차대차 - 측면충돌,기타,건조,맑음,교차로 - 교차로부근,승용,남,60세,상해없음,사륜오토바이(ATV),남,45세,경상
2022111500100325,2022년 11월 15일 14시,화요일,충청북도 충주시 교현동,경상사고,0,0,1,0,차대차 - 기타,안전거리미확보,건조,맑음,단일로 - 기타,승용,여,46세,상해없음,승용,남,29세,경상
2022111500100326,2022년 11월 15일 14시,화요일,충청북도 청주시 상당구 서문동,경상사고,0,0,1,0,차대차 - 측면충돌,안전운전불이행,건조,맑음,교차로 - 교차로부근,화물,남,63세,상해없음,자전거,남,75세,경상
2022111500100439,2022년 11월 15일 17시,화요일,충청북도 충주시 앙성면,중상사고,0,1,0,0,차대차 - 측면충돌,안전운전불이행,건조,맑음,교차로 - 교차로안,건설기계,남,65세,상해없음,자전거,남,79세,중상
2022111500100440,2022년 11월 15일 17시,화요일,충청북도 청주시 흥덕구 복대동,중상사고,0,1,0,0,차대차 - 측면충돌,기타,건조,맑음,단일로 - 기타,이륜,남,40세,중상,승용,남,27세,상해없음
2022111500100441,2022년 11월 15일 17시,화요일,충청북도 청주시 흥덕구 옥산면,경상사고,0,0,1,0,차대차 - 측면충돌,안전운전불이행,건조,맑음,교차로 - 교차로안,화물,남,68세,상해없음,승용,여,57세,경상
2022111500100442,2022년 11월 15일 17시,화요일,충청북도 청주시 상당구 석교동,경상사고,0,0,4,0,차대차 - 측면충돌,교차로운행방법위반,건조,맑음,교차로 - 교차로안,승용,남,70세,상해없음,승용,남,28세,경상
2022111500100495,2022년 11월 15일 18시,화요일,충청북도 충주시 대소원면,중상사고,0,1,1,0,차대차 - 추돌,안전운전불이행,건조,맑음,단일로 - 기타,승용,남,40세,경상,승용,여,39세,중상
2022111500100496,2022년 11월 15일 18시,화요일,충청북도 제천시 고암동,경상사고,0,0,1,0,차대차 - 기타,안전운전불이행,건조,맑음,단일로 - 기타,화물,남,43세,상해없음,승용,여,58세,상해없음
2022111500100497,2022년 11월 15일 18시,화요일,충청북도 진천군 덕산읍,경상사고,0,0,1,0,차대차 - 측면충돌,안전운전불이행,건조,맑음,단일로 - 지하차도(도로)내,승용,여,65세,상해없음,승용,여,31세,경상
2022111500100570,2022년 11월 15일 20시,화요일,충청북도 진천군 진천읍,경상사고,0,0,1,0,차량단독 - 전도전복 - 전도,안전운전불이행,건조,맑음,주차장 - 주차장,이륜,남,51세,경상,,,,
2022111600100049,2022년 11월 16일 06시,수요일,충청북도 청주시 청원구 오창읍,경상사고,0,0,1,0,차대차 - 기타,안전운전불이행,건조,맑음,교차로 - 교차로안,승합,남,73세,기타불명,승용,여,46세,경상
2022111600100081,2022년 11월 16일 07시,수요일,충청북도 제천시 송학면,경상사고,0,0,1,0,차대차 - 기타,직진우회전진행방해,젖음/습기,흐림,교차로 - 교차로안,화물,남,61세,상해없음,승용,남,36세,경상
2022111600100082,2022년 11월 16일 07시,수요일,충청북도 영동군 영동읍,경상사고,0,0,1,0,차대차 - 측면충돌,중앙선침범,젖음/습기,흐림,단일로 - 기타,승용,남,26세,상해없음,승용,여,24세,경상
2022111600100083,2022년 11월 16일 07시,수요일,충청북도 청주시 서원구 현도면,중상사고,0,1,1,0,차량단독 - 공작물충돌,안전운전불이행,건조,맑음,단일로 - 기타,승합,남,70세,상해없음,,,,
2022111600100113,2022년 11월 16일 08시,수요일,충청북도 충주시 교현동,중상사고,0,1,1,0,차대차 - 측면충돌,안전운전불이행,기타,안개,교차로 - 교차로안,승용,여,42세,상해없음,승용,여,43세,중상
2022111600100114,2022년 11월 16일 08시,수요일,충청북도 청주시 흥덕구 봉명동,경상사고,0,0,1,0,차대차 - 기타,안전운전불이행,건조,맑음,교차로 - 교차로안,승용,남,65세,상해없음,승용,여,27세,경상
2022111600100145,2022년 11월 16일 09시,수요일,충청북도 청주시 흥덕구 강내면,경상사고,0,0,1,0,차대차 - 추돌,안전거리미확보,건조,맑음,단일로 - 기타,승용,여,36세,기타불명,화물,남,72세,경상
2022111600100227,2022년 11월 16일 11시,수요일,충청북도 청주시 청원구 내덕동,경상사고,0,0,1,0,차대차 - 추돌,안전운전불이행,건조,맑음,단일로 - 기타,승용,남,66세,상해없음,승용,여,44세,경상
2022111600100228,2022년 11월 16일 11시,수요일,충청북도 청주시 청원구 오창읍,중상사고,0,2,0,0,차대차 - 정면충돌,신호위반,건조,맑음,교차로 - 교차로안,승용,남,46세,상해없음,승용,남,53세,중상
2022111600100266,2022년 11월 16일 12시,수요일,충청북도 제천시 명동,경상사고,0,0,1,0,차대차 - 추돌,안전거리미확보,건조,맑음,교차로 - 교차로부근,원동기,남,28세,상해없음,승용,여,41세,경상
2022111600100340,2022년 11월 16일 14시,수요일,충청북도 제천시 장락동,중상사고,0,1,0,0,차대차 - 측면충돌,안전운전불이행,건조,맑음,단일로 - 기타,화물,남,59세,상해없음,이륜,남,73세,중상
2022111600100341,2022년 11월 16일 14시,수요일,충청북도 증평군 증평읍,경상사고,0,0,1,0,차대차 - 측면충돌,안전운전불이행,건조,맑음,교차로 - 교차로부근,화물,남,77세,기타불명,화물,남,49세,경상
2022111600100389,2022년 11월 16일 15시,수요일,충청북도 충주시 교현동,경상사고,0,0,1,0,차대차 - 기타,안전운전불이행,건조,맑음,교차로 - 교차로안,화물,남,80세,상해없음,승용,남,60세,경상
2022111600100390,2022년 11월 16일 15시,수요일,충청북도 청주시 서원구 성화동,경상사고,0,0,1,0,차대차 - 측면충돌,안전운전불이행,건조,맑음,교차로 - 교차로부근,승용,여,26세,상해없음,승용,여,46세,경상
2022111600100426,2022년 11월 16일 16시,수요일,충청북도 음성군 맹동면,경상사고,0,0,1,0,차대차 - 측면충돌,안전운전불이행,건조,맑음,단일로 - 기타,화물,남,62세,상해없음,승용,남,56세,경상
2022111600100427,2022년 11월 16일 16시,수요일,충청북도 청주시 흥덕구 강서동,경상사고,0,0,1,0,차대차 - 측면충돌,직진우회전진행방해,건조,맑음,교차로 - 교차로안,승용,남,50세,상해없음,화물,남,31세,경상