사고번호,사고일시,요일,시군구,사고내용,사망자수,중상자수,경상자수,부상신고자수,사고유형,법규위반,노면상태,기상상태,도로형태,가해운전자 차종,가해운전자 성별,가해운전자 연령,가해운전자 상해정도,피해운전자 차종,피해운전자 성별,피해운전자 연령,피해운전자 상해정도
2022112500100351,2022년 11월 25일 16시,금요일,충청북도 제천시 신백동,경상사고,0,0,1,0,차대사람 - 기타,안전운전불이행,건조,맑음,교차로 - 교차로안,화물,남,54세,상해없음,보행자,남,15세,경상
2022112500100352,2022년 11월 25일 16시,금요일,충청북도 청주시 청원구 오창읍,중상사고,0,2,3,0,차대차 - 추돌,안전운전불이행,건조,맑음,단일로 - 기타,화물,남,53세,상해없음,승용,남,49세,경상
2022112500100402,2022년 11월 25일 17시,금요일,충청북도 괴산군 괴산읍,경상사고,0,0,1,0,차대차 - 정면충돌,직진우회전진행방해,건조,맑음,교차로 - 교차로안,승용,여,63세,경상,승용,남,67세,상해없음
2022112500100403,2022년 11월 25일 17시,금요일,충청북도 청주시 흥덕구 가경동,경상사고,0,0,2,0,차대차 - 추돌,안전운전불이행,건조,맑음,교차로 - 교차로부근,승용,여,55세,상해없음,승용,남,56세,경상
2022112500100471,2022년 11월 25일 18시,금요일,충청북도 청주시 청원구 내덕동,경상사고,0,0,1,0,차대사람 - 기타,기타,건조,맑음,기타 - 기타,승합,남,83세,상해없음,보행자,여,67세,경상
2022112500100472,2022년 11월 25일 18시,금요일,충청북도 음성군 음성읍,중상사고,0,2,0,0,차대차 - 추돌,안전거리미확보,건조,맑음,교차로 - 교차로부근,승용,여,36세,상해없음,승용,여,61세,중상
2022112500100525,2022년 11월 25일 19시,금요일,충청북도 청주시 흥덕구 운천동,중상사고,0,1,0,0,차대사람 - 기타,안전운전불이행,건조,맑음,교차로 - 교차로횡단보도내,이륜,남,43세,상해없음,보행자,남,78세,중상
2022112500100568,2022년 11월 25일 20시,금요일,충청북도 청주시 서원구 남이면,경상사고,0,0,1,0,차대차 - 정면충돌,안전운전불이행,건조,맑음,단일로 - 기타,화물,남,44세,상해없음,승용,남,50세,경상
2022112500100632,2022년 11월 25일 22시,금요일,충청북도 청주시 청원구 북이면,중상사고,0,1,0,0,차량단독 - 공작물충돌,안전운전불이행,건조,기타,교차로 - 교차로부근,화물,남,55세,중상,,,,
2022112500100633,2022년 11월 25일 22시,금요일,충청북도 충주시 교현동,중상사고,0,1,1,0,차대차 - 측면충돌,안전거리미확보,건조,맑음,단일로 - 기타,승용,남,31세,상해없음,승용,여,50세,경상
2022112500100634,2022년 11월 25일 22시,금요일,충청북도 청주시 상당구 서운동,경상사고,0,0,1,0,차대차 - 측면충돌,안전거리미확보,건조,맑음,교차로 - 교차로부근,승용,남,66세,상해없음,승용,남,22세,경상
2022112500100658,2022년 11월 25일 23시,금요일,충청북도 청주시 흥덕구 가경동,중상사고,0,1,0,0,차대사람 - 횡단중,안전운전불이행,건조,맑음,교차로 - 교차로횡단보도내,승용,남,46세,상해없음,보행자,남,33세,중상
2022112500100659,2022년 11월 25일 23시,금요일,충청북도 청주시 서원구 미평동,중상사고,0,1,0,0,차량단독 - 공작물충돌,안전운전불이행,건조,맑음,교차로 - 교차로부근,승용,여,58세,중상,,,,
2022112500100660,2022년 11월 25일 23시,금요일,충청북도 청주시 상당구 용암동,중상사고,0,1,0,0,차대사람 - 횡단중,안전운전불이행,건조,맑음,교차로 - 교차로부근,이륜,남,29세,상해없음,보행자,남,52세,중상
2022112600100040,2022년 11월 26일 02시,토요일,충청북도 청주시 청원구 내수읍,경상사고,0,0,1,0,차대차 - 기타,안전운전불이행,건조,맑음,단일로 - 기타,승용,남,23세,경상,승용,남,19세,상해없음
2022112600100072,2022년 11월 26일 06시,토요일,충청북도 청주시 흥덕구 복대동,경상사고,0,0,2,0,차대차 - 후진중충돌,안전운전불이행,건조,맑음,단일로 - 기타,승용,남,57세,상해없음,승용,남,60세,경상
2022112600100093,2022년 11월 26일 08시,토요일,충청북도 청주시 흥덕구 오송읍,경상사고,0,0,3,0,차대차 - 기타,교차로운행방법위반,건조,맑음,교차로 - 교차로안,건설기계,남,55세,기타불명,승용,남,33세,경상
2022112600100116,2022년 11월 26일 09시,토요일,충청북도 청주시 청원구 내덕동,경상사고,0,0,2,0,차대차 - 추돌,안전운전불이행,건조,맑음,교차로 - 교차로부근,화물,남,47세,상해없음,승용,남,53세,경상
2022112600100201,2022년 11월 26일 12시,토요일,충청북도 진천군 이월면,경상사고,0,0,3,0,차대차 - 기타,안전거리미확보,건조,맑음,단일로 - 기타,화물,남,59세,상해없음,승용,남,37세,경상
2022112600100265,2022년 11월 26일 14시,토요일,충청북도 청주시 상당구 방서동,중상사고,0,1,0,0,차대차 - 측면충돌,직진우회전진행방해,건조,맑음,교차로 - 교차로안,화물,남,47세,상해없음,이륜,남,17세,중상
2022112600100293,2022년 11월 26일 15시,토요일,충청북도 충주시 칠금동,경상사고,0,0,1,0,차대사람 - 횡단중,신호위반,건조,맑음,단일로 - 기타,승용,남,50세,상해없음,보행자,여,59세,경상
2022112600100332,2022년 11월 26일 16시,토요일,충청북도 진천군 진천읍,경상사고,0,0,2,0,차대차 - 추돌,안전운전불이행,건조,맑음,교차로 - 교차로부근,승용,여,42세,상해없음,승용,남,45세,경상
2022112600100363,2022년 11월 26일 17시,토요일,충청북도 청주시 청원구 사천동,경상사고,0,0,2,0,차대차 - 기타,안전운전불이행,건조,맑음,교차로 - 교차로안,승용,여,67세,상해없음,승용,남,20세,경상
2022112600100364,2022년 11월 26일 17시,토요일,충청북도 충주시 대소원면,사망사고,1,0,0,0,차대사람 - 횡단중,안전운전불이행,건조,흐림,단일로 - 기타,승용,여,60세,상해없음,보행자,여,76세,사망
2022112600100365,2022년 11월 26일 17시,토요일,충청북도 충주시 연수동,경상사고,0,0,1,0,차대차 - 측면충돌,안전거리미확보,건조,맑음,교차로 - 교차로부근,화물,남,60세,상해없음,승용,여,57세,경상
2022112600100366,2022년 11월 26일 17시,토요일,충청북도 청주시 흥덕구 가경동,경상사고,0,0,1,0,차대사람 - 횡단중,안전운전불이행,건조,맑음,단일로 - 기타,이륜,남,39세,상해없음,보행자,남,25세,경상
2022112600100413,2022년 11월 26일 18시,토요일,충청북도 옥천군 군북면,중상사고,0,2,2,0,차대차 - 추돌,기타,건조,맑음,기타 - 기타,승용,남,60세,상해없음,승용,남,44세,경상
2022112600100414,2022년 11월 26일 18시,토요일,충청북도 청주시 상당구 용정동,경상사고,0,0,1,0,차대차 - 추돌,안전운전불이행,건조,맑음,단일로 - 지하차도(도로)내,이륜,남,33세,경상,승용,남,64세,상해없음
2022112600100450,2022년 11월 26일 19시,토요일,충청북도 제천시 청전동,경상사고,0,0,1,0,차대차 - 측면충돌,직진우회전진행방해,건조,맑음,교차로 - 교차로안,승용,남,31세,상해없음,승용,남,48세,경상
2022112600100451,2022년 11월 26일 19시,토요일,충청북도 청주시 흥덕구 가경동,부상신고사고,0,0,0,1,차대사람 - 기타,안전운전불이행,건조,맑음,기타 - 기타,승용,여,59세,상해없음,보행자,남,49세,부상신고
2022112600100482,2022년 11월 26일 20시,토요일,충청북도 음성군 맹동면,경상사고,0,0,1,0,차대차 - 측면충돌,교차로운행방법위반,건조,맑음,교차로 - 교차로안,승용,남,72세,상해없음,이륜,남,20세,경상
2022112600100518,2022년 11월 26일 22시,토요일,충청북도 충주시 목행동,경상사고,0,0,5,0,차대차 - 추돌,안전운전불이행,건조,맑음,교차로 - 교차로안,승용,여,61세,상해없음,승합,남,75세,경상
2022112700100019,2022년 11월 27일 01시,일요일,충청북도 청주시 서원구 성화동,경상사고,0,0,2,0,차대차 - 측면충돌,신호위반,건조,맑음,교차로 - 교차로안,이륜,남,26세,상해없음,승용,남,58세,경상
2022112700100057,2022년 11월 27일 06시,일요일,충청북도 충주시 대소원면,경상사고,0,0,1,0,차대차 - 추돌,안전운전불이행,건조,맑음,단일로 - 기타,화물,남,69세,상해없음,화물,남,54세,경상
2022112700100076,2022년 11월 27일 09시,일요일,충청북도 청주시 상당구 명암동,중상사고,0,1,1,0,차대사람 - 횡단중,보행자보호의무위반,건조,맑음,단일로 - 기타,승용,남,34세,상해없음,보행자,여,54세,중상
2022112700100090,2022년 11월 27일 10시,일요일,충청북도 음성군 대소면,경상사고,0,0,1,0,차대사람 - 기타,안전운전불이행,건조,맑음,단일로 - 기타,승용,남,56세,상해없음,보행자,여,62세,경상
2022112700100138,2022년 11월 27일 12시,일요일,충청북도 청주시 상당구 지북동,경상사고,0,0,1,0,차대차 - 측면충돌,안전운전불이행,건조,맑음,단일로 - 기타,자전거,남,63세,경상,승용,남,60세,상해없음
2022112700100139,2022년 11월 27일 12시,일요일,충청북도 음성군 삼성면,경상사고,0,0,1,0,차대차 - 측면충돌,안전운전불이행,건조,맑음,주차장 - 주차장,승용,남,81세,상해없음,승용,남,55세,기타불명
2022112700100161,2022년 11월 27일 13시,일요일,충청북도 제천시 청전동,경상사고,0,0,1,0,차대차 - 기타,안전거리미확보,건조,맑음,단일로 - 기타,승용,남,27세,상해없음,이륜,남,38세,경상
2022112700100162,2022년 11월 27일 13시,일요일,충청북도 청주시 서원구 현도면,중상사고,0,2,1,0,차대차 - 추돌,안전거리미확보,건조,맑음,교차로 - 교차로부근,승용,남,46세,중상,화물,여,63세,기타불명
2022112700100163,2022년 11월 27일 13시,일요일,충청북도 청주시 흥덕구 옥산면,경상사고,0,0,2,0,차대차 - 추돌,직진우회전진행방해,건조,맑음,교차로 - 교차로안,승용,남,36세,경상,화물,남,53세,경상
2022112700100192,2022년 11월 27일 14시,일요일,충청북도 청주시 흥덕구 운천동,중상사고,0,1,1,0,차대차 - 측면충돌,중앙선침범,건조,맑음,단일로 - 고가도로위,승용,여,21세,상해없음,승용,남,33세,중상
2022112700100193,2022년 11월 27일 14시,일요일,충청북도 청주시 흥덕구 복대동,경상사고,0,0,1,0,차대차 - 측면충돌,차로위반,건조,맑음,단일로 - 기타,승용,남,67세,상해없음,승용,남,30세,경상
2022112700100220,2022년 11월 27일 15시,일요일,충청북도 청주시 상당구 금천동,경상사고,0,0,2,0,차대차 - 측면충돌,차로위반,건조,맑음,단일로 - 기타,승용,여,46세,경상,승용,여,56세,경상
2022112700100280,2022년 11월 27일 17시,일요일,충청북도 청주시 흥덕구 봉명동,중상사고,0,1,0,0,차대차 - 기타,안전운전불이행,건조,맑음,교차로 - 교차로부근,승용,남,43세,상해없음,원동기,남,38세,중상
2022112700100323,2022년 11월 27일 18시,일요일,충청북도 청주시 서원구 개신동,경상사고,0,0,1,0,차대차 - 기타,교차로운행방법위반,건조,맑음,교차로 - 교차로안,승용,여,42세,상해없음,이륜,남,47세,경상
2022112700100324,2022년 11월 27일 18시,일요일,충청북도 청주시 흥덕구 복대동,경상사고,0,0,1,0,차대차 - 측면충돌,안전운전불이행,건조,맑음,단일로 - 기타,승용,남,47세,상해없음,이륜,남,25세,경상
2022112700100361,2022년 11월 27일 19시,일요일,충청북도 영동군 영동읍,경상사고,0,0,1,0,차대사람 - 횡단중,보행자보호의무위반,건조,맑음,단일로 - 기타,이륜,남,32세,상해없음,보행자,남,38세,경상
2022112700100379,2022년 11월 27일 20시,일요일,충청북도 청주시 흥덕구 복대동,중상사고,0,1,1,0,차대차 - 측면충돌,안전운전불이행,건조,맑음,교차로 - 교차로부근,승용,남,34세,상해없음,이륜,남,23세,경상
2022112700100380,2022년 11월 27일 20시,일요일,충청북도 청주시 서원구 산남동,중상사고,0,1,0,0,차대사람 - 기타,안전운전불이행,건조,맑음,단일로 - 기타,승용,여,36세,상해없음,보행자,남,58세,중상
2022112800100031,2022년 11월 28일 05시,월요일,충청북도 충주시 지현동,경상사고,0,0,1,0,차대사람 - 기타,안전운전불이행,건조,맑음,교차로 - 교차로안,승용,여,52세,상해없음,보행자,여,63세,경상
2022112800100049,2022년 11월 28일 06시,월요일,충청북도 충주시 연수동,사망사고,1,0,0,0,차대사람 - 횡단중,안전운전불이행,건조,맑음,단일로 - 기타,승용,남,48세,상해없음,보행자,여,85세,사망
2022112800100132,2022년 11월 28일 09시,월요일,충청북도 충주시 교현동,경상사고,0,0,1,0,차대차 - 측면충돌,직진우회전진행방해,건조,맑음,교차로 - 교차로안,승용,남,32세,상해없음,이륜,남,35세,경상
2022112800100159,2022년 11월 28일 10시,월요일,충청북도 증평군 증평읍,경상사고,0,0,2,0,차대차 - 측면충돌,직진우회전진행방해,건조,맑음,교차로 - 교차로안,이륜,남,79세,경상,승합,남,68세,상해없음
2022112800100160,2022년 11월 28일 10시,월요일,충청북도 청주시 흥덕구 비하동,경상사고,0,0,9,0,차대차 - 측면충돌,신호위반,건조,맑음,교차로 - 교차로안,승용,남,68세,상해없음,승합,남,52세,경상
2022112800100193,2022년 11월 28일 11시,월요일,충청북도 청주시 상당구 북문로2가,경상사고,0,0,1,0,차대차 - 측면충돌,안전운전불이행,건조,맑음,교차로 - 교차로안,화물,남,57세,상해없음,승용,남,30세,경상
2022112800100195,2022년 11월 28일 11시,월요일,충청북도 음성군 금왕읍,중상사고,0,1,0,0,차대사람 - 횡단중,신호위반,젖음/습기,비,교차로 - 교차로부근,이륜,남,25세,상해없음,보행자,남,44세,중상
2022112800100217,2022년 11월 28일 12시,월요일,충청북도 음성군 금왕읍,경상사고,0,0,1,0,차대차 - 측면충돌,교차로운행방법위반,젖음/습기,비,교차로 - 교차로안,화물,남,36세,기타불명,승용,여,53세,경상
2022112800100249,2022년 11월 28일 13시,월요일,충청북도 제천시 강제동,경상사고,0,0,1,0,차대차 - 후진중충돌,안전운전불이행,젖음/습기,비,교차로 - 교차로부근,화물,남,46세,상해없음,승용,여,28세,경상
2022112800100277,2022년 11월 28일 14시,월요일,충청북도 청주시 청원구 율량동,중상사고,0,1,0,0,차대사람 - 횡단중,교차로운행방법위반,건조,맑음,교차로 - 교차로안,화물,남,48세,상해없음,보행자,남,63세,중상
2022112800100278,2022년 11월 28일 14시,월요일,충청북도 청주시 흥덕구 봉명동,경상사고,0,0,2,0,차대차 - 기타,안전거리미확보,젖음/습기,비,단일로 - 기타,승용,남,74세,상해없음,승용,여,38세,경상
2022112800100316,2022년 11월 28일 15시,월요일,충청북도 음성군 대소면,경상사고,0,0,1,0,차대차 - 추돌,안전운전불이행,건조,맑음,교차로 - 교차로부근,화물,남,36세,경상,승용,남,64세,기타불명
2022112800100354,2022년 11월 28일 16시,월요일,충청북도 제천시 명동,경상사고,0,0,1,0,차대차 - 측면충돌,신호위반,젖음/습기,비,교차로 - 교차로안,승용,남,41세,상해없음,승용,남,28세,경상
2022112800100395,2022년 11월 28일 17시,월요일,충청북도 청주시 청원구 오창읍,경상사고,0,0,1,0,차대차 - 측면충돌,신호위반,젖음/습기,비,교차로 - 교차로안,승용,남,29세,상해없음,승용,남,42세,경상
2022112800100396,2022년 11월 28일 17시,월요일,충청북도 청주시 서원구 사창동,경상사고,0,0,2,0,차대차 - 추돌,안전운전불이행,젖음/습기,흐림,교차로 - 교차로안,승용,남,56세,상해없음,승용,여,46세,경상
2022112800100397,2022년 11월 28일 17시,월요일,충청북도 충주시 교현동,경상사고,0,0,1,0,차대차 - 추돌,안전운전불이행,젖음/습기,비,단일로 - 기타,승용,여,48세,상해없음,승용,남,29세,경상
2022112800100398,2022년 11월 28일 17시,월요일,충청북도 음성군 금왕읍,경상사고,0,0,1,0,차대차 - 추돌,안전운전불이행,건조,맑음,교차로 - 교차로부근,승용,남,31세,상해없음,승용,남,55세,경상
2022112800100399,2022년 11월 28일 17시,월요일,충청북도 음성군 대소면,경상사고,0,0,1,0,차대차 - 측면충돌,차로위반,건조,맑음,단일로 - 기타,승용,남,66세,상해없음,승용,남,45세,경상
2022112800100467,2022년 11월 28일 18시,월요일,충청북도 청주시 청원구 율량동,경상사고,0,0,1,0,차대차 - 기타,교차로운행방법위반,건조,맑음,교차로 - 교차로안,이륜,남,38세,상해없음,승용,남,68세,경상
2022112800100468,2022년 11월 28일 18시,월요일,충청북도 청주시 청원구 오창읍,경상사고,0,0,1,0,차대차 - 측면충돌,교차로운행방법위반,건조,맑음,교차로 - 교차로안,승용,남,34세,상해없음,승용,여,59세,경상
2022112800100469,2022년 11월 28일 18시,월요일,충청북도 청주시 청원구 율량동,경상사고,0,0,1,0,차대차 - 기타,안전거리미확보,젖음/습기,흐림,교차로 - 교차로부근,승용,남,33세,상해없음,이륜,남,44세,경상
2022112800100526,2022년 11월 28일 19시,월요일,충청북도 청주시 청원구 율량동,경상사고,0,0,1,0,차량단독 - 전도전복 - 전도,안전운전불이행,건조,맑음,단일로 - 기타,이륜,남,40세,경상,,,,
2022112800100527,2022년 11월 28일 19시,월요일,충청북도 음성군 음성읍,경상사고,0,0,1,0,차대차 - 기타,안전운전불이행,젖음/습기,안개,교차로 - 교차로부근,원동기,남,52세,상해없음,원동기,남,62세,경상
2022112900100063,2022년 11월 29일 06시,화요일,충청북도 청주시 청원구 오창읍,중상사고,0,1,0,0,차대차 - 측면충돌,신호위반,젖음/습기,비,교차로 - 교차로안,승용,남,27세,상해없음,승용,남,52세,중상
2022112900100064,2022년 11월 29일 06시,화요일,충청북도 청주시 흥덕구 송정동,중상사고,0,1,0,0,차대사람 - 기타,보행자보호의무위반,젖음/습기,비,교차로 - 교차로횡단보도내,화물,남,52세,상해없음,보행자,여,60세,중상
2022112900100066,2022년 11월 29일 06시,화요일,충청북도 청주시 흥덕구 화계동,경상사고,0,0,2,0,차대차 - 측면충돌,안전운전불이행,건조,맑음,기타 - 기타,승합,남,53세,상해없음,승용,남,37세,경상
2022112900100091,2022년 11월 29일 07시,화요일,충청북도 청주시 흥덕구 봉명동,경상사고,0,0,3,0,차대차 - 추돌,안전운전불이행,젖음/습기,비,단일로 - 기타,승용,남,26세,상해없음,승용,남,36세,경상
2022112900100129,2022년 11월 29일 08시,화요일,충청북도 청주시 청원구 율량동,경상사고,0,0,2,0,차대차 - 추돌,교차로운행방법위반,건조,맑음,교차로 - 교차로안,승용,남,74세,기타불명,승용,여,37세,경상
2022112900100130,2022년 11월 29일 08시,화요일,충청북도 단양군 대강면,중상사고,0,1,2,0,차대차 - 측면충돌,직진우회전진행방해,젖음/습기,흐림,교차로 - 교차로안,승용,남,69세,경상,화물,남,67세,경상
2022112900100188,2022년 11월 29일 10시,화요일,충청북도 충주시 수안보면,경상사고,0,0,1,0,차대사람 - 보도통행중,불법유턴,건조,맑음,단일로 - 기타,승용,남,61세,상해없음,보행자,여,85세,경상
2022112900100247,2022년 11월 29일 12시,화요일,충청북도 청주시 청원구 율량동,경상사고,0,0,1,0,차대사람 - 기타,보행자보호의무위반,건조,맑음,교차로 - 교차로횡단보도내,승용,남,41세,상해없음,보행자,여,21세,경상
2022112900100321,2022년 11월 29일 14시,화요일,충청북도 청주시 서원구 사직동,경상사고,0,0,1,0,차대차 - 추돌,안전운전불이행,건조,맑음,교차로 - 교차로부근,화물,남,51세,상해없음,승용,남,32세,경상
2022112900100322,2022년 11월 29일 14시,화요일,충청북도 제천시 교동,중상사고,0,1,0,0,차대차 - 측면충돌,교차로운행방법위반,건조,맑음,교차로 - 교차로안,화물,남,76세,상해없음,승용,여,62세,중상
2022112900100347,2022년 11월 29일 15시,화요일,충청북도 청주시 서원구 사직동,경상사고,0,0,1,0,차대차 - 기타,안전운전불이행,건조,맑음,기타 - 기타,화물,남,69세,상해없음,승용,여,36세,경상
2022112900100380,2022년 11월 29일 16시,화요일,충청북도 충주시 금릉동,경상사고,0,0,1,0,차대차 - 추돌,안전운전불이행,건조,맑음,단일로 - 기타,승용,여,26세,상해없음,승용,남,41세,경상
2022112900100381,2022년 11월 29일 16시,화요일,충청북도 진천군 진천읍,경상사고,0,0,1,0,차대사람 - 횡단중,안전운전불이행,건조,맑음,교차로 - 교차로부근,승용,남,27세,상해없음,보행자,남,13세,경상
2022112900100408,2022년 11월 29일 17시,화요일,충청북도 청주시 서원구 개신동,경상사고,0,0,2,0,차대차 - 기타,신호위반,건조,맑음,단일로 - 기타,승용,남,60세,상해없음,승용,여,35세,경상
2022112900100456,2022년 11월 29일 18시,화요일,충청북도 충주시 중앙탑면,중상사고,0,1,1,0,차대차 - 정면충돌,신호위반,건조,맑음,교차로 - 교차로안,특수,남,35세,상해없음,승용,여,42세,중상
2022112900100496,2022년 11월 29일 19시,화요일,충청북도 청주시 흥덕구 복대동,경상사고,0,0,1,1,차대사람 - 보도통행중,신호위반,건조,맑음,교차로 - 교차로안,이륜,남,44세,부상신고,보행자,여,13세,경상
2022112900100551,2022년 11월 29일 22시,화요일,충청북도 청주시 흥덕구 강서동,중상사고,0,1,0,0,차대사람 - 기타,안전운전불이행,건조,맑음,단일로 - 기타,건설기계,남,61세,상해없음,보행자,여,71세,중상
2022112900100560,2022년 11월 29일 23시,화요일,충청북도 청주시 서원구 미평동,중상사고,0,1,0,0,차대차 - 측면충돌,안전운전불이행,건조,맑음,단일로 - 기타,화물,남,58세,상해없음,승용,남,28세,중상
2022113000100007,2022년 11월 30일 00시,수요일,충청북도 청주시 청원구 사천동,중상사고,0,1,0,0,차대사람 - 기타,안전운전불이행,건조,맑음,단일로 - 기타,자전거,기타불명,미분류,기타불명,보행자,남,24세,중상
2022113000100025,2022년 11월 30일 03시,수요일,충청북도 충주시 금가면,부상신고사고,0,0,0,1,차대차 - 추돌,안전운전불이행,건조,맑음,단일로 - 기타,승용,남,23세,부상신고,화물,남,53세,상해없음
2022113000100034,2022년 11월 30일 05시,수요일,충청북도 제천시 교동,경상사고,0,0,1,0,차대차 - 측면충돌,신호위반,건조,맑음,교차로 - 교차로안,승용,남,34세,상해없음,화물,남,35세,경상
2022113000100035,2022년 11월 30일 05시,수요일,충청북도 음성군 맹동면,경상사고,0,0,1,0,차대차 - 기타,중앙선침범,건조,맑음,단일로 - 기타,승용,남,36세,상해없음,화물,남,33세,경상
2022113000100054,2022년 11월 30일 07시,수요일,충청북도 충주시 중앙탑면,경상사고,0,0,1,0,차대차 - 정면충돌,안전거리미확보,건조,맑음,단일로 - 기타,승용,남,49세,상해없음,승용,남,28세,경상
2022113000100086,2022년 11월 30일 08시,수요일,충청북도 음성군 원남면,경상사고,0,0,4,0,차대차 - 정면충돌,중앙선침범,건조,맑음,단일로 - 기타,승용,여,44세,상해없음,승용,남,38세,경상
2022113000100087,2022년 11월 30일 08시,수요일,충청북도 청주시 상당구 남일면,경상사고,0,0,1,0,차대차 - 측면충돌,차로위반,건조,맑음,단일로 - 기타,승용,남,67세,상해없음,승용,여,26세,경상
2022113000100123,2022년 11월 30일 09시,수요일,충청북도 제천시 청전동,경상사고,0,0,2,0,차대차 - 기타,직진우회전진행방해,건조,맑음,교차로 - 교차로안,승용,남,49세,기타불명,화물,남,62세,경상
2022113000100124,2022년 11월 30일 09시,수요일,충청북도 청주시 흥덕구 복대동,경상사고,0,0,1,0,차대차 - 추돌,안전운전불이행,건조,맑음,단일로 - 기타,승용,남,29세,상해없음,자전거,남,32세,경상
2022113000100148,2022년 11월 30일 10시,수요일,충청북도 청주시 상당구 방서동,경상사고,0,0,1,0,차대차 - 측면충돌,안전운전불이행,건조,맑음,단일로 - 기타,승용,남,66세,상해없음,승용,남,62세,상해없음
2022113000100169,2022년 11월 30일 11시,수요일,충청북도 청주시 흥덕구 운천동,경상사고,0,0,1,0,차대차 - 측면충돌,신호위반,건조,맑음,교차로 - 교차로횡단보도내,승용,남,75세,상해없음,자전거,남,84세,경상
2022113000100170,2022년 11월 30일 11시,수요일,충청북도 청주시 흥덕구 외북동,경상사고,0,0,4,0,차대차 - 추돌,안전운전불이행,건조,맑음,교차로 - 교차로부근,화물,남,32세,상해없음,승용,여,65세,경상
2022113000100225,2022년 11월 30일 13시,수요일,충청북도 청주시 청원구 우암동,중상사고,0,1,0,0,차대차 - 측면충돌,신호위반,건조,맑음,교차로 - 교차로안,승용,남,53세,상해없음,승용,남,61세,중상
2022113000100255,2022년 11월 30일 14시,수요일,충청북도 청주시 청원구 율량동,경상사고,0,0,1,0,차대차 - 기타,안전운전불이행,건조,맑음,교차로 - 교차로부근,승용,여,33세,상해없음,특수,남,37세,경상
2022113000100296,2022년 11월 30일 15시,수요일,충청북도 청주시 서원구 사직동,경상사고,0,0,1,0,차대사람 - 보도통행중,기타,건조,맑음,기타 - 기타,승용,여,34세,상해없음,보행자,여,70세,경상
2022113000100321,2022년 11월 30일 16시,수요일,충청북도 청주시 서원구 분평동,경상사고,0,0,1,0,차대사람 - 횡단중,안전운전불이행,건조,맑음,주차장 - 주차장,승용,여,34세,상해없음,보행자,여,51세,경상
2022113000100361,2022년 11월 30일 17시,수요일,충청북도 진천군 진천읍,경상사고,0,0,1,0,차대차 - 측면충돌,안전운전불이행,건조,맑음,단일로 - 교량,이륜,남,26세,상해없음,이륜,남,31세,경상
2022113000100503,2022년 11월 30일 21시,수요일,충청북도 청주시 서원구 수곡동,경상사고,0,0,2,0,차대차 - 측면충돌,기타,건조,흐림,교차로 - 교차로안,이륜,남,28세,경상,승용,남,49세,경상
2022113000100526,2022년 11월 30일 22시,수요일,충청북도 청주시 청원구 주중동,경상사고,0,0,4,0,차대차 - 기타,안전운전불이행,건조,맑음,기타 - 기타,화물,남,40세,경상,승용,남,52세,경상
2022113000100540,2022년 11월 30일 23시,수요일,충청북도 청주시 흥덕구 복대동,경상사고,0,0,1,0,차대차 - 기타,안전운전불이행,건조,맑음,교차로 - 교차로부근,승용,남,38세,상해없음,승용,남,44세,상해없음
2022120100100006,2022년 12월 1일 00시,목요일,충청북도 단양군 단양읍,경상사고,0,0,1,0,차대사람 - 횡단중,안전운전불이행,건조,맑음,단일로 - 기타,승용,남,60세,상해없음,보행자,여,64세,경상
2022120100100025,2022년 12월 1일 03시,목요일,충청북도 청주시 흥덕구 봉명동,경상사고,0,0,1,0,차대차 - 기타,신호위반,건조,맑음,교차로 - 교차로안,승용,남,65세,상해없음,승용,여,31세,경상
2022120100100053,2022년 12월 1일 06시,목요일,충청북도 청주시 흥덕구 휴암동,경상사고,0,0,1,0,차대차 - 기타,안전운전불이행,건조,맑음,단일로 - 기타,승용,남,58세,경상,승용,남,51세,상해없음
2022120100100072,2022년 12월 1일 07시,목요일,충청북도 제천시 교동,중상사고,0,1,1,0,차대차 - 측면충돌,안전거리미확보,건조,맑음,단일로 - 기타,건설기계,남,30세,기타불명,승용,남,76세,경상
2022120100100073,2022년 12월 1일 07시,목요일,충청북도 제천시 장락동,중상사고,0,2,1,0,차대차 - 측면충돌,신호위반,건조,맑음,교차로 - 교차로부근,승용,여,56세,상해없음,승용,남,50세,경상
2022120100100074,2022년 12월 1일 07시,목요일,충청북도 청주시 흥덕구 향정동,경상사고,0,0,4,0,차대차 - 측면충돌,신호위반,건조,맑음,교차로 - 교차로안,승용,여,44세,상해없음,승용,남,25세,경상
2022120100100097,2022년 12월 1일 08시,목요일,충청북도 청주시 청원구 사천동,경상사고,0,0,1,0,차대차 - 측면충돌,차로위반,젖음/습기,비,단일로 - 기타,승용,남,60세,상해없음,승용,남,24세,경상
2022120100100098,2022년 12월 1일 08시,목요일,충청북도 충주시 용두동,경상사고,0,0,3,0,차대차 - 측면충돌,안전거리미확보,건조,맑음,단일로 - 기타,승용,남,61세,상해없음,승용,남,57세,경상