사고번호,사고일시,요일,시군구,사고내용,사망자수,중상자수,경상자수,부상신고자수,사고유형,법규위반,노면상태,기상상태,도로형태,가해운전자 차종,가해운전자 성별,가해운전자 연령,가해운전자 상해정도,피해운전자 차종,피해운전자 성별,피해운전자 연령,피해운전자 상해정도
2022120100100099,2022년 12월 1일 08시,목요일,충청북도 청주시 흥덕구 가경동,중상사고,0,1,0,0,차대차 - 측면충돌,교차로운행방법위반,건조,맑음,교차로 - 교차로안,승용,남,25세,상해없음,개인형이동수단(PM),남,26세,중상
2022120100100133,2022년 12월 1일 09시,목요일,충청북도 충주시 호암동,중상사고,0,1,0,0,차대차 - 측면충돌,중앙선침범,건조,맑음,교차로 - 교차로부근,승용,남,68세,상해없음,승용,여,56세,중상
2022120100100134,2022년 12월 1일 09시,목요일,충청북도 충주시 용산동,경상사고,0,0,1,0,차대차 - 측면충돌,교차로운행방법위반,건조,맑음,교차로 - 교차로안,승용,남,71세,상해없음,이륜,남,36세,경상
2022120100100161,2022년 12월 1일 10시,목요일,충청북도 충주시 달천동,중상사고,0,1,3,0,차대차 - 정면충돌,안전운전불이행,건조,맑음,교차로 - 교차로안,승용,여,45세,경상,승용,남,23세,경상
2022120100100162,2022년 12월 1일 10시,목요일,충청북도 청주시 서원구 개신동,경상사고,0,0,1,0,차대차 - 측면충돌,안전운전불이행,건조,맑음,단일로 - 기타,승용,여,62세,상해없음,승용,여,38세,상해없음
2022120100100163,2022년 12월 1일 10시,목요일,충청북도 청주시 흥덕구 오송읍,경상사고,0,0,1,0,차대사람 - 횡단중,안전운전불이행,건조,맑음,기타 - 기타,승용,여,56세,상해없음,보행자,남,25세,경상
2022120100100188,2022년 12월 1일 11시,목요일,충청북도 청주시 서원구 성화동,경상사고,0,0,1,0,차대차 - 후진중충돌,안전운전불이행,건조,맑음,기타 - 기타,승용,남,48세,상해없음,이륜,남,36세,경상
2022120100100224,2022년 12월 1일 12시,목요일,충청북도 제천시 하소동,경상사고,0,0,1,0,차대차 - 측면충돌,교차로운행방법위반,건조,맑음,교차로 - 교차로안,승용,남,61세,상해없음,특수,남,26세,경상
2022120100100254,2022년 12월 1일 13시,목요일,충청북도 청주시 서원구 수곡동,경상사고,0,0,1,0,차대차 - 측면충돌,교차로운행방법위반,건조,맑음,교차로 - 교차로안,화물,남,75세,상해없음,승용,여,57세,경상
2022120100100279,2022년 12월 1일 14시,목요일,충청북도 청주시 청원구 내덕동,경상사고,0,0,1,0,차대차 - 추돌,안전운전불이행,건조,맑음,단일로 - 기타,승용,남,77세,상해없음,승용,남,52세,경상
2022120100100307,2022년 12월 1일 15시,목요일,충청북도 청주시 서원구 개신동,중상사고,0,3,1,0,차대차 - 측면충돌,안전운전불이행,건조,맑음,단일로 - 고가도로위,승용,남,27세,상해없음,화물,남,49세,중상
2022120100100308,2022년 12월 1일 15시,목요일,충청북도 청주시 서원구 남이면,경상사고,0,0,1,0,차대차 - 측면충돌,안전운전불이행,건조,맑음,단일로 - 기타,화물,남,65세,상해없음,화물,남,49세,경상
2022120100100387,2022년 12월 1일 17시,목요일,충청북도 충주시 교현동,경상사고,0,0,1,0,차대차 - 측면충돌,교차로운행방법위반,건조,맑음,교차로 - 교차로안,승용,여,60세,상해없음,승용,남,27세,경상
2022120100100388,2022년 12월 1일 17시,목요일,충청북도 충주시 호암동,경상사고,0,0,1,0,차대차 - 추돌,안전거리미확보,건조,맑음,단일로 - 기타,승용,남,66세,상해없음,승용,남,62세,경상
2022120100100389,2022년 12월 1일 17시,목요일,충청북도 충주시 금릉동,경상사고,0,0,1,0,차대차 - 측면충돌,안전운전불이행,건조,기타,교차로 - 교차로안,승용,남,64세,상해없음,화물,남,57세,경상
2022120100100390,2022년 12월 1일 17시,목요일,충청북도 청주시 흥덕구 송정동,사망사고,1,0,0,0,차대차 - 측면충돌,교차로운행방법위반,건조,맑음,교차로 - 교차로안,승용,남,38세,기타불명,이륜,남,27세,사망
2022120100100437,2022년 12월 1일 18시,목요일,충청북도 청주시 상당구 수동,중상사고,0,1,0,0,차대사람 - 차도통행중,교차로운행방법위반,건조,맑음,교차로 - 교차로안,승용,여,60세,상해없음,보행자,여,65세,중상
2022120100100473,2022년 12월 1일 19시,목요일,충청북도 청주시 청원구 율량동,중상사고,0,1,0,0,차량단독 - 기타,안전운전불이행,건조,맑음,교차로 - 교차로안,이륜,남,38세,중상,,,,
2022120100100474,2022년 12월 1일 19시,목요일,충청북도 청주시 흥덕구 가경동,경상사고,0,0,1,0,차대사람 - 횡단중,교차로운행방법위반,건조,맑음,교차로 - 교차로안,승용,여,39세,상해없음,보행자,남,66세,경상
2022120100100517,2022년 12월 1일 21시,목요일,충청북도 청주시 흥덕구 복대동,경상사고,0,0,1,0,차대차 - 측면충돌,안전운전불이행,건조,맑음,기타 - 기타,승용,남,35세,상해없음,이륜,남,16세,경상
2022120100100540,2022년 12월 1일 22시,목요일,충청북도 제천시 청전동,경상사고,0,0,2,0,차대차 - 정면충돌,신호위반,건조,맑음,교차로 - 교차로안,이륜,남,22세,경상,승용,남,38세,경상
2022120200100075,2022년 12월 2일 07시,금요일,충청북도 청주시 흥덕구 복대동,경상사고,0,0,1,0,차대차 - 측면충돌,안전운전불이행,건조,맑음,교차로 - 교차로횡단보도내,개인형이동수단(PM),남,23세,경상,승용,남,61세,상해없음
2022120200100112,2022년 12월 2일 08시,금요일,충청북도 청주시 청원구 오창읍,경상사고,0,0,1,0,차대차 - 기타,안전운전불이행,건조,맑음,교차로 - 교차로안,승합,남,70세,상해없음,승용,남,27세,경상
2022120200100113,2022년 12월 2일 08시,금요일,충청북도 청주시 청원구 오창읍,경상사고,0,0,1,0,차대차 - 추돌,안전운전불이행,건조,맑음,교차로 - 교차로부근,승용,남,70세,상해없음,승용,남,55세,경상
2022120200100114,2022년 12월 2일 08시,금요일,충청북도 제천시 신백동,중상사고,0,1,0,0,차대차 - 측면충돌,직진우회전진행방해,건조,맑음,교차로 - 교차로안,승용,여,61세,상해없음,승용,남,42세,중상
2022120200100179,2022년 12월 2일 10시,금요일,충청북도 청주시 청원구 오창읍,경상사고,0,0,1,0,차대차 - 측면충돌,안전운전불이행,건조,맑음,교차로 - 교차로부근,화물,남,57세,상해없음,승용,남,44세,경상
2022120200100180,2022년 12월 2일 10시,금요일,충청북도 충주시 달천동,사망사고,1,0,0,0,차량단독 - 공작물충돌,안전운전불이행,건조,맑음,단일로 - 지하차도(도로)내,이륜,남,80세,상해없음,,,,
2022120200100206,2022년 12월 2일 11시,금요일,충청북도 제천시 강제동,경상사고,0,0,1,0,차대차 - 기타,안전운전불이행,건조,맑음,교차로 - 교차로안,승용,여,63세,상해없음,승용,남,29세,경상
2022120200100244,2022년 12월 2일 12시,금요일,충청북도 제천시 고암동,경상사고,0,0,1,0,차대차 - 기타,교차로운행방법위반,건조,맑음,교차로 - 교차로안,승용,남,77세,기타불명,화물,남,55세,경상
2022120200100245,2022년 12월 2일 12시,금요일,충청북도 보은군 보은읍,경상사고,0,0,1,0,차대사람 - 보도통행중,안전운전불이행,건조,맑음,단일로 - 기타,화물,남,82세,상해없음,보행자,남,64세,경상
2022120200100306,2022년 12월 2일 14시,금요일,충청북도 괴산군 괴산읍,중상사고,0,1,0,0,차대차 - 측면충돌,교차로운행방법위반,건조,맑음,교차로 - 교차로안,승용,남,76세,상해없음,화물,남,34세,중상
2022120200100340,2022년 12월 2일 15시,금요일,충청북도 청주시 청원구 오창읍,중상사고,0,2,0,0,차대차 - 측면충돌,기타,건조,맑음,단일로 - 기타,승용,여,54세,상해없음,승용,여,56세,중상
2022120200100377,2022년 12월 2일 16시,금요일,충청북도 청주시 청원구 내수읍,경상사고,0,0,1,0,차대차 - 기타,안전운전불이행,건조,맑음,단일로 - 기타,화물,남,47세,상해없음,이륜,남,18세,경상
2022120200100378,2022년 12월 2일 16시,금요일,충청북도 청주시 흥덕구 봉명동,경상사고,0,0,1,0,차대차 - 기타,안전운전불이행,건조,맑음,단일로 - 기타,승용,여,28세,상해없음,승용,남,64세,상해없음
2022120200100434,2022년 12월 2일 17시,금요일,충청북도 청주시 청원구 우암동,중상사고,0,1,0,0,차대차 - 측면충돌,안전운전불이행,건조,맑음,단일로 - 기타,승용,남,66세,상해없음,이륜,남,57세,중상
2022120200100435,2022년 12월 2일 17시,금요일,충청북도 청주시 흥덕구 복대동,경상사고,0,0,1,0,차대차 - 기타,중앙선침범,건조,맑음,단일로 - 기타,승용,남,55세,상해없음,개인형이동수단(PM),남,27세,경상
2022120200100487,2022년 12월 2일 18시,금요일,충청북도 청주시 청원구 사천동,경상사고,0,0,1,0,차대차 - 추돌,안전운전불이행,건조,맑음,단일로 - 기타,승용,남,66세,상해없음,승용,남,54세,경상
2022120200100488,2022년 12월 2일 18시,금요일,충청북도 청주시 흥덕구 봉명동,경상사고,0,0,3,0,차대차 - 기타,교차로운행방법위반,건조,맑음,교차로 - 교차로안,이륜,남,29세,경상,승용,남,37세,경상
2022120200100489,2022년 12월 2일 18시,금요일,충청북도 청주시 상당구 용암동,경상사고,0,0,2,0,차대차 - 추돌,안전거리미확보,건조,맑음,교차로 - 교차로부근,승용,여,38세,상해없음,승용,남,38세,경상
2022120200100490,2022년 12월 2일 18시,금요일,충청북도 청주시 상당구 용암동,경상사고,0,0,1,0,차대차 - 측면충돌,안전운전불이행,건조,맑음,교차로 - 교차로부근,이륜,남,42세,상해없음,승용,남,49세,경상
2022120200100551,2022년 12월 2일 19시,금요일,충청북도 충주시 동량면,경상사고,0,0,1,0,차대차 - 측면충돌,안전거리미확보,건조,맑음,단일로 - 기타,화물,남,65세,상해없음,승용,남,27세,경상
2022120200100552,2022년 12월 2일 19시,금요일,충청북도 청주시 흥덕구 옥산면,경상사고,0,0,1,0,차대사람 - 횡단중,보행자보호의무위반,건조,맑음,교차로 - 교차로횡단보도내,승용,남,44세,상해없음,보행자,여,35세,경상
2022120200100585,2022년 12월 2일 20시,금요일,충청북도 괴산군 소수면,경상사고,0,0,1,0,차대차 - 추돌,안전운전불이행,건조,맑음,교차로 - 교차로부근,승용,남,49세,상해없음,승용,남,36세,경상
2022120200100607,2022년 12월 2일 21시,금요일,충청북도 충주시 문화동,경상사고,0,0,1,0,차대차 - 측면충돌,신호위반,건조,흐림,교차로 - 교차로안,승용,여,30세,상해없음,승용,남,36세,경상
2022120200100608,2022년 12월 2일 21시,금요일,충청북도 청주시 서원구 개신동,경상사고,0,0,2,0,차대차 - 추돌,안전운전불이행,기타,기타,기타 - 기타,승용,남,20세,상해없음,승용,여,63세,경상
2022120200100621,2022년 12월 2일 22시,금요일,충청북도 청주시 흥덕구 복대동,경상사고,0,0,2,0,차대차 - 추돌,기타,건조,맑음,교차로 - 교차로부근,승용,남,28세,상해없음,승용,남,29세,경상
2022120200100622,2022년 12월 2일 22시,금요일,충청북도 청주시 상당구 용암동,경상사고,0,0,2,0,차대차 - 측면충돌,신호위반,건조,흐림,교차로 - 교차로안,승용,여,32세,상해없음,승용,남,21세,경상
2022120300100003,2022년 12월 3일 00시,토요일,충청북도 청주시 서원구 산남동,중상사고,0,1,0,0,차대사람 - 횡단중,보행자보호의무위반,건조,흐림,교차로 - 교차로부근,승용,남,63세,상해없음,보행자,남,50세,중상
2022120300100015,2022년 12월 3일 01시,토요일,충청북도 청주시 흥덕구 복대동,경상사고,0,0,2,0,차대차 - 추돌,안전운전불이행,건조,맑음,교차로 - 교차로부근,승용,남,32세,상해없음,승용,여,40세,경상
2022120300100024,2022년 12월 3일 02시,토요일,충청북도 청주시 서원구 사창동,경상사고,0,0,1,0,차대사람 - 차도통행중,신호위반,건조,맑음,단일로 - 기타,승용,남,19세,상해없음,보행자,남,24세,경상
2022120300100048,2022년 12월 3일 05시,토요일,충청북도 청주시 흥덕구 비하동,경상사고,0,0,1,0,차대차 - 측면충돌,중앙선침범,건조,맑음,교차로 - 교차로부근,승용,남,44세,상해없음,화물,남,61세,상해없음
2022120300100067,2022년 12월 3일 06시,토요일,충청북도 충주시 연수동,경상사고,0,0,1,0,차대차 - 추돌,안전운전불이행,건조,기타,교차로 - 교차로부근,승합,남,59세,상해없음,승용,남,63세,경상
2022120300100081,2022년 12월 3일 07시,토요일,충청북도 청주시 상당구 낭성면,경상사고,0,0,1,0,차대차 - 측면충돌,신호위반,건조,맑음,교차로 - 교차로안,승용,남,66세,상해없음,승용,여,57세,경상
2022120300100112,2022년 12월 3일 08시,토요일,충청북도 진천군 덕산읍,중상사고,0,1,0,0,차대차 - 측면충돌,교차로운행방법위반,건조,맑음,교차로 - 교차로안,승용,남,28세,중상,특수,남,62세,상해없음
2022120300100113,2022년 12월 3일 08시,토요일,충청북도 진천군 이월면,경상사고,0,0,2,0,차대차 - 측면충돌,안전운전불이행,서리/결빙,눈,단일로 - 교량,승용,남,47세,상해없음,승용,여,31세,경상
2022120300100114,2022년 12월 3일 08시,토요일,충청북도 진천군 이월면,경상사고,0,0,1,0,차대차 - 측면충돌,안전운전불이행,서리/결빙,맑음,단일로 - 지하차도(도로)내,화물,남,59세,상해없음,승용,남,27세,경상
2022120300100115,2022년 12월 3일 08시,토요일,충청북도 청주시 서원구 장성동,경상사고,0,0,1,0,차대차 - 추돌,안전운전불이행,건조,맑음,교차로 - 교차로부근,승용,남,59세,기타불명,승용,여,54세,경상
2022120300100129,2022년 12월 3일 09시,토요일,충청북도 청주시 청원구 오창읍,중상사고,0,2,1,0,차량단독 - 기타,안전운전불이행,서리/결빙,맑음,단일로 - 기타,승용,여,67세,경상,,,,
2022120300100130,2022년 12월 3일 09시,토요일,충청북도 청주시 상당구 영동,경상사고,0,0,3,0,차대차 - 기타,교차로운행방법위반,건조,맑음,교차로 - 교차로안,승용,여,40세,경상,승용,여,51세,경상
2022120300100131,2022년 12월 3일 09시,토요일,충청북도 진천군 덕산읍,경상사고,0,0,2,0,차대차 - 측면충돌,안전운전불이행,서리/결빙,눈,단일로 - 지하차도(도로)내,승용,남,32세,상해없음,승용,남,38세,경상
2022120300100132,2022년 12월 3일 09시,토요일,충청북도 진천군 이월면,경상사고,0,0,1,0,차대차 - 추돌,안전운전불이행,서리/결빙,눈,단일로 - 기타,승용,남,28세,상해없음,특수,남,48세,경상
2022120300100133,2022년 12월 3일 09시,토요일,충청북도 진천군 이월면,경상사고,0,0,2,0,차대차 - 측면충돌,안전거리미확보,서리/결빙,눈,단일로 - 기타,화물,남,58세,상해없음,승용,남,41세,경상
2022120300100134,2022년 12월 3일 09시,토요일,충청북도 청주시 흥덕구 오송읍,경상사고,0,0,1,0,차대차 - 추돌,안전운전불이행,젖음/습기,흐림,기타 - 기타,승용,남,38세,상해없음,승용,남,39세,경상
2022120300100135,2022년 12월 3일 09시,토요일,충청북도 청주시 흥덕구 오송읍,경상사고,0,0,1,0,차대차 - 기타,안전운전불이행,젖음/습기,비,단일로 - 기타,승용,여,25세,경상,화물,여,45세,상해없음
2022120300100154,2022년 12월 3일 10시,토요일,충청북도 괴산군 칠성면,경상사고,0,0,1,0,차량단독 - 공작물충돌,안전운전불이행,건조,맑음,단일로 - 기타,승용,남,54세,경상,,,,
2022120300100205,2022년 12월 3일 12시,토요일,충청북도 충주시 문화동,경상사고,0,0,2,0,차대차 - 측면충돌,교차로운행방법위반,건조,맑음,교차로 - 교차로안,승용,남,30세,상해없음,승용,여,22세,경상
2022120300100236,2022년 12월 3일 13시,토요일,충청북도 보은군 보은읍,중상사고,0,1,0,0,차대차 - 측면충돌,교차로운행방법위반,건조,맑음,교차로 - 교차로안,원동기,남,65세,중상,승용,여,28세,상해없음
2022120300100305,2022년 12월 3일 15시,토요일,충청북도 청주시 청원구 주중동,경상사고,0,0,2,0,차대차 - 기타,교차로운행방법위반,건조,맑음,교차로 - 교차로부근,승용,여,51세,상해없음,승용,남,43세,경상
2022120300100339,2022년 12월 3일 16시,토요일,충청북도 청주시 상당구 용암동,경상사고,0,0,3,0,차대차 - 측면충돌,신호위반,건조,맑음,교차로 - 교차로안,승용,남,59세,상해없음,승용,남,44세,경상
2022120300100415,2022년 12월 3일 18시,토요일,충청북도 충주시 대소원면,경상사고,0,0,2,0,차대차 - 추돌,안전운전불이행,건조,맑음,교차로 - 교차로부근,승용,남,43세,상해없음,승용,남,28세,경상
2022120300100455,2022년 12월 3일 19시,토요일,충청북도 진천군 덕산읍,경상사고,0,0,1,0,차대차 - 측면충돌,안전운전불이행,건조,맑음,교차로 - 교차로부근,승용,남,30세,상해없음,이륜,남,31세,경상
2022120300100456,2022년 12월 3일 19시,토요일,충청북도 청주시 흥덕구 비하동,경상사고,0,0,3,0,차대차 - 추돌,안전운전불이행,건조,맑음,교차로 - 교차로부근,이륜,남,57세,상해없음,승용,여,37세,경상
2022120300100554,2022년 12월 3일 23시,토요일,충청북도 청주시 서원구 모충동,중상사고,0,1,0,0,차대사람 - 기타,안전운전불이행,건조,기타,단일로 - 기타,승용,남,57세,상해없음,보행자,남,60세,중상
2022120300100555,2022년 12월 3일 23시,토요일,충청북도 청주시 서원구 분평동,경상사고,0,0,1,0,차대차 - 측면충돌,교차로운행방법위반,건조,흐림,교차로 - 교차로안,승용,남,26세,상해없음,승용,여,30세,경상
2022120400100049,2022년 12월 4일 06시,일요일,충청북도 괴산군 칠성면,경상사고,0,0,1,0,차대차 - 기타,중앙선침범,건조,맑음,단일로 - 기타,승용,남,25세,상해없음,화물,남,61세,경상
2022120400100114,2022년 12월 4일 11시,일요일,충청북도 청주시 상당구 용암동,경상사고,0,0,1,0,차대사람 - 횡단중,안전운전불이행,건조,맑음,교차로 - 교차로부근,이륜,남,54세,상해없음,보행자,남,11세,경상
2022120400100115,2022년 12월 4일 11시,일요일,충청북도 청주시 상당구 방서동,경상사고,0,0,2,0,차대차 - 측면충돌,안전운전불이행,건조,맑음,교차로 - 교차로안,승용,남,49세,상해없음,승용,여,61세,경상
2022120400100166,2022년 12월 4일 13시,일요일,충청북도 청주시 상당구 석교동,사망사고,1,0,2,0,차대사람 - 기타,기타,건조,맑음,교차로 - 교차로부근,승용,남,26세,경상,보행자,남,84세,사망
2022120400100245,2022년 12월 4일 16시,일요일,충청북도 제천시 신월동,중상사고,0,1,3,0,차대차 - 정면충돌,신호위반,건조,맑음,교차로 - 교차로안,승용,남,71세,경상,승용,남,48세,경상
2022120400100274,2022년 12월 4일 17시,일요일,충청북도 보은군 보은읍,경상사고,0,0,1,0,차대사람 - 횡단중,보행자보호의무위반,건조,맑음,교차로 - 교차로횡단보도내,승용,남,45세,상해없음,보행자,남,65세,경상
2022120400100275,2022년 12월 4일 17시,일요일,충청북도 진천군 덕산읍,중상사고,0,1,0,0,차량단독 - 공작물충돌,안전운전불이행,건조,맑음,교차로 - 교차로안,이륜,남,43세,중상,,,,
2022120400100276,2022년 12월 4일 17시,일요일,충청북도 청주시 상당구 금천동,경상사고,0,0,1,0,차대차 - 추돌,안전운전불이행,건조,맑음,교차로 - 교차로안,승용,남,27세,상해없음,승용,남,25세,경상
2022120400100334,2022년 12월 4일 19시,일요일,충청북도 충주시 대소원면,경상사고,0,0,1,0,차대차 - 측면충돌,안전운전불이행,건조,맑음,교차로 - 교차로부근,승용,남,19세,상해없음,이륜,남,23세,경상
2022120400100335,2022년 12월 4일 19시,일요일,충청북도 청주시 상당구 용암동,경상사고,0,0,1,0,차대차 - 측면충돌,안전운전불이행,건조,맑음,교차로 - 교차로안,승용,남,43세,상해없음,이륜,남,26세,경상
2022120400100360,2022년 12월 4일 20시,일요일,충청북도 보은군 보은읍,경상사고,0,0,1,0,차량단독 - 전도전복 - 전복,기타,건조,맑음,단일로 - 기타,승용,남,38세,경상,,,,
2022120400100361,2022년 12월 4일 20시,일요일,충청북도 청주시 흥덕구 봉명동,경상사고,0,0,1,0,차대차 - 기타,신호위반,건조,맑음,교차로 - 교차로안,승용,남,25세,상해없음,승용,남,41세,경상
2022120400100362,2022년 12월 4일 20시,일요일,충청북도 청주시 서원구 수곡동,경상사고,0,0,1,0,차대차 - 추돌,안전운전불이행,건조,맑음,교차로 - 교차로부근,승용,남,52세,상해없음,승용,남,26세,경상
2022120400100379,2022년 12월 4일 21시,일요일,충청북도 청주시 청원구 오창읍,중상사고,0,1,0,0,차대차 - 기타,안전운전불이행,건조,맑음,교차로 - 교차로부근,승합,남,54세,상해없음,이륜,남,49세,중상
2022120400100380,2022년 12월 4일 21시,일요일,충청북도 음성군 금왕읍,경상사고,0,0,3,0,차대차 - 측면충돌,신호위반,건조,맑음,교차로 - 교차로안,승용,여,37세,경상,승용,여,51세,경상
2022120500100065,2022년 12월 5일 08시,월요일,충청북도 음성군 금왕읍,경상사고,0,0,2,0,차대차 - 정면충돌,신호위반,건조,맑음,교차로 - 교차로안,이륜,남,43세,경상,승용,남,34세,경상
2022120500100066,2022년 12월 5일 08시,월요일,충청북도 음성군 대소면,중상사고,0,1,1,0,차대차 - 기타,중앙선침범,건조,맑음,단일로 - 기타,승용,여,53세,상해없음,승용,남,37세,중상
2022120500100067,2022년 12월 5일 08시,월요일,충청북도 청주시 흥덕구 강서동,경상사고,0,0,2,0,차대차 - 기타,신호위반,건조,맑음,교차로 - 교차로안,승용,남,24세,상해없음,승용,여,43세,경상
2022120500100124,2022년 12월 5일 10시,월요일,충청북도 충주시 교현동,경상사고,0,0,3,0,차대차 - 기타,교차로운행방법위반,건조,맑음,교차로 - 교차로안,승용,남,76세,상해없음,승용,여,33세,경상
2022120500100175,2022년 12월 5일 12시,월요일,충청북도 충주시 단월동,경상사고,0,0,1,0,차대차 - 측면충돌,신호위반,건조,맑음,교차로 - 교차로안,승용,남,79세,상해없음,승용,남,37세,경상
2022120500100176,2022년 12월 5일 12시,월요일,충청북도 음성군 소이면,경상사고,0,0,2,0,차대차 - 추돌,안전운전불이행,건조,맑음,교차로 - 교차로부근,승용,남,79세,경상,건설기계,남,38세,경상
2022120500100177,2022년 12월 5일 12시,월요일,충청북도 청주시 흥덕구 가경동,경상사고,0,0,1,0,차대사람 - 횡단중,신호위반,건조,맑음,교차로 - 교차로안,승용,여,60세,상해없음,보행자,여,18세,경상
2022120500100196,2022년 12월 5일 13시,월요일,충청북도 충주시 지현동,경상사고,0,0,1,0,차대차 - 정면충돌,직진우회전진행방해,건조,맑음,교차로 - 교차로안,승용,여,29세,경상,화물,남,53세,상해없음
2022120500100197,2022년 12월 5일 13시,월요일,충청북도 충주시 달천동,중상사고,0,1,2,0,차대차 - 정면충돌,중앙선침범,건조,맑음,단일로 - 기타,승용,여,21세,경상,승용,여,48세,경상
2022120500100226,2022년 12월 5일 14시,월요일,충청북도 청주시 서원구 사창동,중상사고,0,1,0,0,차대사람 - 기타,안전운전불이행,건조,맑음,기타 - 기타,기타불명,기타불명,미분류,기타불명,보행자,여,26세,중상
2022120500100227,2022년 12월 5일 14시,월요일,충청북도 충주시 호암동,경상사고,0,0,1,0,차대차 - 측면충돌,중앙선침범,건조,맑음,단일로 - 기타,승용,여,62세,상해없음,승용,여,60세,경상
2022120500100228,2022년 12월 5일 14시,월요일,충청북도 음성군 음성읍,중상사고,0,1,0,0,차대차 - 측면충돌,중앙선침범,젖음/습기,맑음,교차로 - 교차로부근,승용,남,70세,상해없음,이륜,남,71세,중상
2022120500100229,2022년 12월 5일 14시,월요일,충청북도 음성군 금왕읍,경상사고,0,0,1,0,차대차 - 측면충돌,안전운전불이행,건조,맑음,단일로 - 기타,화물,남,23세,상해없음,화물,남,58세,경상
2022120500100271,2022년 12월 5일 15시,월요일,충청북도 제천시 백운면,경상사고,0,0,1,0,차대사람 - 횡단중,안전운전불이행,건조,맑음,교차로 - 교차로부근,승용,남,27세,상해없음,보행자,남,63세,경상
2022120500100273,2022년 12월 5일 15시,월요일,충청북도 옥천군 옥천읍,중상사고,0,1,0,0,차대사람 - 횡단중,신호위반,건조,흐림,교차로 - 교차로횡단보도내,화물,남,66세,상해없음,보행자,여,53세,중상
2022120500100336,2022년 12월 5일 17시,월요일,충청북도 청주시 흥덕구 가경동,경상사고,0,0,1,0,차대차 - 추돌,안전거리미확보,건조,맑음,교차로 - 교차로부근,승용,남,71세,상해없음,승용,여,67세,경상
2022120500100433,2022년 12월 5일 19시,월요일,충청북도 진천군 초평면,중상사고,0,2,3,0,차대차 - 추돌,안전운전불이행,건조,맑음,교차로 - 교차로안,승용,남,31세,상해없음,승용,여,28세,경상
2022120600100005,2022년 12월 6일 01시,화요일,충청북도 청주시 청원구 내수읍,경상사고,0,0,1,0,차대차 - 기타,기타,건조,맑음,단일로 - 기타,승용,여,30세,상해없음,승용,남,30세,경상
2022120600100041,2022년 12월 6일 06시,화요일,충청북도 청주시 상당구 석교동,중상사고,0,1,0,0,차대사람 - 횡단중,안전운전불이행,건조,맑음,단일로 - 지하차도(도로)내,승용,남,54세,상해없음,보행자,여,85세,중상
2022120600100109,2022년 12월 6일 08시,화요일,충청북도 청주시 청원구 오창읍,경상사고,0,0,1,0,차대차 - 추돌,안전거리미확보,젖음/습기,눈,단일로 - 기타,승용,여,35세,상해없음,화물,남,77세,경상
2022120600100110,2022년 12월 6일 08시,화요일,충청북도 청주시 청원구 오창읍,중상사고,0,1,0,0,차대차 - 추돌,안전운전불이행,서리/결빙,눈,기타 - 기타,승용,남,44세,상해없음,승용,여,51세,중상
2022120600100111,2022년 12월 6일 08시,화요일,충청북도 진천군 문백면,중상사고,0,1,0,0,차대차 - 측면충돌,안전운전불이행,서리/결빙,눈,단일로 - 기타,승용,남,62세,기타불명,승용,남,48세,중상
2022120600100173,2022년 12월 6일 09시,화요일,충청북도 청주시 청원구 오창읍,경상사고,0,0,1,0,차대차 - 기타,안전거리미확보,건조,맑음,교차로 - 교차로부근,승용,여,42세,상해없음,승용,여,46세,경상
2022120600100174,2022년 12월 6일 09시,화요일,충청북도 청주시 흥덕구 운천동,경상사고,0,0,1,0,차대차 - 측면충돌,교차로운행방법위반,적설,눈,교차로 - 교차로안,승용,남,37세,기타불명,화물,남,37세,경상
2022120600100175,2022년 12월 6일 09시,화요일,충청북도 청주시 서원구 분평동,경상사고,0,0,1,0,차대차 - 추돌,안전운전불이행,서리/결빙,맑음,단일로 - 기타,승용,여,38세,상해없음,승용,여,44세,경상
2022120600100213,2022년 12월 6일 10시,화요일,충청북도 제천시 청전동,경상사고,0,0,1,0,차대차 - 측면충돌,직진우회전진행방해,적설,눈,교차로 - 교차로안,승용,남,47세,상해없음,이륜,여,67세,경상
2022120600100300,2022년 12월 6일 13시,화요일,충청북도 청주시 청원구 북이면,경상사고,0,0,1,0,차대차 - 기타,안전거리미확보,젖음/습기,흐림,단일로 - 기타,승용,남,38세,상해없음,승용,남,61세,경상
2022120600100360,2022년 12월 6일 15시,화요일,충청북도 청주시 서원구 남이면,경상사고,0,0,2,0,차대차 - 추돌,안전거리미확보,건조,흐림,교차로 - 교차로부근,승용,여,58세,상해없음,승용,남,37세,경상
2022120600100447,2022년 12월 6일 17시,화요일,충청북도 충주시 금릉동,경상사고,0,0,1,0,차대차 - 추돌,안전운전불이행,건조,흐림,단일로 - 기타,승용,남,33세,상해없음,승용,여,29세,경상
2022120600100448,2022년 12월 6일 17시,화요일,충청북도 보은군 보은읍,경상사고,0,0,1,0,차량단독 - 전도전복 - 전도,안전운전불이행,젖음/습기,흐림,단일로 - 기타,이륜,남,80세,경상,,,,