사고번호,사고일시,요일,시군구,사고내용,사망자수,중상자수,경상자수,부상신고자수,사고유형,법규위반,노면상태,기상상태,도로형태,가해운전자 차종,가해운전자 성별,가해운전자 연령,가해운전자 상해정도,피해운전자 차종,피해운전자 성별,피해운전자 연령,피해운전자 상해정도
2022120600100449,2022년 12월 6일 17시,화요일,충청북도 청주시 서원구 수곡동,경상사고,0,0,1,0,차대차 - 기타,교차로운행방법위반,건조,맑음,교차로 - 교차로안,승용,남,58세,상해없음,이륜,남,26세,경상
2022120600100496,2022년 12월 6일 18시,화요일,충청북도 제천시 영천동,중상사고,0,1,2,0,차대차 - 정면충돌,직진우회전진행방해,젖음/습기,흐림,교차로 - 교차로안,승용,남,43세,상해없음,승용,남,36세,중상
2022120600100497,2022년 12월 6일 18시,화요일,충청북도 청주시 서원구 분평동,경상사고,0,0,1,0,차대차 - 기타,안전운전불이행,건조,맑음,교차로 - 교차로부근,승합,남,21세,상해없음,승용,남,53세,경상
2022120600100543,2022년 12월 6일 19시,화요일,충청북도 청주시 흥덕구 가경동,경상사고,0,0,1,0,차대차 - 추돌,안전거리미확보,건조,맑음,교차로 - 교차로부근,승용,여,34세,기타불명,이륜,남,46세,상해없음
2022120600100577,2022년 12월 6일 20시,화요일,충청북도 청주시 상당구 용암동,중상사고,0,1,0,0,차대차 - 정면충돌,신호위반,건조,맑음,교차로 - 교차로안,개인형이동수단(PM),남,24세,중상,화물,남,39세,상해없음
2022120600100602,2022년 12월 6일 21시,화요일,충청북도 청주시 청원구 오창읍,경상사고,0,0,1,0,차대차 - 추돌,안전거리미확보,젖음/습기,맑음,교차로 - 교차로부근,승용,남,51세,상해없음,승용,남,48세,경상
2022120600100626,2022년 12월 6일 22시,화요일,충청북도 청주시 흥덕구 가경동,중상사고,0,1,0,0,차대사람 - 기타,안전운전불이행,건조,맑음,기타 - 기타,승용,남,73세,상해없음,보행자,여,36세,중상
2022120700100002,2022년 12월 7일 00시,수요일,충청북도 청주시 흥덕구 봉명동,경상사고,0,0,1,0,차대사람 - 횡단중,안전운전불이행,건조,맑음,기타 - 기타,이륜,남,36세,상해없음,보행자,남,31세,경상
2022120700100045,2022년 12월 7일 06시,수요일,충청북도 제천시 영천동,경상사고,0,0,1,0,차대차 - 기타,직진우회전진행방해,적설,눈,교차로 - 교차로안,화물,남,53세,상해없음,승용,남,44세,경상
2022120700100102,2022년 12월 7일 08시,수요일,충청북도 증평군 증평읍,부상신고사고,0,0,0,1,차대차 - 기타,신호위반,건조,맑음,교차로 - 교차로안,화물,남,59세,상해없음,승용,여,46세,부상신고
2022120700100103,2022년 12월 7일 08시,수요일,충청북도 청주시 상당구 영운동,경상사고,0,0,1,0,차대사람 - 기타,기타,건조,맑음,단일로 - 기타,승합,남,63세,상해없음,보행자,남,25세,경상
2022120700100135,2022년 12월 7일 09시,수요일,충청북도 청주시 흥덕구 석곡동,경상사고,0,0,2,0,차대차 - 추돌,안전거리미확보,건조,맑음,교차로 - 교차로안,승용,여,43세,상해없음,건설기계,남,44세,상해없음
2022120700100162,2022년 12월 7일 10시,수요일,충청북도 음성군 삼성면,경상사고,0,0,1,0,차대차 - 정면충돌,교차로운행방법위반,건조,맑음,교차로 - 교차로안,농기계,남,57세,상해없음,승용,여,30세,경상
2022120700100186,2022년 12월 7일 11시,수요일,충청북도 제천시 청전동,경상사고,0,0,1,0,차대차 - 기타,안전운전불이행,건조,맑음,교차로 - 교차로부근,승용,여,51세,상해없음,승용,여,41세,경상
2022120700100243,2022년 12월 7일 13시,수요일,충청북도 충주시 목행동,경상사고,0,0,3,0,차대차 - 추돌,안전거리미확보,건조,맑음,교차로 - 교차로부근,승용,남,84세,경상,승용,남,28세,경상
2022120700100244,2022년 12월 7일 13시,수요일,충청북도 진천군 이월면,중상사고,0,1,0,0,차대사람 - 차도통행중,안전운전불이행,건조,맑음,단일로 - 교량,건설기계,남,67세,상해없음,보행자,남,42세,중상
2022120700100275,2022년 12월 7일 14시,수요일,충청북도 청주시 청원구 율량동,경상사고,0,0,1,0,차대차 - 기타,신호위반,건조,맑음,교차로 - 교차로안,승용,여,45세,상해없음,승용,남,37세,경상
2022120700100392,2022년 12월 7일 17시,수요일,충청북도 충주시 봉방동,중상사고,0,1,0,0,차대차 - 측면충돌,신호위반,건조,맑음,교차로 - 교차로안,화물,남,36세,상해없음,승용,남,64세,중상
2022120700100393,2022년 12월 7일 17시,수요일,충청북도 영동군 용산면,경상사고,0,0,1,0,차대차 - 측면충돌,신호위반,건조,맑음,교차로 - 교차로안,화물,남,51세,상해없음,화물,남,56세,경상
2022120700100394,2022년 12월 7일 17시,수요일,충청북도 청주시 흥덕구 휴암동,경상사고,0,0,2,0,차대차 - 추돌,안전운전불이행,기타,기타,기타 - 기타,승용,여,29세,상해없음,승용,여,50세,경상
2022120700100395,2022년 12월 7일 17시,수요일,충청북도 청주시 흥덕구 가경동,경상사고,0,0,3,0,차대차 - 측면충돌,안전운전불이행,건조,맑음,단일로 - 기타,승용,여,32세,경상,화물,남,83세,경상
2022120700100396,2022년 12월 7일 17시,수요일,충청북도 청주시 상당구 용암동,경상사고,0,0,2,0,차대차 - 측면충돌,안전운전불이행,건조,맑음,교차로 - 교차로안,이륜,남,25세,경상,승용,여,55세,경상
2022120700100515,2022년 12월 7일 19시,수요일,충청북도 충주시 연수동,경상사고,0,0,1,0,차대차 - 추돌,안전운전불이행,건조,맑음,단일로 - 기타,승용,남,47세,상해없음,승용,여,49세,경상
2022120700100557,2022년 12월 7일 20시,수요일,충청북도 진천군 진천읍,경상사고,0,0,1,0,차대사람 - 횡단중,보행자보호의무위반,건조,맑음,교차로 - 교차로안,승용,여,47세,상해없음,보행자,남,17세,경상
2022120700100579,2022년 12월 7일 21시,수요일,충청북도 음성군 대소면,부상신고사고,0,0,0,1,차대차 - 측면충돌,교차로운행방법위반,건조,맑음,교차로 - 교차로안,승용,여,54세,부상신고,승용,남,25세,상해없음
2022120700100602,2022년 12월 7일 22시,수요일,충청북도 제천시 봉양읍,경상사고,0,0,1,0,차대차 - 기타,안전운전불이행,건조,맑음,단일로 - 터널,승용,남,19세,상해없음,승용,여,49세,경상
2022120700100603,2022년 12월 7일 22시,수요일,충청북도 청주시 흥덕구 송절동,경상사고,0,0,1,0,차대차 - 측면충돌,직진우회전진행방해,건조,맑음,교차로 - 교차로안,승용,여,28세,기타불명,승용,여,50세,경상
2022120800100034,2022년 12월 8일 03시,목요일,충청북도 청주시 흥덕구 송절동,중상사고,0,1,0,0,차대차 - 측면충돌,신호위반,건조,맑음,교차로 - 교차로안,화물,남,59세,상해없음,승용,남,45세,중상
2022120800100069,2022년 12월 8일 06시,목요일,충청북도 청주시 흥덕구 송정동,경상사고,0,0,1,0,차대차 - 측면충돌,교차로운행방법위반,건조,맑음,교차로 - 교차로안,승용,여,27세,상해없음,승용,남,26세,경상
2022120800100088,2022년 12월 8일 07시,목요일,충청북도 청주시 흥덕구 강서동,부상신고사고,0,0,0,2,차대차 - 측면충돌,교차로운행방법위반,건조,맑음,교차로 - 교차로안,승용,남,34세,부상신고,승용,여,49세,부상신고
2022120800100123,2022년 12월 8일 08시,목요일,충청북도 청주시 청원구 오창읍,중상사고,0,1,0,0,차대사람 - 기타,안전운전불이행,건조,맑음,단일로 - 기타,승용,남,26세,상해없음,보행자,여,48세,중상
2022120800100124,2022년 12월 8일 08시,목요일,충청북도 청주시 서원구 성화동,경상사고,0,0,2,0,차대차 - 측면충돌,안전운전불이행,건조,맑음,단일로 - 기타,승용,여,28세,상해없음,승용,여,49세,경상
2022120800100244,2022년 12월 8일 11시,목요일,충청북도 증평군 증평읍,중상사고,0,1,0,0,차대차 - 기타,안전운전불이행,건조,맑음,단일로 - 기타,승용,남,67세,상해없음,이륜,남,79세,중상
2022120800100305,2022년 12월 8일 13시,목요일,충청북도 충주시 문화동,중상사고,0,1,0,0,차대차 - 정면충돌,안전운전불이행,건조,맑음,교차로 - 교차로안,이륜,남,67세,중상,화물,남,64세,상해없음
2022120800100306,2022년 12월 8일 13시,목요일,충청북도 청주시 상당구 용암동,중상사고,0,1,0,0,차대차 - 정면충돌,안전운전불이행,건조,맑음,단일로 - 지하차도(도로)내,승용,여,32세,상해없음,이륜,남,17세,중상
2022120800100335,2022년 12월 8일 14시,목요일,충청북도 청주시 청원구 오동동,경상사고,0,0,2,0,차대차 - 측면충돌,안전거리미확보,건조,맑음,단일로 - 기타,승용,여,53세,상해없음,승용,남,29세,경상
2022120800100337,2022년 12월 8일 14시,목요일,충청북도 청주시 상당구 남일면,경상사고,0,0,2,0,차대차 - 추돌,안전운전불이행,건조,맑음,교차로 - 교차로부근,승용,남,59세,경상,승용,여,29세,경상
2022120800100377,2022년 12월 8일 15시,목요일,충청북도 제천시 청전동,경상사고,0,0,1,0,차대차 - 기타,불법유턴,건조,맑음,단일로 - 기타,화물,남,62세,상해없음,화물,남,55세,경상
2022120800100378,2022년 12월 8일 15시,목요일,충청북도 보은군 보은읍,경상사고,0,0,1,0,차대사람 - 차도통행중,안전운전불이행,건조,맑음,단일로 - 기타,승용,남,66세,상해없음,보행자,여,35세,경상
2022120800100380,2022년 12월 8일 15시,목요일,충청북도 청주시 서원구 모충동,경상사고,0,0,3,0,차대차 - 기타,교차로운행방법위반,건조,맑음,교차로 - 교차로부근,승용,남,76세,상해없음,승용,남,39세,경상
2022120800100440,2022년 12월 8일 17시,목요일,충청북도 괴산군 괴산읍,중상사고,0,1,0,0,차대차 - 정면충돌,중앙선침범,건조,맑음,교차로 - 교차로부근,승용,남,75세,상해없음,승용,여,54세,중상
2022120800100502,2022년 12월 8일 18시,목요일,충청북도 청주시 청원구 내수읍,경상사고,0,0,1,0,차대차 - 정면충돌,교차로운행방법위반,건조,맑음,교차로 - 교차로안,승용,여,56세,상해없음,승용,남,54세,경상
2022120800100503,2022년 12월 8일 18시,목요일,충청북도 충주시 달천동,중상사고,0,1,0,0,차대차 - 추돌,안전운전불이행,건조,맑음,단일로 - 교량,승용,남,46세,상해없음,승용,남,26세,중상
2022120800100504,2022년 12월 8일 18시,목요일,충청북도 제천시 장락동,경상사고,0,0,1,0,차대사람 - 차도통행중,안전운전불이행,건조,맑음,단일로 - 기타,승용,남,46세,상해없음,보행자,남,11세,경상
2022120800100558,2022년 12월 8일 19시,목요일,충청북도 청주시 청원구 오창읍,경상사고,0,0,1,0,차대차 - 기타,안전운전불이행,건조,맑음,기타 - 기타,승용,남,39세,상해없음,승용,여,46세,경상
2022120800100600,2022년 12월 8일 20시,목요일,충청북도 청주시 서원구 남이면,경상사고,0,0,2,0,차대차 - 측면충돌,안전거리미확보,건조,맑음,교차로 - 교차로안,화물,남,54세,경상,승용,여,30세,경상
2022120900100083,2022년 12월 9일 08시,금요일,충청북도 청주시 흥덕구 강서동,경상사고,0,0,1,0,차대차 - 추돌,안전운전불이행,기타,기타,교차로 - 교차로안,화물,남,27세,상해없음,승용,남,37세,경상
2022120900100143,2022년 12월 9일 10시,금요일,충청북도 청주시 서원구 산남동,경상사고,0,0,1,0,차대차 - 추돌,안전운전불이행,건조,맑음,단일로 - 터널,승합,남,40세,상해없음,승용,여,60세,경상
2022120900100229,2022년 12월 9일 13시,금요일,충청북도 청주시 서원구 사창동,경상사고,0,0,1,0,차대차 - 기타,안전거리미확보,건조,맑음,단일로 - 기타,승용,남,26세,상해없음,승용,여,32세,상해없음
2022120900100230,2022년 12월 9일 13시,금요일,충청북도 청주시 흥덕구 운천동,경상사고,0,0,1,0,차대차 - 기타,신호위반,건조,맑음,교차로 - 교차로안,승용,남,72세,상해없음,승용,남,35세,경상
2022120900100231,2022년 12월 9일 13시,금요일,충청북도 청주시 흥덕구 가경동,경상사고,0,0,1,0,차대차 - 기타,신호위반,건조,맑음,교차로 - 교차로부근,화물,남,50세,상해없음,승용,남,34세,경상
2022120900100232,2022년 12월 9일 13시,금요일,충청북도 청주시 서원구 수곡동,경상사고,0,0,1,0,차대차 - 기타,안전운전불이행,건조,맑음,단일로 - 기타,화물,남,71세,상해없음,이륜,남,30세,경상
2022120900100286,2022년 12월 9일 15시,금요일,충청북도 음성군 생극면,중상사고,0,1,0,0,차량단독 - 공작물충돌,안전운전불이행,건조,맑음,교차로 - 교차로안,이륜,남,62세,중상,,,,
2022120900100365,2022년 12월 9일 17시,금요일,충청북도 제천시 중앙로2가,부상신고사고,0,0,0,1,차대차 - 측면충돌,안전운전불이행,건조,맑음,단일로 - 기타,승용,남,67세,부상신고,화물,남,76세,상해없음
2022120900100366,2022년 12월 9일 17시,금요일,충청북도 증평군 증평읍,경상사고,0,0,1,0,차대차 - 측면충돌,안전운전불이행,건조,맑음,단일로 - 기타,승용,남,24세,상해없음,자전거,남,12세,경상
2022120900100367,2022년 12월 9일 17시,금요일,충청북도 청주시 상당구 남문로1가,경상사고,0,0,1,0,차대사람 - 기타,안전운전불이행,건조,맑음,단일로 - 기타,승용,남,37세,상해없음,보행자,남,57세,경상
2022120900100427,2022년 12월 9일 18시,금요일,충청북도 제천시 교동,경상사고,0,0,1,0,차대차 - 추돌,직진우회전진행방해,건조,맑음,교차로 - 교차로안,승용,남,29세,상해없음,이륜,남,19세,경상
2022120900100428,2022년 12월 9일 18시,금요일,충청북도 청주시 흥덕구 송정동,경상사고,0,0,1,0,차대차 - 측면충돌,안전운전불이행,건조,맑음,교차로 - 교차로부근,승용,남,27세,기타불명,승용,여,48세,경상
2022120900100429,2022년 12월 9일 18시,금요일,충청북도 청주시 흥덕구 송절동,경상사고,0,0,1,0,차대차 - 측면충돌,안전운전불이행,건조,맑음,교차로 - 교차로안,화물,남,56세,상해없음,승용,남,27세,경상
2022120900100430,2022년 12월 9일 18시,금요일,충청북도 청주시 상당구 용정동,경상사고,0,0,1,0,차대차 - 측면충돌,교차로운행방법위반,건조,맑음,교차로 - 교차로안,승용,남,67세,상해없음,이륜,남,34세,경상
2022120900100500,2022년 12월 9일 19시,금요일,충청북도 진천군 이월면,경상사고,0,0,5,0,차대차 - 추돌,안전운전불이행,건조,맑음,단일로 - 기타,승용,남,38세,기타불명,승용,여,40세,경상
2022120900100560,2022년 12월 9일 21시,금요일,충청북도 충주시 봉방동,중상사고,0,1,0,0,차대차 - 추돌,안전운전불이행,건조,맑음,단일로 - 기타,이륜,남,19세,상해없음,승용,여,29세,중상
2022120900100561,2022년 12월 9일 21시,금요일,충청북도 음성군 대소면,경상사고,0,0,1,0,차대차 - 추돌,안전운전불이행,건조,맑음,교차로 - 교차로부근,승용,남,29세,상해없음,승용,여,53세,경상
2022120900100562,2022년 12월 9일 21시,금요일,충청북도 청주시 흥덕구 가경동,경상사고,0,0,1,0,차대차 - 기타,안전운전불이행,건조,맑음,단일로 - 기타,승용,여,37세,상해없음,이륜,남,38세,경상
2022120900100563,2022년 12월 9일 21시,금요일,충청북도 청주시 흥덕구 봉명동,경상사고,0,0,3,0,차대차 - 추돌,안전운전불이행,건조,맑음,기타 - 기타,승용,남,34세,상해없음,승용,남,43세,경상
2022120900100564,2022년 12월 9일 21시,금요일,충청북도 청주시 흥덕구 봉명동,경상사고,0,0,1,0,차대차 - 추돌,안전운전불이행,건조,맑음,교차로 - 교차로부근,승용,남,27세,상해없음,승용,여,42세,경상
2022121000100081,2022년 12월 10일 06시,토요일,충청북도 청주시 흥덕구 봉명동,경상사고,0,0,2,0,차대차 - 기타,안전운전불이행,건조,맑음,단일로 - 기타,승용,남,26세,경상,승용,남,62세,경상
2022121000100221,2022년 12월 10일 12시,토요일,충청북도 청주시 청원구 오창읍,경상사고,0,0,1,0,차대차 - 기타,교차로운행방법위반,건조,맑음,교차로 - 교차로안,승용,여,63세,상해없음,특수,남,46세,경상
2022121000100257,2022년 12월 10일 13시,토요일,충청북도 청주시 흥덕구 복대동,경상사고,0,0,1,0,차대차 - 측면충돌,중앙선침범,건조,흐림,교차로 - 교차로부근,승용,여,43세,기타불명,승용,남,35세,경상
2022121000100258,2022년 12월 10일 13시,토요일,충청북도 청주시 흥덕구 오송읍,경상사고,0,0,1,0,차대차 - 측면충돌,안전운전불이행,건조,맑음,기타 - 기타,승용,남,33세,상해없음,승용,남,33세,경상
2022121000100289,2022년 12월 10일 14시,토요일,충청북도 진천군 진천읍,경상사고,0,0,1,0,차대차 - 기타,안전운전불이행,건조,맑음,단일로 - 지하차도(도로)내,승용,여,45세,상해없음,이륜,남,49세,경상
2022121000100312,2022년 12월 10일 15시,토요일,충청북도 청주시 흥덕구 강서동,경상사고,0,0,1,0,차대차 - 측면충돌,안전운전불이행,건조,맑음,교차로 - 교차로안,승용,남,66세,상해없음,승용,남,26세,경상
2022121000100328,2022년 12월 10일 16시,토요일,충청북도 청주시 서원구 개신동,경상사고,0,0,1,0,차대차 - 기타,불법유턴,건조,맑음,단일로 - 기타,화물,남,50세,상해없음,승용,남,59세,상해없음
2022121000100329,2022년 12월 10일 16시,토요일,충청북도 청주시 흥덕구 복대동,경상사고,0,0,1,0,차대차 - 측면충돌,안전운전불이행,건조,맑음,단일로 - 기타,승용,남,25세,상해없음,승용,여,29세,경상
2022121000100365,2022년 12월 10일 17시,토요일,충청북도 청주시 청원구 율량동,경상사고,0,0,1,0,차대차 - 기타,안전운전불이행,건조,맑음,단일로 - 기타,승용,남,66세,기타불명,승용,남,31세,경상
2022121000100366,2022년 12월 10일 17시,토요일,충청북도 제천시 신백동,중상사고,0,1,0,0,차대사람 - 횡단중,보행자보호의무위반,건조,맑음,교차로 - 교차로횡단보도내,승용,여,66세,상해없음,보행자,남,66세,중상
2022121000100367,2022년 12월 10일 17시,토요일,충청북도 청주시 흥덕구 봉명동,경상사고,0,0,1,0,차대차 - 측면충돌,안전운전불이행,건조,맑음,교차로 - 교차로안,승합,남,68세,상해없음,승용,남,30세,경상
2022121000100412,2022년 12월 10일 18시,토요일,충청북도 청주시 서원구 분평동,경상사고,0,0,1,0,차대사람 - 보도통행중,안전운전불이행,건조,맑음,단일로 - 기타,자전거,남,27세,상해없음,보행자,남,53세,경상
2022121000100447,2022년 12월 10일 19시,토요일,충청북도 제천시 하소동,경상사고,0,0,2,0,차대차 - 측면충돌,안전운전불이행,건조,맑음,교차로 - 교차로안,승용,남,27세,상해없음,승용,남,21세,경상
2022121000100472,2022년 12월 10일 20시,토요일,충청북도 음성군 맹동면,경상사고,0,0,1,0,차대차 - 기타,안전거리미확보,건조,맑음,단일로 - 기타,승용,남,61세,상해없음,이륜,남,23세,경상
2022121000100473,2022년 12월 10일 20시,토요일,충청북도 청주시 흥덕구 가경동,부상신고사고,0,0,0,1,차대사람 - 기타,안전운전불이행,건조,맑음,교차로 - 교차로횡단보도내,원동기,남,16세,상해없음,보행자,남,49세,부상신고
2022121000100512,2022년 12월 10일 22시,토요일,충청북도 충주시 교현동,중상사고,0,1,0,0,차량단독 - 전도전복 - 전도,안전운전불이행,건조,맑음,교차로 - 교차로부근,개인형이동수단(PM),남,22세,중상,,,,
2022121000100537,2022년 12월 10일 23시,토요일,충청북도 음성군 생극면,경상사고,0,0,1,0,차대차 - 측면충돌,신호위반,건조,맑음,교차로 - 교차로안,승용,남,41세,기타불명,승용,남,28세,경상
2022121000100538,2022년 12월 10일 23시,토요일,충청북도 청주시 흥덕구 지동동,경상사고,0,0,1,0,차대차 - 추돌,안전운전불이행,건조,맑음,교차로 - 교차로부근,승용,남,48세,기타불명,승용,여,34세,경상
2022121000100539,2022년 12월 10일 23시,토요일,충청북도 청주시 서원구 모충동,중상사고,0,1,0,0,차대차 - 측면충돌,신호위반,건조,맑음,교차로 - 교차로부근,자전거,남,15세,중상,승용,여,53세,상해없음
2022121100100054,2022년 12월 11일 06시,일요일,충청북도 청주시 흥덕구 오송읍,경상사고,0,0,2,0,차대차 - 측면충돌,신호위반,건조,맑음,교차로 - 교차로안,승용,여,58세,상해없음,승용,여,63세,경상
2022121100100061,2022년 12월 11일 07시,일요일,충청북도 제천시 신동,경상사고,0,0,8,0,차대차 - 기타,신호위반,건조,맑음,교차로 - 교차로부근,화물,남,66세,상해없음,승합,남,58세,상해없음
2022121100100095,2022년 12월 11일 10시,일요일,충청북도 청주시 청원구 오창읍,경상사고,0,0,2,0,차대차 - 측면충돌,신호위반,건조,맑음,교차로 - 교차로안,승용,남,67세,상해없음,승용,남,40세,경상
2022121100100204,2022년 12월 11일 14시,일요일,충청북도 충주시 용산동,경상사고,0,0,2,0,차대차 - 측면충돌,직진우회전진행방해,건조,맑음,교차로 - 교차로안,이륜,남,16세,경상,승합,여,44세,경상
2022121100100205,2022년 12월 11일 14시,일요일,충청북도 진천군 덕산읍,중상사고,0,1,0,0,차대차 - 정면충돌,안전운전불이행,건조,맑음,단일로 - 기타,이륜,남,47세,중상,승합,남,40세,상해없음
2022121100100206,2022년 12월 11일 14시,일요일,충청북도 청주시 흥덕구 강내면,경상사고,0,0,5,0,차대차 - 측면충돌,안전운전불이행,건조,맑음,기타 - 기타,승용,남,57세,상해없음,승용,남,35세,경상
2022121100100335,2022년 12월 11일 18시,일요일,충청북도 진천군 광혜원면,경상사고,0,0,4,0,차대차 - 추돌,안전운전불이행,건조,맑음,교차로 - 교차로부근,승용,남,30세,상해없음,승용,남,26세,경상
2022121100100375,2022년 12월 11일 19시,일요일,충청북도 충주시 봉방동,경상사고,0,0,1,0,차대차 - 측면충돌,직진우회전진행방해,건조,맑음,교차로 - 교차로안,승용,여,21세,상해없음,자전거,여,61세,경상
2022121100100417,2022년 12월 11일 21시,일요일,충청북도 음성군 맹동면,경상사고,0,0,1,0,차대차 - 추돌,교차로운행방법위반,건조,맑음,교차로 - 교차로안,승용,남,31세,상해없음,승용,여,26세,경상
2022121100100429,2022년 12월 11일 22시,일요일,충청북도 청주시 서원구 개신동,경상사고,0,0,1,0,차대차 - 기타,안전운전불이행,건조,맑음,교차로 - 교차로안,이륜,남,24세,기타불명,이륜,여,53세,경상
2022121100100430,2022년 12월 11일 22시,일요일,충청북도 청주시 흥덕구 복대동,경상사고,0,0,1,0,차대차 - 측면충돌,신호위반,건조,맑음,교차로 - 교차로안,이륜,남,56세,상해없음,이륜,남,39세,경상
2022121200100013,2022년 12월 12일 01시,월요일,충청북도 진천군 이월면,경상사고,0,0,1,0,차대차 - 추돌,안전운전불이행,건조,맑음,단일로 - 기타,승용,남,44세,상해없음,화물,남,67세,경상
2022121200100030,2022년 12월 12일 05시,월요일,충청북도 음성군 대소면,경상사고,0,0,2,0,차대차 - 추돌,안전운전불이행,건조,맑음,단일로 - 기타,승용,여,27세,상해없음,승용,기타불명,미분류,기타불명
2022121200100078,2022년 12월 12일 08시,월요일,충청북도 진천군 광혜원면,경상사고,0,0,1,0,차대차 - 측면충돌,안전운전불이행,건조,맑음,단일로 - 기타,승용,남,60세,상해없음,승용,여,31세,경상
2022121200100130,2022년 12월 12일 10시,월요일,충청북도 음성군 금왕읍,경상사고,0,0,1,0,차대차 - 측면충돌,안전운전불이행,건조,맑음,단일로 - 터널,승용,여,59세,상해없음,승용,남,49세,경상
2022121200100157,2022년 12월 12일 11시,월요일,충청북도 청주시 청원구 사천동,경상사고,0,0,1,0,차대차 - 측면충돌,안전운전불이행,건조,맑음,교차로 - 교차로부근,승용,남,35세,상해없음,승용,남,70세,경상
2022121200100158,2022년 12월 12일 11시,월요일,충청북도 청주시 흥덕구 오송읍,경상사고,0,0,2,0,차대차 - 측면충돌,안전운전불이행,건조,맑음,단일로 - 기타,화물,남,43세,상해없음,승용,여,41세,경상
2022121200100189,2022년 12월 12일 12시,월요일,충청북도 청주시 흥덕구 가경동,경상사고,0,0,2,0,차대차 - 기타,안전운전불이행,건조,맑음,기타 - 기타,승용,여,51세,경상,승용,남,32세,경상
2022121200100275,2022년 12월 12일 15시,월요일,충청북도 충주시 호암동,경상사고,0,0,2,0,차대차 - 측면충돌,안전거리미확보,건조,흐림,교차로 - 교차로부근,화물,남,51세,상해없음,승용,남,58세,경상
2022121200100310,2022년 12월 12일 16시,월요일,충청북도 청주시 청원구 우암동,경상사고,0,0,1,0,차대사람 - 기타,안전운전불이행,건조,맑음,교차로 - 교차로안,승용,여,42세,상해없음,보행자,여,7세,경상
2022121200100311,2022년 12월 12일 16시,월요일,충청북도 옥천군 옥천읍,중상사고,0,1,0,0,차대사람 - 횡단중,안전운전불이행,건조,맑음,교차로 - 교차로횡단보도내,승합,남,40세,상해없음,보행자,남,64세,중상
2022121200100358,2022년 12월 12일 17시,월요일,충청북도 청주시 상당구 방서동,경상사고,0,0,1,0,차대차 - 정면충돌,신호위반,건조,맑음,교차로 - 교차로부근,승용,남,63세,상해없음,자전거,여,76세,경상
2022121200100423,2022년 12월 12일 18시,월요일,충청북도 청주시 청원구 오창읍,경상사고,0,0,2,0,차대차 - 기타,신호위반,건조,맑음,교차로 - 교차로안,승용,남,70세,상해없음,승용,남,51세,경상
2022121200100424,2022년 12월 12일 18시,월요일,충청북도 청주시 흥덕구 수의동,경상사고,0,0,1,0,차대차 - 측면충돌,안전운전불이행,건조,맑음,교차로 - 교차로부근,승용,남,22세,상해없음,승용,남,40세,경상
2022121200100484,2022년 12월 12일 19시,월요일,충청북도 청주시 청원구 율량동,경상사고,0,0,1,0,차대사람 - 횡단중,보행자보호의무위반,건조,맑음,교차로 - 교차로횡단보도내,승용,여,51세,상해없음,보행자,여,55세,경상
2022121200100519,2022년 12월 12일 20시,월요일,충청북도 음성군 맹동면,경상사고,0,0,1,0,차량단독 - 공작물충돌,안전운전불이행,건조,맑음,단일로 - 기타,승용,남,46세,경상,,,,
2022121200100520,2022년 12월 12일 20시,월요일,충청북도 진천군 광혜원면,경상사고,0,0,1,0,차대차 - 기타,안전운전불이행,젖음/습기,비,단일로 - 기타,승용,남,62세,상해없음,승용,남,41세,경상
2022121200100521,2022년 12월 12일 20시,월요일,충청북도 청주시 흥덕구 강서동,경상사고,0,0,1,0,차대차 - 측면충돌,안전거리미확보,건조,맑음,단일로 - 기타,이륜,남,20세,경상,원동기,남,29세,상해없음
2022121200100545,2022년 12월 12일 21시,월요일,충청북도 괴산군 괴산읍,경상사고,0,0,3,0,차대차 - 추돌,안전운전불이행,건조,맑음,교차로 - 교차로부근,승용,남,60세,상해없음,승용,여,52세,경상
2022121200100546,2022년 12월 12일 21시,월요일,충청북도 청주시 흥덕구 복대동,부상신고사고,0,0,0,1,차대차 - 측면충돌,안전운전불이행,건조,맑음,단일로 - 기타,승용,남,20세,상해없음,승합,남,49세,부상신고
2022121200100547,2022년 12월 12일 21시,월요일,충청북도 청주시 상당구 용암동,중상사고,0,1,1,0,차대차 - 측면충돌,안전거리미확보,젖음/습기,비,단일로 - 기타,승용,여,40세,상해없음,승용,여,47세,경상
2022121200100569,2022년 12월 12일 22시,월요일,충청북도 청주시 서원구 남이면,경상사고,0,0,1,0,차대차 - 측면충돌,안전운전불이행,기타,기타,단일로 - 기타,승용,남,24세,상해없음,승용,여,48세,경상
2022121300100023,2022년 12월 13일 03시,화요일,충청북도 청주시 상당구 지북동,경상사고,0,0,1,0,차대차 - 측면충돌,안전운전불이행,젖음/습기,흐림,단일로 - 기타,승용,남,66세,상해없음,승용,남,46세,경상
2022121300100071,2022년 12월 13일 07시,화요일,충청북도 청주시 흥덕구 봉명동,경상사고,0,0,1,0,차대차 - 측면충돌,교차로운행방법위반,건조,흐림,교차로 - 교차로안,승용,남,65세,상해없음,화물,남,58세,경상