사고번호,사고일시,요일,시군구,사고내용,사망자수,중상자수,경상자수,부상신고자수,사고유형,법규위반,노면상태,기상상태,도로형태,가해운전자 차종,가해운전자 성별,가해운전자 연령,가해운전자 상해정도,피해운전자 차종,피해운전자 성별,피해운전자 연령,피해운전자 상해정도
2022122600100130,2022년 12월 26일 09시,월요일,충청북도 청주시 흥덕구 옥산면,경상사고,0,0,2,0,차대차 - 측면충돌,신호위반,건조,맑음,단일로 - 기타,승용,남,64세,상해없음,승용,남,72세,경상
2022122600100159,2022년 12월 26일 10시,월요일,충청북도 보은군 보은읍,경상사고,0,0,2,0,차대차 - 측면충돌,안전거리미확보,건조,맑음,교차로 - 교차로부근,화물,남,79세,경상,승용,남,74세,경상
2022122600100160,2022년 12월 26일 10시,월요일,충청북도 청주시 흥덕구 향정동,경상사고,0,0,3,0,차대차 - 후진중충돌,안전운전불이행,건조,맑음,단일로 - 기타,화물,남,60세,상해없음,승용,남,29세,상해없음
2022122600100161,2022년 12월 26일 10시,월요일,충청북도 청주시 서원구 수곡동,경상사고,0,0,3,0,차대차 - 추돌,차로위반,건조,맑음,단일로 - 지하차도(도로)내,승용,남,64세,경상,승용,남,39세,상해없음
2022122600100190,2022년 12월 26일 11시,월요일,충청북도 청주시 흥덕구 옥산면,경상사고,0,0,1,0,차대차 - 측면충돌,안전거리미확보,건조,맑음,단일로 - 기타,승용,남,56세,기타불명,승용,여,40세,경상
2022122600100219,2022년 12월 26일 12시,월요일,충청북도 충주시 교현동,중상사고,0,1,0,0,차대차 - 기타,기타,서리/결빙,맑음,교차로 - 교차로안,개인형이동수단(PM),남,23세,중상,화물,남,60세,상해없음
2022122600100248,2022년 12월 26일 13시,월요일,충청북도 청주시 상당구 용암동,중상사고,0,1,0,0,차대차 - 기타,안전운전불이행,젖음/습기,맑음,교차로 - 교차로안,이륜,남,40세,중상,승용,남,45세,상해없음
2022122600100273,2022년 12월 26일 14시,월요일,충청북도 영동군 학산면,중상사고,0,2,0,0,차대차 - 측면충돌,기타,건조,맑음,단일로 - 기타,승용,남,66세,상해없음,화물,남,74세,중상
2022122600100327,2022년 12월 26일 16시,월요일,충청북도 음성군 맹동면,경상사고,0,0,1,1,차대차 - 추돌,안전운전불이행,건조,맑음,교차로 - 교차로부근,승용,남,29세,상해없음,승용,여,26세,경상
2022122600100364,2022년 12월 26일 17시,월요일,충청북도 청주시 서원구 사창동,중상사고,0,1,0,0,차대차 - 측면충돌,안전운전불이행,서리/결빙,맑음,교차로 - 교차로부근,승용,여,39세,상해없음,이륜,남,26세,중상
2022122600100365,2022년 12월 26일 17시,월요일,충청북도 단양군 매포읍,경상사고,0,0,1,0,차대차 - 측면충돌,안전거리미확보,건조,맑음,단일로 - 기타,승용,여,58세,상해없음,승용,남,41세,경상
2022122600100366,2022년 12월 26일 17시,월요일,충청북도 진천군 덕산읍,경상사고,0,0,1,0,차대차 - 측면충돌,안전운전불이행,건조,맑음,교차로 - 교차로부근,승합,남,41세,상해없음,승용,남,46세,경상
2022122600100367,2022년 12월 26일 17시,월요일,충청북도 청주시 흥덕구 외북동,경상사고,0,0,1,0,차대차 - 기타,안전운전불이행,건조,맑음,단일로 - 기타,승용,남,65세,상해없음,승용,남,46세,경상
2022122600100444,2022년 12월 26일 19시,월요일,충청북도 청주시 서원구 분평동,경상사고,0,0,1,0,차대차 - 기타,안전운전불이행,건조,맑음,교차로 - 교차로안,승용,남,26세,상해없음,이륜,남,53세,경상
2022122600100493,2022년 12월 26일 21시,월요일,충청북도 음성군 금왕읍,사망사고,1,0,0,0,차대사람 - 차도통행중,안전운전불이행,건조,맑음,단일로 - 기타,승용,남,53세,상해없음,보행자,남,55세,사망
2022122600100494,2022년 12월 26일 21시,월요일,충청북도 음성군 금왕읍,경상사고,0,0,1,0,차량단독 - 공작물충돌,안전운전불이행,건조,맑음,단일로 - 기타,승용,남,32세,경상,,,,
2022122600100495,2022년 12월 26일 21시,월요일,충청북도 청주시 상당구 용암동,경상사고,0,0,1,0,차대차 - 기타,안전운전불이행,건조,맑음,교차로 - 교차로부근,승용,남,60세,상해없음,승용,남,61세,경상
2022122600100527,2022년 12월 26일 22시,월요일,충청북도 충주시 칠금동,경상사고,0,0,2,0,차대차 - 정면충돌,안전운전불이행,건조,맑음,단일로 - 기타,승용,남,56세,상해없음,승용,남,64세,경상
2022122600100546,2022년 12월 26일 23시,월요일,충청북도 청주시 흥덕구 오송읍,중상사고,0,1,3,0,차대차 - 추돌,안전운전불이행,기타,기타,교차로 - 교차로부근,승용,남,45세,상해없음,승용,남,67세,중상
2022122700100015,2022년 12월 27일 01시,화요일,충청북도 청주시 상당구 명암동,중상사고,0,2,1,0,차량단독 - 공작물충돌,기타,건조,맑음,단일로 - 기타,승용,남,21세,경상,,,,
2022122700100023,2022년 12월 27일 02시,화요일,충청북도 청주시 서원구 사창동,중상사고,0,1,0,0,차대사람 - 차도통행중,기타,젖음/습기,흐림,단일로 - 기타,승용,남,57세,상해없음,보행자,남,18세,중상
2022122700100072,2022년 12월 27일 07시,화요일,충청북도 청주시 청원구 오창읍,경상사고,0,0,2,0,차대차 - 추돌,안전운전불이행,건조,맑음,단일로 - 기타,승용,남,30세,경상,승용,남,40세,경상
2022122700100103,2022년 12월 27일 08시,화요일,충청북도 청주시 서원구 사창동,경상사고,0,0,1,0,차대사람 - 횡단중,보행자보호의무위반,건조,맑음,교차로 - 교차로횡단보도내,승용,여,33세,상해없음,보행자,여,11세,경상
2022122700100104,2022년 12월 27일 08시,화요일,충청북도 음성군 감곡면,부상신고사고,0,0,0,1,차대차 - 측면충돌,교차로운행방법위반,서리/결빙,흐림,교차로 - 교차로안,화물,남,59세,부상신고,승용,남,60세,상해없음
2022122700100147,2022년 12월 27일 09시,화요일,충청북도 청주시 청원구 내덕동,경상사고,0,0,1,0,차대차 - 기타,안전운전불이행,건조,맑음,단일로 - 기타,화물,남,29세,상해없음,이륜,남,17세,경상
2022122700100148,2022년 12월 27일 09시,화요일,충청북도 청주시 흥덕구 봉명동,중상사고,0,1,0,0,차대사람 - 기타,안전운전불이행,건조,맑음,교차로 - 교차로안,승용,남,31세,상해없음,보행자,여,54세,중상
2022122700100206,2022년 12월 27일 11시,화요일,충청북도 청주시 청원구 주중동,중상사고,0,1,0,0,차대차 - 기타,안전운전불이행,건조,맑음,단일로 - 기타,원동기,남,41세,중상,화물,남,63세,상해없음
2022122700100207,2022년 12월 27일 11시,화요일,충청북도 충주시 문화동,경상사고,0,0,1,0,차대차 - 측면충돌,불법유턴,건조,맑음,단일로 - 기타,이륜,남,51세,상해없음,이륜,남,28세,경상
2022122700100208,2022년 12월 27일 11시,화요일,충청북도 음성군 대소면,중상사고,0,1,0,0,차대차 - 기타,안전운전불이행,서리/결빙,흐림,단일로 - 기타,승용,남,37세,상해없음,이륜,남,30세,중상
2022122700100264,2022년 12월 27일 13시,화요일,충청북도 보은군 속리산면,중상사고,0,1,0,0,차대사람 - 길가장자리구역통행중,안전운전불이행,건조,맑음,단일로 - 기타,승용,남,67세,상해없음,보행자,여,80세,중상
2022122700100265,2022년 12월 27일 13시,화요일,충청북도 청주시 상당구 금천동,경상사고,0,0,1,0,차대사람 - 기타,안전운전불이행,건조,맑음,교차로 - 교차로횡단보도내,승용,여,30세,상해없음,보행자,여,73세,경상
2022122700100436,2022년 12월 27일 18시,화요일,충청북도 영동군 매곡면,중상사고,0,1,0,0,차대차 - 기타,안전운전불이행,서리/결빙,흐림,교차로 - 교차로부근,화물,남,58세,상해없음,승용,남,42세,기타불명
2022122700100437,2022년 12월 27일 18시,화요일,충청북도 청주시 흥덕구 가경동,경상사고,0,0,1,0,차대차 - 기타,안전운전불이행,건조,맑음,교차로 - 교차로안,승용,남,28세,상해없음,이륜,남,38세,경상
2022122700100486,2022년 12월 27일 19시,화요일,충청북도 청주시 청원구 사천동,경상사고,0,0,1,0,차대차 - 기타,안전거리미확보,건조,흐림,단일로 - 기타,승용,여,55세,상해없음,승용,남,65세,경상
2022122700100487,2022년 12월 27일 19시,화요일,충청북도 단양군 매포읍,사망사고,1,0,0,0,차대사람 - 차도통행중,안전운전불이행,건조,맑음,기타 - 기타,승용,남,28세,상해없음,보행자,남,80세,사망
2022122700100488,2022년 12월 27일 19시,화요일,충청북도 진천군 진천읍,경상사고,0,0,1,0,차대차 - 추돌,안전운전불이행,건조,맑음,단일로 - 기타,승용,남,20세,상해없음,승용,남,74세,경상
2022122700100489,2022년 12월 27일 19시,화요일,충청북도 청주시 상당구 용담동,경상사고,0,0,1,0,차대차 - 측면충돌,안전운전불이행,건조,맑음,단일로 - 기타,승용,여,55세,상해없음,승용,남,37세,경상
2022122700100515,2022년 12월 27일 20시,화요일,충청북도 청주시 청원구 오창읍,경상사고,0,0,2,0,차대차 - 기타,안전운전불이행,건조,맑음,교차로 - 교차로안,승용,여,45세,상해없음,승용,남,67세,경상
2022122700100516,2022년 12월 27일 20시,화요일,충청북도 충주시 문화동,경상사고,0,0,1,0,차대차 - 기타,신호위반,건조,맑음,교차로 - 교차로안,기타불명,기타불명,미분류,기타불명,승용,여,32세,경상
2022122700100517,2022년 12월 27일 20시,화요일,충청북도 진천군 광혜원면,경상사고,0,0,2,0,차대차 - 추돌,안전운전불이행,건조,맑음,단일로 - 지하차도(도로)내,승용,남,46세,상해없음,승용,남,47세,경상
2022122700100545,2022년 12월 27일 21시,화요일,충청북도 청주시 상당구 용암동,경상사고,0,0,2,3,차대차 - 측면충돌,신호위반,건조,맑음,교차로 - 교차로안,이륜,남,41세,부상신고,승용,남,34세,부상신고
2022122700100571,2022년 12월 27일 22시,화요일,충청북도 청주시 흥덕구 송절동,경상사고,0,0,1,0,차대차 - 추돌,안전운전불이행,건조,맑음,단일로 - 기타,승용,여,29세,상해없음,승용,남,35세,경상
2022122800100005,2022년 12월 28일 00시,수요일,충청북도 청주시 청원구 오창읍,경상사고,0,0,2,0,차대차 - 기타,안전운전불이행,건조,맑음,교차로 - 교차로부근,승용,여,54세,상해없음,화물,남,59세,경상
2022122800100006,2022년 12월 28일 00시,수요일,충청북도 보은군 마로면,사망사고,1,0,0,0,차대차 - 추돌,안전운전불이행,건조,맑음,단일로 - 기타,화물,남,48세,사망,화물,남,63세,상해없음
2022122800100064,2022년 12월 28일 07시,수요일,충청북도 청주시 청원구 사천동,경상사고,0,0,1,0,차대차 - 측면충돌,교차로운행방법위반,건조,맑음,단일로 - 기타,화물,남,42세,상해없음,승용,남,42세,경상
2022122800100065,2022년 12월 28일 07시,수요일,충청북도 청주시 흥덕구 봉명동,경상사고,0,0,1,0,차대차 - 측면충돌,안전운전불이행,적설,흐림,교차로 - 교차로안,승용,남,29세,상해없음,승용,여,29세,경상
2022122800100094,2022년 12월 28일 08시,수요일,충청북도 제천시 의림동,경상사고,0,0,1,0,차대사람 - 길가장자리구역통행중,안전운전불이행,서리/결빙,맑음,교차로 - 교차로부근,승용,여,33세,상해없음,보행자,여,73세,경상
2022122800100145,2022년 12월 28일 10시,수요일,충청북도 제천시 신백동,중상사고,0,1,0,0,차대사람 - 기타,안전운전불이행,서리/결빙,맑음,교차로 - 교차로안,승용,남,38세,상해없음,보행자,여,80세,중상
2022122800100287,2022년 12월 28일 14시,수요일,충청북도 청주시 흥덕구 서촌동,경상사고,0,0,1,0,차대차 - 추돌,안전거리미확보,젖음/습기,맑음,교차로 - 교차로부근,화물,남,33세,상해없음,승용,여,43세,경상
2022122800100395,2022년 12월 28일 17시,수요일,충청북도 청주시 청원구 우암동,경상사고,0,0,1,0,차대차 - 측면충돌,안전운전불이행,건조,맑음,교차로 - 교차로부근,화물,남,54세,상해없음,자전거,여,76세,경상
2022122800100396,2022년 12월 28일 17시,수요일,충청북도 충주시 칠금동,경상사고,0,0,1,0,차대차 - 측면충돌,교차로운행방법위반,건조,맑음,교차로 - 교차로안,승용,여,31세,상해없음,승용,여,32세,경상
2022122800100397,2022년 12월 28일 17시,수요일,충청북도 청주시 상당구 용암동,경상사고,0,0,1,0,차대차 - 측면충돌,신호위반,건조,맑음,교차로 - 교차로안,승용,남,64세,상해없음,이륜,남,39세,경상
2022122800100616,2022년 12월 28일 23시,수요일,충청북도 영동군 영동읍,경상사고,0,0,1,0,차대차 - 측면충돌,교차로운행방법위반,건조,맑음,교차로 - 교차로안,승용,여,45세,상해없음,승용,남,24세,경상
2022122900100023,2022년 12월 29일 02시,목요일,충청북도 청주시 흥덕구 오송읍,경상사고,0,0,1,0,차대차 - 추돌,안전운전불이행,건조,맑음,교차로 - 교차로부근,승용,남,30세,상해없음,승용,남,53세,경상
2022122900100090,2022년 12월 29일 08시,목요일,충청북도 청주시 청원구 내수읍,경상사고,0,0,3,0,차대차 - 추돌,안전운전불이행,서리/결빙,맑음,단일로 - 기타,승용,남,43세,상해없음,승용,남,40세,경상
2022122900100179,2022년 12월 29일 11시,목요일,충청북도 청주시 흥덕구 봉명동,부상신고사고,0,0,0,1,차량단독 - 공작물충돌,기타,건조,맑음,단일로 - 기타,승용,남,27세,부상신고,,,,
2022122900100207,2022년 12월 29일 12시,목요일,충청북도 진천군 진천읍,경상사고,0,0,1,0,차대차 - 측면충돌,안전운전불이행,건조,맑음,교차로 - 교차로안,승용,여,60세,상해없음,이륜,남,55세,경상
2022122900100234,2022년 12월 29일 13시,목요일,충청북도 괴산군 괴산읍,경상사고,0,0,1,0,차대차 - 측면충돌,직진우회전진행방해,건조,맑음,교차로 - 교차로안,자전거,남,79세,경상,승용,여,65세,상해없음
2022122900100313,2022년 12월 29일 15시,목요일,충청북도 제천시 영천동,중상사고,0,1,0,0,차대사람 - 차도통행중,안전운전불이행,건조,맑음,단일로 - 기타,승용,남,82세,상해없음,보행자,남,75세,중상
2022122900100314,2022년 12월 29일 15시,목요일,충청북도 청주시 상당구 용암동,경상사고,0,0,2,0,차대차 - 추돌,안전운전불이행,건조,맑음,교차로 - 교차로부근,승용,남,66세,상해없음,승용,여,65세,경상
2022122900100349,2022년 12월 29일 16시,목요일,충청북도 진천군 진천읍,경상사고,0,0,1,0,차대차 - 추돌,안전운전불이행,서리/결빙,맑음,기타 - 기타,승용,남,56세,상해없음,승용,여,33세,경상
2022122900100399,2022년 12월 29일 17시,목요일,충청북도 청주시 흥덕구 오송읍,경상사고,0,0,1,0,차대차 - 추돌,안전운전불이행,건조,맑음,기타 - 기타,승용,남,57세,상해없음,승용,남,37세,경상
2022122900100454,2022년 12월 29일 18시,목요일,충청북도 제천시 고암동,경상사고,0,0,1,0,차대사람 - 횡단중,안전운전불이행,젖음/습기,흐림,교차로 - 교차로횡단보도내,승용,남,59세,상해없음,보행자,여,13세,경상
2022122900100455,2022년 12월 29일 18시,목요일,충청북도 청주시 흥덕구 복대동,경상사고,0,0,1,0,차대차 - 측면충돌,안전거리미확보,건조,맑음,단일로 - 기타,승용,남,59세,상해없음,승용,여,43세,경상
2022122900100456,2022년 12월 29일 18시,목요일,충청북도 청주시 흥덕구 송정동,중상사고,0,1,0,0,차대차 - 측면충돌,중앙선침범,건조,맑음,교차로 - 교차로안,자전거,남,59세,중상,승용,남,39세,상해없음
2022122900100506,2022년 12월 29일 19시,목요일,충청북도 청주시 서원구 사창동,경상사고,0,0,5,0,차대차 - 기타,안전운전불이행,서리/결빙,맑음,단일로 - 기타,이륜,남,23세,상해없음,승용,남,32세,경상
2022122900100539,2022년 12월 29일 20시,목요일,충청북도 청주시 서원구 미평동,중상사고,0,1,0,0,차대사람 - 기타,안전운전불이행,건조,맑음,교차로 - 교차로부근,승용,남,25세,상해없음,보행자,여,59세,중상
2022122900100540,2022년 12월 29일 20시,목요일,충청북도 청주시 상당구 금천동,경상사고,0,0,2,0,차대차 - 측면충돌,안전운전불이행,건조,맑음,교차로 - 교차로안,승용,남,70세,상해없음,승합,남,50세,경상
2022122900100565,2022년 12월 29일 21시,목요일,충청북도 음성군 맹동면,경상사고,0,0,3,0,차대차 - 측면충돌,신호위반,건조,맑음,교차로 - 교차로안,자전거,남,15세,경상,자전거,남,12세,경상
2022122900100594,2022년 12월 29일 22시,목요일,충청북도 청주시 흥덕구 가경동,경상사고,0,0,3,0,차대차 - 추돌,안전운전불이행,건조,맑음,단일로 - 기타,승용,남,30세,상해없음,승용,여,28세,경상
2022122900100595,2022년 12월 29일 22시,목요일,충청북도 청주시 흥덕구 복대동,경상사고,0,0,1,0,차대사람 - 횡단중,안전운전불이행,건조,맑음,교차로 - 교차로안,승용,남,31세,상해없음,보행자,남,36세,경상
2022122900100623,2022년 12월 29일 23시,목요일,충청북도 청주시 서원구 모충동,경상사고,0,0,1,0,차대차 - 추돌,안전운전불이행,건조,맑음,단일로 - 기타,승용,남,35세,경상,승합,남,63세,상해없음
2022123000100020,2022년 12월 30일 01시,금요일,충청북도 청주시 흥덕구 복대동,경상사고,0,0,1,0,차대차 - 추돌,안전운전불이행,건조,흐림,단일로 - 기타,승용,남,32세,상해없음,승용,남,29세,경상
2022123000100021,2022년 12월 30일 01시,금요일,충청북도 청주시 상당구 문의면,경상사고,0,0,1,0,차량단독 - 공작물충돌,안전운전불이행,건조,맑음,교차로 - 교차로안,승용,남,24세,상해없음,,,,
2022123000100065,2022년 12월 30일 06시,금요일,충청북도 충주시 용산동,경상사고,0,0,1,0,차대차 - 측면충돌,교차로운행방법위반,건조,맑음,교차로 - 교차로안,화물,남,47세,상해없음,이륜,남,51세,경상
2022123000100078,2022년 12월 30일 07시,금요일,충청북도 영동군 용산면,경상사고,0,0,1,0,차대차 - 측면충돌,중앙선침범,서리/결빙,흐림,단일로 - 기타,승용,남,59세,상해없음,승용,남,54세,경상
2022123000100079,2022년 12월 30일 07시,금요일,충청북도 음성군 대소면,경상사고,0,0,2,0,차대차 - 정면충돌,안전운전불이행,서리/결빙,흐림,교차로 - 교차로부근,승용,남,49세,상해없음,승용,남,31세,경상
2022123000100121,2022년 12월 30일 09시,금요일,충청북도 청주시 상당구 수동,경상사고,0,0,2,0,차대차 - 기타,교차로운행방법위반,건조,맑음,교차로 - 교차로안,승용,남,45세,경상,승용,여,25세,경상
2022123000100141,2022년 12월 30일 10시,금요일,충청북도 제천시 의림동,경상사고,0,0,1,0,차대차 - 기타,직진우회전진행방해,건조,맑음,교차로 - 교차로안,승용,여,77세,상해없음,자전거,남,81세,경상
2022123000100174,2022년 12월 30일 11시,금요일,충청북도 청주시 흥덕구 가경동,부상신고사고,0,0,0,1,차량단독 - 공작물충돌,안전운전불이행,기타,기타,기타 - 기타,승용,남,63세,상해없음,,,,
2022123000100175,2022년 12월 30일 11시,금요일,충청북도 청주시 흥덕구 비하동,중상사고,0,1,0,0,차대사람 - 기타,안전운전불이행,건조,맑음,단일로 - 기타,승용,남,70세,상해없음,보행자,여,79세,중상
2022123000100208,2022년 12월 30일 12시,금요일,충청북도 청주시 서원구 개신동,경상사고,0,0,1,0,차대차 - 측면충돌,안전운전불이행,건조,맑음,단일로 - 기타,승용,여,73세,상해없음,승용,여,47세,경상
2022123000100209,2022년 12월 30일 12시,금요일,충청북도 괴산군 괴산읍,부상신고사고,0,0,0,2,차대차 - 추돌,안전운전불이행,서리/결빙,맑음,교차로 - 교차로부근,화물,남,51세,부상신고,승용,여,51세,부상신고
2022123000100210,2022년 12월 30일 12시,금요일,충청북도 청주시 흥덕구 복대동,경상사고,0,0,1,0,차대사람 - 횡단중,신호위반,건조,맑음,교차로 - 교차로횡단보도내,승용,여,55세,상해없음,보행자,여,30세,경상
2022123000100211,2022년 12월 30일 12시,금요일,충청북도 청주시 상당구 북문로1가,경상사고,0,0,2,0,차대차 - 측면충돌,안전운전불이행,건조,맑음,교차로 - 교차로안,승용,여,27세,상해없음,승용,여,50세,경상
2022123000100259,2022년 12월 30일 13시,금요일,충청북도 진천군 진천읍,경상사고,0,0,1,0,차대차 - 측면충돌,안전거리미확보,건조,맑음,교차로 - 교차로부근,승용,여,64세,상해없음,승용,여,42세,경상
2022123000100260,2022년 12월 30일 13시,금요일,충청북도 청주시 상당구 금천동,경상사고,0,0,1,0,차대차 - 기타,안전운전불이행,건조,맑음,단일로 - 기타,승용,남,79세,상해없음,원동기,남,32세,경상
2022123000100302,2022년 12월 30일 14시,금요일,충청북도 청주시 서원구 수곡동,경상사고,0,0,1,0,차대사람 - 횡단중,보행자보호의무위반,건조,맑음,교차로 - 교차로횡단보도내,승용,남,58세,상해없음,보행자,남,11세,경상
2022123000100341,2022년 12월 30일 15시,금요일,충청북도 청주시 청원구 율량동,경상사고,0,0,2,0,차대차 - 기타,안전거리미확보,건조,맑음,교차로 - 교차로부근,승용,남,29세,상해없음,승용,남,43세,경상
2022123000100342,2022년 12월 30일 15시,금요일,충청북도 괴산군 괴산읍,경상사고,0,0,1,0,차대차 - 정면충돌,기타,건조,맑음,단일로 - 기타,승용,남,61세,상해없음,승용,여,42세,경상
2022123000100343,2022년 12월 30일 15시,금요일,충청북도 청주시 흥덕구 상신동,중상사고,0,1,10,0,차대차 - 기타,중앙선침범,건조,맑음,단일로 - 기타,승용,남,56세,경상,승용,남,45세,경상
2022123000100380,2022년 12월 30일 16시,금요일,충청북도 청주시 상당구 탑동,중상사고,0,1,0,0,차대차 - 기타,안전운전불이행,건조,맑음,단일로 - 기타,자전거,남,14세,중상,승용,남,53세,상해없음
2022123000100451,2022년 12월 30일 17시,금요일,충청북도 충주시 앙성면,경상사고,0,0,1,0,차대차 - 정면충돌,안전운전불이행,건조,맑음,단일로 - 기타,화물,남,78세,상해없음,승용,남,76세,경상
2022123000100452,2022년 12월 30일 17시,금요일,충청북도 청주시 흥덕구 강서동,중상사고,0,1,2,0,차대차 - 추돌,안전운전불이행,건조,맑음,교차로 - 교차로안,화물,남,38세,상해없음,승용,여,40세,중상
2022123000100520,2022년 12월 30일 18시,금요일,충청북도 영동군 용산면,중상사고,0,1,0,0,차대차 - 기타,중앙선침범,건조,맑음,단일로 - 기타,승용,여,56세,상해없음,승용,남,39세,중상
2022123000100573,2022년 12월 30일 19시,금요일,충청북도 음성군 금왕읍,경상사고,0,0,1,0,차대차 - 측면충돌,안전운전불이행,건조,맑음,단일로 - 기타,이륜,남,25세,경상,승용,남,31세,상해없음
2022123000100574,2022년 12월 30일 19시,금요일,충청북도 음성군 금왕읍,경상사고,0,0,2,0,차대차 - 기타,신호위반,건조,맑음,교차로 - 교차로안,승용,남,45세,상해없음,승용,여,42세,경상
2022123000100611,2022년 12월 30일 20시,금요일,충청북도 청주시 청원구 외남동,경상사고,0,0,1,0,차대차 - 기타,안전운전불이행,건조,맑음,단일로 - 기타,승용,남,50세,상해없음,승용,여,32세,경상
2022123000100659,2022년 12월 30일 22시,금요일,충청북도 청주시 흥덕구 봉명동,경상사고,0,0,2,0,차대사람 - 기타,보행자보호의무위반,건조,맑음,교차로 - 교차로횡단보도내,승용,남,43세,상해없음,보행자,여,50세,경상
2022123100100014,2022년 12월 31일 00시,토요일,충청북도 충주시 교현동,경상사고,0,0,1,0,차대차 - 측면충돌,안전운전불이행,건조,맑음,교차로 - 교차로안,승용,남,51세,상해없음,승용,남,65세,경상
2022123100100015,2022년 12월 31일 00시,토요일,충청북도 충주시 문화동,경상사고,0,0,2,0,차대차 - 추돌,안전운전불이행,건조,맑음,교차로 - 교차로부근,이륜,남,37세,상해없음,승용,남,64세,경상
2022123100100016,2022년 12월 31일 00시,토요일,충청북도 청주시 흥덕구 봉명동,경상사고,0,0,2,0,차대차 - 측면충돌,안전운전불이행,건조,맑음,단일로 - 기타,기타불명,기타불명,미분류,기타불명,승용,남,37세,경상
2022123100100055,2022년 12월 31일 02시,토요일,충청북도 청주시 상당구 용암동,부상신고사고,0,0,0,2,차대차 - 기타,안전운전불이행,건조,맑음,단일로 - 기타,이륜,남,17세,부상신고,이륜,남,17세,부상신고
2022123100100087,2022년 12월 31일 06시,토요일,충청북도 단양군 단양읍,중상사고,0,1,0,0,차대사람 - 횡단중,보행자보호의무위반,건조,맑음,교차로 - 교차로안,승용,여,57세,상해없음,보행자,남,71세,중상
2022123100100100,2022년 12월 31일 07시,토요일,충청북도 청주시 청원구 북이면,중상사고,0,1,2,0,차대차 - 추돌,안전운전불이행,건조,흐림,교차로 - 교차로부근,화물,남,78세,중상,화물,남,49세,경상
2022123100100107,2022년 12월 31일 08시,토요일,충청북도 청주시 청원구 내수읍,경상사고,0,0,1,0,차대차 - 기타,안전운전불이행,건조,맑음,기타 - 기타,승용,남,40세,상해없음,승용,여,64세,경상
2022123100100108,2022년 12월 31일 08시,토요일,충청북도 충주시 산척면,경상사고,0,0,1,1,차대차 - 추돌,안전운전불이행,건조,맑음,교차로 - 교차로부근,승용,여,64세,부상신고,승용,남,53세,경상
2022123100100127,2022년 12월 31일 09시,토요일,충청북도 청주시 상당구 금천동,경상사고,0,0,3,0,차대차 - 측면충돌,교차로운행방법위반,건조,맑음,교차로 - 교차로안,이륜,남,54세,경상,승용,남,67세,경상
2022123100100165,2022년 12월 31일 11시,토요일,충청북도 옥천군 군북면,경상사고,0,0,1,0,차대차 - 측면충돌,안전운전불이행,건조,맑음,교차로 - 교차로안,승용,남,61세,상해없음,승합,남,50세,경상
2022123100100274,2022년 12월 31일 14시,토요일,충청북도 청주시 청원구 율량동,경상사고,0,0,5,0,차대차 - 측면충돌,신호위반,건조,맑음,교차로 - 교차로안,승용,남,81세,상해없음,승용,남,37세,경상
2022123100100297,2022년 12월 31일 15시,토요일,충청북도 청주시 서원구 사창동,경상사고,0,0,1,0,차대차 - 기타,안전운전불이행,건조,맑음,교차로 - 교차로부근,승용,남,38세,상해없음,승용,남,30세,경상
2022123100100299,2022년 12월 31일 15시,토요일,충청북도 청주시 상당구 탑동,경상사고,0,0,1,0,차대차 - 측면충돌,안전운전불이행,건조,맑음,교차로 - 교차로안,승용,여,60세,상해없음,이륜,남,45세,경상
2022123100100391,2022년 12월 31일 18시,토요일,충청북도 충주시 달천동,중상사고,0,1,0,0,차대차 - 정면충돌,안전운전불이행,건조,맑음,교차로 - 교차로안,승용,남,28세,상해없음,이륜,남,24세,중상
2022123100100392,2022년 12월 31일 18시,토요일,충청북도 충주시 용산동,중상사고,0,3,3,0,차대차 - 후진중충돌,불법유턴,건조,맑음,교차로 - 교차로안,승용,남,37세,상해없음,승용,여,58세,중상
2022123100100393,2022년 12월 31일 18시,토요일,충청북도 괴산군 청안면,중상사고,0,1,0,0,차량단독 - 공작물충돌,안전운전불이행,건조,맑음,교차로 - 교차로부근,승용,남,42세,중상,,,,
2022123100100432,2022년 12월 31일 19시,토요일,충청북도 충주시 금릉동,경상사고,0,0,1,0,차대차 - 추돌,안전운전불이행,건조,맑음,단일로 - 기타,이륜,남,19세,기타불명,승합,여,39세,상해없음
2022123100100433,2022년 12월 31일 19시,토요일,충청북도 진천군 광혜원면,경상사고,0,0,1,0,차대차 - 측면충돌,안전운전불이행,건조,맑음,교차로 - 교차로부근,화물,남,56세,기타불명,승용,여,55세,경상
2022123100100434,2022년 12월 31일 19시,토요일,충청북도 진천군 진천읍,경상사고,0,0,1,0,차대차 - 정면충돌,안전운전불이행,건조,맑음,교차로 - 교차로안,승용,여,22세,상해없음,승용,남,33세,경상
2022123100100461,2022년 12월 31일 20시,토요일,충청북도 충주시 성서동,경상사고,0,0,1,0,차대사람 - 기타,안전운전불이행,건조,맑음,단일로 - 기타,이륜,남,33세,상해없음,보행자,남,22세,경상